-- MySQL dump 10.13  Distrib 8.0.34, for Win64 (x86_64)
--
-- Host: localhost    Database: django_web_laptop
-- ------------------------------------------------------
-- Server version	8.0.34

/*!40101 SET @OLD_CHARACTER_SET_CLIENT=@@CHARACTER_SET_CLIENT */;
/*!40101 SET @OLD_CHARACTER_SET_RESULTS=@@CHARACTER_SET_RESULTS */;
/*!40101 SET @OLD_COLLATION_CONNECTION=@@COLLATION_CONNECTION */;
/*!50503 SET NAMES utf8mb4 */;
/*!40103 SET @OLD_TIME_ZONE=@@TIME_ZONE */;
/*!40103 SET TIME_ZONE='+00:00' */;
/*!40014 SET @OLD_UNIQUE_CHECKS=@@UNIQUE_CHECKS, UNIQUE_CHECKS=0 */;
/*!40014 SET @OLD_FOREIGN_KEY_CHECKS=@@FOREIGN_KEY_CHECKS, FOREIGN_KEY_CHECKS=0 */;
/*!40101 SET @OLD_SQL_MODE=@@SQL_MODE, SQL_MODE='NO_AUTO_VALUE_ON_ZERO' */;
/*!40111 SET @OLD_SQL_NOTES=@@SQL_NOTES, SQL_NOTES=0 */;

--
-- Table structure for table `age`
--

DROP TABLE IF EXISTS `age`;
/*!40101 SET @saved_cs_client     = @@character_set_client */;
/*!50503 SET character_set_client = utf8mb4 */;
CREATE TABLE `age` (
  `id` bigint NOT NULL AUTO_INCREMENT,
  `age` varchar(255) NOT NULL,
  PRIMARY KEY (`id`)
) ENGINE=InnoDB AUTO_INCREMENT=4 DEFAULT CHARSET=utf8mb4 COLLATE=utf8mb4_0900_ai_ci;
/*!40101 SET character_set_client = @saved_cs_client */;

--
-- Dumping data for table `age`
--

LOCK TABLES `age` WRITE;
/*!40000 ALTER TABLE `age` DISABLE KEYS */;
INSERT INTO `age` VALUES (1,'Mới 100%'),(2,'Cũ'),(3,'Trên Máy');
/*!40000 ALTER TABLE `age` ENABLE KEYS */;
UNLOCK TABLES;

--
-- Table structure for table `auth_group`
--

DROP TABLE IF EXISTS `auth_group`;
/*!40101 SET @saved_cs_client     = @@character_set_client */;
/*!50503 SET character_set_client = utf8mb4 */;
CREATE TABLE `auth_group` (
  `id` int NOT NULL AUTO_INCREMENT,
  `name` varchar(150) NOT NULL,
  PRIMARY KEY (`id`),
  UNIQUE KEY `name` (`name`)
) ENGINE=InnoDB DEFAULT CHARSET=utf8mb4 COLLATE=utf8mb4_0900_ai_ci;
/*!40101 SET character_set_client = @saved_cs_client */;

--
-- Dumping data for table `auth_group`
--

LOCK TABLES `auth_group` WRITE;
/*!40000 ALTER TABLE `auth_group` DISABLE KEYS */;
/*!40000 ALTER TABLE `auth_group` ENABLE KEYS */;
UNLOCK TABLES;

--
-- Table structure for table `auth_group_permissions`
--

DROP TABLE IF EXISTS `auth_group_permissions`;
/*!40101 SET @saved_cs_client     = @@character_set_client */;
/*!50503 SET character_set_client = utf8mb4 */;
CREATE TABLE `auth_group_permissions` (
  `id` bigint NOT NULL AUTO_INCREMENT,
  `group_id` int NOT NULL,
  `permission_id` int NOT NULL,
  PRIMARY KEY (`id`),
  UNIQUE KEY `auth_group_permissions_group_id_permission_id_0cd325b0_uniq` (`group_id`,`permission_id`),
  KEY `auth_group_permissio_permission_id_84c5c92e_fk_auth_perm` (`permission_id`),
  CONSTRAINT `auth_group_permissio_permission_id_84c5c92e_fk_auth_perm` FOREIGN KEY (`permission_id`) REFERENCES `auth_permission` (`id`),
  CONSTRAINT `auth_group_permissions_group_id_b120cbf9_fk_auth_group_id` FOREIGN KEY (`group_id`) REFERENCES `auth_group` (`id`)
) ENGINE=InnoDB DEFAULT CHARSET=utf8mb4 COLLATE=utf8mb4_0900_ai_ci;
/*!40101 SET character_set_client = @saved_cs_client */;

--
-- Dumping data for table `auth_group_permissions`
--

LOCK TABLES `auth_group_permissions` WRITE;
/*!40000 ALTER TABLE `auth_group_permissions` DISABLE KEYS */;
/*!40000 ALTER TABLE `auth_group_permissions` ENABLE KEYS */;
UNLOCK TABLES;

--
-- Table structure for table `auth_permission`
--

DROP TABLE IF EXISTS `auth_permission`;
/*!40101 SET @saved_cs_client     = @@character_set_client */;
/*!50503 SET character_set_client = utf8mb4 */;
CREATE TABLE `auth_permission` (
  `id` int NOT NULL AUTO_INCREMENT,
  `name` varchar(255) NOT NULL,
  `content_type_id` int NOT NULL,
  `codename` varchar(100) NOT NULL,
  PRIMARY KEY (`id`),
  UNIQUE KEY `auth_permission_content_type_id_codename_01ab375a_uniq` (`content_type_id`,`codename`),
  CONSTRAINT `auth_permission_content_type_id_2f476e4b_fk_django_co` FOREIGN KEY (`content_type_id`) REFERENCES `django_content_type` (`id`)
) ENGINE=InnoDB AUTO_INCREMENT=117 DEFAULT CHARSET=utf8mb4 COLLATE=utf8mb4_0900_ai_ci;
/*!40101 SET character_set_client = @saved_cs_client */;

--
-- Dumping data for table `auth_permission`
--

LOCK TABLES `auth_permission` WRITE;
/*!40000 ALTER TABLE `auth_permission` DISABLE KEYS */;
INSERT INTO `auth_permission` VALUES (1,'Can add log entry',1,'add_logentry'),(2,'Can change log entry',1,'change_logentry'),(3,'Can delete log entry',1,'delete_logentry'),(4,'Can view log entry',1,'view_logentry'),(5,'Can add permission',2,'add_permission'),(6,'Can change permission',2,'change_permission'),(7,'Can delete permission',2,'delete_permission'),(8,'Can view permission',2,'view_permission'),(9,'Can add group',3,'add_group'),(10,'Can change group',3,'change_group'),(11,'Can delete group',3,'delete_group'),(12,'Can view group',3,'view_group'),(13,'Can add content type',4,'add_contenttype'),(14,'Can change content type',4,'change_contenttype'),(15,'Can delete content type',4,'delete_contenttype'),(16,'Can view content type',4,'view_contenttype'),(17,'Can add session',5,'add_session'),(18,'Can change session',5,'change_session'),(19,'Can delete session',5,'delete_session'),(20,'Can view session',5,'view_session'),(21,'Can add user',6,'add_user'),(22,'Can change user',6,'change_user'),(23,'Can delete user',6,'delete_user'),(24,'Can view user',6,'view_user'),(25,'Can add brand',7,'add_brand'),(26,'Can change brand',7,'change_brand'),(27,'Can delete brand',7,'delete_brand'),(28,'Can view brand',7,'view_brand'),(29,'Can add card',8,'add_card'),(30,'Can change card',8,'change_card'),(31,'Can delete card',8,'delete_card'),(32,'Can view card',8,'view_card'),(33,'Can add category',9,'add_category'),(34,'Can change category',9,'change_category'),(35,'Can delete category',9,'delete_category'),(36,'Can view category',9,'view_category'),(37,'Can add cpu',10,'add_cpu'),(38,'Can change cpu',10,'change_cpu'),(39,'Can delete cpu',10,'delete_cpu'),(40,'Can view cpu',10,'view_cpu'),(41,'Can add discount',11,'add_discount'),(42,'Can change discount',11,'change_discount'),(43,'Can delete discount',11,'delete_discount'),(44,'Can view discount',11,'view_discount'),(45,'Can add harddrive',12,'add_harddrive'),(46,'Can change harddrive',12,'change_harddrive'),(47,'Can delete harddrive',12,'delete_harddrive'),(48,'Can view harddrive',12,'view_harddrive'),(49,'Can add loai',13,'add_loai'),(50,'Can change loai',13,'change_loai'),(51,'Can delete loai',13,'delete_loai'),(52,'Can view loai',13,'view_loai'),(53,'Can add product',14,'add_product'),(54,'Can change product',14,'change_product'),(55,'Can delete product',14,'delete_product'),(56,'Can view product',14,'view_product'),(57,'Can add role',15,'add_role'),(58,'Can change role',15,'change_role'),(59,'Can delete role',15,'delete_role'),(60,'Can view role',15,'view_role'),(61,'Can add status',16,'add_status'),(62,'Can change status',16,'change_status'),(63,'Can delete status',16,'delete_status'),(64,'Can view status',16,'view_status'),(65,'Can add thanh pho',17,'add_thanhpho'),(66,'Can change thanh pho',17,'change_thanhpho'),(67,'Can delete thanh pho',17,'delete_thanhpho'),(68,'Can view thanh pho',17,'view_thanhpho'),(69,'Can add ram',18,'add_ram'),(70,'Can change ram',18,'change_ram'),(71,'Can delete ram',18,'delete_ram'),(72,'Can view ram',18,'view_ram'),(73,'Can add quan huyen',19,'add_quanhuyen'),(74,'Can change quan huyen',19,'change_quanhuyen'),(75,'Can delete quan huyen',19,'delete_quanhuyen'),(76,'Can view quan huyen',19,'view_quanhuyen'),(77,'Can add phuong xa',20,'add_phuongxa'),(78,'Can change phuong xa',20,'change_phuongxa'),(79,'Can delete phuong xa',20,'delete_phuongxa'),(80,'Can view phuong xa',20,'view_phuongxa'),(81,'Can add order',21,'add_order'),(82,'Can change order',21,'change_order'),(83,'Can delete order',21,'delete_order'),(84,'Can view order',21,'view_order'),(85,'Can add man hinh',22,'add_manhinh'),(86,'Can change man hinh',22,'change_manhinh'),(87,'Can delete man hinh',22,'delete_manhinh'),(88,'Can view man hinh',22,'view_manhinh'),(89,'Can add laptop',23,'add_laptop'),(90,'Can change laptop',23,'change_laptop'),(91,'Can delete laptop',23,'delete_laptop'),(92,'Can view laptop',23,'view_laptop'),(93,'Can add image',24,'add_image'),(94,'Can change image',24,'change_image'),(95,'Can delete image',24,'delete_image'),(96,'Can view image',24,'view_image'),(97,'Can add feedback',25,'add_feedback'),(98,'Can change feedback',25,'change_feedback'),(99,'Can delete feedback',25,'delete_feedback'),(100,'Can view feedback',25,'view_feedback'),(101,'Can add chitietdonhang',26,'add_chitietdonhang'),(102,'Can change chitietdonhang',26,'change_chitietdonhang'),(103,'Can delete chitietdonhang',26,'delete_chitietdonhang'),(104,'Can view chitietdonhang',26,'view_chitietdonhang'),(105,'Can add age',27,'add_age'),(106,'Can change age',27,'change_age'),(107,'Can delete age',27,'delete_age'),(108,'Can view age',27,'view_age'),(109,'Can add sale',28,'add_sale'),(110,'Can change sale',28,'change_sale'),(111,'Can delete sale',28,'delete_sale'),(112,'Can view sale',28,'view_sale'),(113,'Can add detail',29,'add_detail'),(114,'Can change detail',29,'change_detail'),(115,'Can delete detail',29,'delete_detail'),(116,'Can view detail',29,'view_detail');
/*!40000 ALTER TABLE `auth_permission` ENABLE KEYS */;
UNLOCK TABLES;

--
-- Table structure for table `brand`
--

DROP TABLE IF EXISTS `brand`;
/*!40101 SET @saved_cs_client     = @@character_set_client */;
/*!50503 SET character_set_client = utf8mb4 */;
CREATE TABLE `brand` (
  `id` bigint NOT NULL AUTO_INCREMENT,
  `brand` varchar(30) NOT NULL,
  `image` varchar(255) DEFAULT NULL,
  PRIMARY KEY (`id`)
) ENGINE=InnoDB AUTO_INCREMENT=26 DEFAULT CHARSET=utf8mb4 COLLATE=utf8mb4_0900_ai_ci;
/*!40101 SET character_set_client = @saved_cs_client */;

--
-- Dumping data for table `brand`
--

LOCK TABLES `brand` WRITE;
/*!40000 ALTER TABLE `brand` DISABLE KEYS */;
INSERT INTO `brand` VALUES (1,'Asus','https://inkythuatso.com/uploads/thumbnails/800/2021/11/logo-asus-inkythuatso-2-01-26-09-21-11.jpg'),(2,'Dell','https://inkythuatso.com/uploads/images/2021/10/dell-logo-inkythuatso-4-01-30-10-17-55.jpg'),(3,'HP','https://inkythuatso.com/uploads/thumbnails/800/2021/11/logo-hp-inkythuatso-3-01-26-10-51-17.jpg'),(4,'Acer',NULL),(5,'Lenovo','https://cdn.tgdd.vn/Files/2021/06/11/1359402/lenovo_1280x720-800-resize.jpg'),(6,'LG',NULL),(7,'GIGABYTE',NULL),(8,'Samsung',NULL),(9,'Huawei',NULL),(10,'Apple',NULL),(11,'AMD','https://upload.wikimedia.org/wikipedia/commons/thumb/7/7c/AMD_Logo.svg/1200px-AMD_Logo.svg.png'),(12,'Intel','https://inkythuatso.com/uploads/images/2021/12/intel-logo-inkythuatso-2-01-02-11-05-43.jpg'),(13,'TeamGroup Elite',NULL),(14,'Kingmax',NULL),(15,'Kingston',NULL),(16,'Crucial',NULL),(17,'Patriot',NULL),(18,'Micron',NULL),(19,'ADATA',NULL),(20,'PNY',NULL),(21,'SK Hynix',NULL),(22,'WD Blue',NULL),(23,'Seagate',NULL),(25,'Viewsonic',NULL);
/*!40000 ALTER TABLE `brand` ENABLE KEYS */;
UNLOCK TABLES;

--
-- Table structure for table `card`
--

DROP TABLE IF EXISTS `card`;
/*!40101 SET @saved_cs_client     = @@character_set_client */;
/*!50503 SET character_set_client = utf8mb4 */;
CREATE TABLE `card` (
  `id` bigint NOT NULL AUTO_INCREMENT,
  `chip` varchar(30) DEFAULT NULL,
  `memory` varchar(30) DEFAULT NULL,
  `connector` varchar(30) DEFAULT NULL,
  `socketsupport` varchar(30) DEFAULT NULL,
  `psu` varchar(30) DEFAULT NULL,
  `product_id` bigint NOT NULL,
  `image_id` bigint DEFAULT NULL,
  PRIMARY KEY (`id`),
  UNIQUE KEY `Card_product_id_56a44f8b_uniq` (`product_id`),
  UNIQUE KEY `Card_image_id_4b97d7d0_uniq` (`image_id`),
  CONSTRAINT `Card_image_id_4b97d7d0_fk_Image_id` FOREIGN KEY (`image_id`) REFERENCES `image` (`id`),
  CONSTRAINT `Card_product_id_56a44f8b_fk_Product_id` FOREIGN KEY (`product_id`) REFERENCES `product` (`id`)
) ENGINE=InnoDB AUTO_INCREMENT=97 DEFAULT CHARSET=utf8mb4 COLLATE=utf8mb4_0900_ai_ci;
/*!40101 SET character_set_client = @saved_cs_client */;

--
-- Dumping data for table `card`
--

LOCK TABLES `card` WRITE;
/*!40000 ALTER TABLE `card` DISABLE KEYS */;
INSERT INTO `card` VALUES (4,'RTX 3060','8GB GDDR6','HDMI + DVI + Display Port',NULL,'650W',98,249),(5,'GTX 1650','4GB GDDR6','HDMI,DVI,Display',NULL,'300W',99,252),(6,'GT 710','1GB GDDR5','DVI+HDMI',NULL,'300W',100,255),(7,'GTX 1660 Super','6GB GDDR6 (192-bit)','HDMI + DVI + Display Port','8pin','450W',101,258),(8,'GTX 1650','4GB GDDR6 (128-bit)','HDMI + DVI + Display Port','6 pin','300W',102,261),(9,'GTX 1650','4GB GDDR6 (12000Mhz, 128-bit)','HDMI + DVI + Display Port',NULL,'300W',103,264),(65,NULL,NULL,NULL,NULL,NULL,237,NULL),(66,NULL,NULL,NULL,NULL,NULL,238,NULL),(67,NULL,NULL,NULL,NULL,NULL,239,NULL),(68,NULL,NULL,NULL,NULL,NULL,240,NULL),(69,NULL,NULL,NULL,NULL,NULL,241,NULL),(70,NULL,NULL,NULL,NULL,NULL,242,NULL),(71,NULL,NULL,NULL,NULL,NULL,243,NULL),(72,NULL,NULL,NULL,NULL,NULL,244,NULL),(73,NULL,NULL,NULL,NULL,NULL,245,NULL),(74,NULL,NULL,NULL,NULL,NULL,246,NULL),(75,NULL,NULL,NULL,NULL,NULL,247,NULL),(76,NULL,NULL,NULL,NULL,NULL,248,NULL),(77,NULL,NULL,NULL,NULL,NULL,249,NULL),(78,NULL,NULL,NULL,NULL,NULL,250,NULL),(79,NULL,NULL,NULL,NULL,NULL,251,NULL),(80,NULL,NULL,NULL,NULL,NULL,252,NULL),(81,NULL,NULL,NULL,NULL,NULL,253,NULL),(82,NULL,NULL,NULL,NULL,NULL,254,NULL),(83,NULL,NULL,NULL,NULL,NULL,255,NULL),(84,NULL,NULL,NULL,NULL,NULL,256,NULL),(85,NULL,NULL,NULL,NULL,NULL,257,NULL),(86,NULL,NULL,NULL,NULL,NULL,258,NULL),(87,NULL,NULL,NULL,NULL,NULL,259,NULL),(88,NULL,NULL,NULL,NULL,NULL,260,NULL),(89,NULL,NULL,NULL,NULL,NULL,261,NULL),(90,NULL,NULL,NULL,NULL,NULL,262,NULL),(91,NULL,NULL,NULL,NULL,NULL,263,NULL),(92,NULL,NULL,NULL,NULL,NULL,264,NULL),(93,NULL,NULL,NULL,NULL,NULL,265,NULL),(94,NULL,NULL,NULL,NULL,NULL,266,NULL),(95,NULL,NULL,NULL,NULL,NULL,301,NULL),(96,NULL,NULL,NULL,NULL,NULL,302,NULL);
/*!40000 ALTER TABLE `card` ENABLE KEYS */;
UNLOCK TABLES;

--
-- Table structure for table `category`
--

DROP TABLE IF EXISTS `category`;
/*!40101 SET @saved_cs_client     = @@character_set_client */;
/*!50503 SET character_set_client = utf8mb4 */;
CREATE TABLE `category` (
  `id` bigint NOT NULL AUTO_INCREMENT,
  `name` varchar(255) NOT NULL,
  `category_parent_id` bigint DEFAULT NULL,
  `image` varchar(255) DEFAULT NULL,
  PRIMARY KEY (`id`),
  KEY `Category_category_parent_id_c6ddccbe_fk_Category_id` (`category_parent_id`),
  CONSTRAINT `Category_category_parent_id_c6ddccbe_fk_Category_id` FOREIGN KEY (`category_parent_id`) REFERENCES `category` (`id`)
) ENGINE=InnoDB AUTO_INCREMENT=55 DEFAULT CHARSET=utf8mb4 COLLATE=utf8mb4_0900_ai_ci;
/*!40101 SET character_set_client = @saved_cs_client */;

--
-- Dumping data for table `category`
--

LOCK TABLES `category` WRITE;
/*!40000 ALTER TABLE `category` DISABLE KEYS */;
INSERT INTO `category` VALUES (6,'Laptop Mới',NULL,'https://laptop88.vn/template/giaodien_2022/images/ic_laptop.png'),(7,'Laptop Cũ',NULL,'https://laptop88.vn/template/giaodien_2022/images/ic_buy.png'),(8,'Linh Kiện PC Laptop',NULL,'https://laptop88.vn/template/giaodien_2022/images/ic_pc.png'),(9,'Máy Tính Để Bàn',NULL,'https://laptop88.vn/template/giaodien_2022/images/ic_maytinhdeban.png'),(10,'Màn Hình Máy Tính',NULL,'https://laptop88.vn/template/giaodien_2022/images/manhinhmt.png'),(11,'Bảo Hành',NULL,'https://laptop88.vn/template/giaodien_2022/images/ic_update.png'),(12,'Phụ Kiện Máy Tinh',NULL,'https://laptop88.vn/template/giaodien_2022/images/ic_tracuubaohanh.png'),(13,'Cho Thuê Laptop',NULL,'https://laptop88.vn/template/giaodien_2022/images/ic_chothuelaptop.png'),(14,'Laptop Asus',6,NULL),(15,'Laptop Dell',6,NULL),(16,'Laptop Lenovo',6,NULL),(17,'Laptop HP',6,NULL),(18,'Laptop MSI',6,NULL),(19,'Laptop Acer',6,NULL),(20,'Macbook',6,NULL),(21,'Laptop LG',6,NULL),(22,'Laptop Gigabyte',6,NULL),(23,'Laptop SamSung',6,NULL),(24,'Laptop Huawei',6,NULL),(25,'Laptop Dell Cũ',7,NULL),(26,'Laptop HP Cũ',7,NULL),(27,'Laptop Lenovo Cũ',7,NULL),(28,'Macbook Cũ',7,NULL),(29,'Laptop Asus Cũ',7,NULL),(30,'Laptop Aces Cũ',7,NULL),(31,'Laptop MSI Cũ',7,NULL),(32,'CPU AMD',8,NULL),(33,'Mainboard AMD',8,NULL),(34,'Card Đồ Họa',8,NULL),(35,'Case - Vỏ Máy Tính',8,NULL),(36,'RAM PC',8,NULL),(37,'Ổ cứng SSD',8,NULL),(38,'Mainboard Intel',8,NULL),(39,'CPU Intel',8,NULL),(40,'Ổ cứng HDD',8,NULL),(41,'PSU - Nguồn Máy Tính',8,NULL),(42,'RAM Laptop',8,NULL),(43,'Máy tính chơi game',9,NULL),(44,'Máy tính để bàn',9,NULL),(45,'Màn Hình Dell',10,NULL),(46,'Màn Hình Samsung',10,NULL),(47,'Màn Hình LG',10,NULL),(48,'Màn Hình Asus',10,NULL),(49,'Màn Hình Acer',10,NULL),(50,'Màn Hình ViewSonic',10,NULL),(51,'Màn Hình Máy Tính Cũ',10,NULL),(52,'Màn Hình AOC',10,NULL),(53,'Màn Hình MSI',10,NULL),(54,'Màn Hình Lenovo',10,NULL);
/*!40000 ALTER TABLE `category` ENABLE KEYS */;
UNLOCK TABLES;

--
-- Table structure for table `chitietdonhang`
--

DROP TABLE IF EXISTS `chitietdonhang`;
/*!40101 SET @saved_cs_client     = @@character_set_client */;
/*!50503 SET character_set_client = utf8mb4 */;
CREATE TABLE `chitietdonhang` (
  `id` bigint NOT NULL AUTO_INCREMENT,
  `soluong` int DEFAULT NULL,
  `money` int DEFAULT NULL,
  `order_id` bigint NOT NULL,
  `product_id` bigint NOT NULL,
  PRIMARY KEY (`id`),
  KEY `myapp_chitietdonhang_product_id_0d3bbbfb_fk_Product_id` (`product_id`),
  KEY `Chitietdonhang_order_id_b623f1ad` (`order_id`),
  CONSTRAINT `Chitietdonhang_order_id_b623f1ad_fk_Order_id` FOREIGN KEY (`order_id`) REFERENCES `order` (`id`),
  CONSTRAINT `myapp_chitietdonhang_product_id_0d3bbbfb_fk_Product_id` FOREIGN KEY (`product_id`) REFERENCES `product` (`id`)
) ENGINE=InnoDB AUTO_INCREMENT=170 DEFAULT CHARSET=utf8mb4 COLLATE=utf8mb4_0900_ai_ci;
/*!40101 SET character_set_client = @saved_cs_client */;

--
-- Dumping data for table `chitietdonhang`
--

LOCK TABLES `chitietdonhang` WRITE;
/*!40000 ALTER TABLE `chitietdonhang` DISABLE KEYS */;
/*!40000 ALTER TABLE `chitietdonhang` ENABLE KEYS */;
UNLOCK TABLES;

--
-- Table structure for table `cpu`
--

DROP TABLE IF EXISTS `cpu`;
/*!40101 SET @saved_cs_client     = @@character_set_client */;
/*!50503 SET character_set_client = utf8mb4 */;
CREATE TABLE `cpu` (
  `id` bigint NOT NULL AUTO_INCREMENT,
  `socket` varchar(30) DEFAULT NULL,
  `core` varchar(30) DEFAULT NULL,
  `speed` varchar(30) DEFAULT NULL,
  `cache` varchar(30) DEFAULT NULL,
  `TDP` varchar(30) DEFAULT NULL,
  `card_id` bigint DEFAULT NULL,
  `product_id` bigint NOT NULL,
  `image_id` bigint DEFAULT NULL,
  PRIMARY KEY (`id`),
  UNIQUE KEY `CPU_product_id_e0789f7d_uniq` (`product_id`),
  UNIQUE KEY `CPU_image_id_a825a7b0_uniq` (`image_id`),
  KEY `CPU_card_id_33724512_fk_Card_id` (`card_id`),
  CONSTRAINT `CPU_card_id_33724512_fk_Card_id` FOREIGN KEY (`card_id`) REFERENCES `card` (`id`),
  CONSTRAINT `CPU_image_id_a825a7b0_fk_Image_id` FOREIGN KEY (`image_id`) REFERENCES `image` (`id`),
  CONSTRAINT `CPU_product_id_e0789f7d_fk_Product_id` FOREIGN KEY (`product_id`) REFERENCES `product` (`id`)
) ENGINE=InnoDB AUTO_INCREMENT=55 DEFAULT CHARSET=utf8mb4 COLLATE=utf8mb4_0900_ai_ci;
/*!40101 SET character_set_client = @saved_cs_client */;

--
-- Dumping data for table `cpu`
--

LOCK TABLES `cpu` WRITE;
/*!40000 ALTER TABLE `cpu` DISABLE KEYS */;
INSERT INTO `cpu` VALUES (2,'AM4','6 nhân 12 luồng','4.2Ghz turbo upto 4.3Ghz','11MB Intel® Smart Cache','65W',95,88,222),(3,'AMD AM4','6 nhân 12 luồng','3.7GHz turbo upto 4.6GHz','35MB Cache','65W',NULL,89,225),(4,'FCLGA 1700 (Intel Gen 12)','4 nhân 8 luồng','3.4Ghz turbo upto 4.5Ghz','12MB Intel® Smart Cache','48W - 89W',94,90,226),(5,'FCLGA 1700','10 nhân 16 luồn','2.5Ghz turbo upto 4.6Ghz','20MB Intel® Smart Cache','65W',NULL,91,229),(6,'FCLGA 1700 (Intel Gen 12)','4 nhân 8 luồng','3.4Ghz turbo upto 4.5Ghz','12MB Intel® Smart Cache','48W - 89W',NULL,92,232),(7,'FCLGA 1700 (Intel Gen 13)','10 nhân 16 luồng','1.8 - 4.6Ghz turbo upto 4.3Ghz','20MB Intel® Smart Cache','65W - 148W',NULL,93,234),(8,'FCLGA 1200 (Intel Gen 10)','2 nhân 4 luồng','4.1 GHz turbo upto 4.3Ghz','4MB Intel® Smart Cache','58W',96,94,236),(9,'FCLGA 1200','2 nhân 2 luồng','3.4 GHz','2 MB Intel® Smart Cache','58W',96,95,239),(10,'FCLGA 1151','4 nhân 4 luồng','3.6Ghz turbo upto 4.2Ghz','6 MB Intel® Smart Cache','58W',96,96,242),(11,'FCLGA 1200 (Intel Gen 10)','6 nhân 12 luồng','2.9Ghz turbo upto 4.3Ghz','12MB Intel® Smart Cache','65W',81,97,244),(12,NULL,NULL,NULL,NULL,NULL,NULL,152,NULL),(13,NULL,NULL,NULL,NULL,NULL,NULL,155,NULL),(14,NULL,NULL,NULL,NULL,NULL,NULL,156,NULL),(15,NULL,NULL,NULL,NULL,NULL,NULL,158,NULL),(16,NULL,NULL,NULL,NULL,NULL,NULL,161,NULL),(17,NULL,NULL,NULL,NULL,NULL,NULL,173,NULL),(18,NULL,NULL,NULL,NULL,NULL,NULL,175,NULL),(19,NULL,NULL,NULL,NULL,NULL,NULL,176,NULL),(20,NULL,NULL,NULL,NULL,NULL,NULL,191,NULL),(21,NULL,NULL,NULL,NULL,NULL,NULL,192,NULL),(22,NULL,NULL,NULL,NULL,NULL,NULL,193,NULL),(23,NULL,NULL,NULL,NULL,NULL,NULL,195,NULL),(24,NULL,NULL,NULL,NULL,NULL,NULL,200,NULL),(25,NULL,NULL,NULL,NULL,NULL,NULL,151,NULL),(26,NULL,NULL,NULL,NULL,NULL,NULL,153,NULL),(27,NULL,NULL,NULL,NULL,NULL,NULL,160,NULL),(28,NULL,NULL,NULL,NULL,NULL,NULL,163,NULL),(29,NULL,NULL,NULL,NULL,NULL,NULL,164,NULL),(30,NULL,NULL,NULL,NULL,NULL,NULL,165,NULL),(31,NULL,NULL,NULL,NULL,NULL,NULL,167,NULL),(32,NULL,NULL,NULL,NULL,NULL,NULL,168,NULL),(33,NULL,NULL,NULL,NULL,NULL,NULL,169,NULL),(34,NULL,NULL,NULL,NULL,NULL,NULL,170,NULL),(35,NULL,NULL,NULL,NULL,NULL,NULL,171,NULL),(36,NULL,NULL,NULL,NULL,NULL,NULL,174,NULL),(37,NULL,NULL,NULL,NULL,NULL,NULL,177,NULL),(38,NULL,NULL,NULL,NULL,NULL,NULL,179,NULL),(39,NULL,NULL,NULL,NULL,NULL,NULL,180,NULL),(40,NULL,NULL,NULL,NULL,NULL,NULL,182,NULL),(41,NULL,NULL,NULL,NULL,NULL,NULL,183,NULL),(42,NULL,NULL,NULL,NULL,NULL,NULL,184,NULL),(43,NULL,NULL,NULL,NULL,NULL,NULL,186,NULL),(44,NULL,NULL,NULL,NULL,NULL,NULL,188,NULL),(45,NULL,NULL,NULL,NULL,NULL,NULL,194,NULL),(46,NULL,NULL,NULL,NULL,NULL,NULL,197,NULL),(47,NULL,NULL,NULL,NULL,NULL,NULL,198,NULL),(48,NULL,NULL,NULL,NULL,NULL,NULL,199,NULL),(49,NULL,NULL,NULL,NULL,NULL,NULL,202,NULL),(50,NULL,NULL,NULL,NULL,NULL,NULL,205,NULL),(51,NULL,NULL,NULL,NULL,NULL,NULL,206,NULL),(52,NULL,NULL,NULL,NULL,NULL,NULL,207,NULL),(53,NULL,NULL,NULL,NULL,NULL,NULL,208,NULL),(54,NULL,NULL,NULL,NULL,NULL,NULL,210,NULL);
/*!40000 ALTER TABLE `cpu` ENABLE KEYS */;
UNLOCK TABLES;

--
-- Table structure for table `detail`
--

DROP TABLE IF EXISTS `detail`;
/*!40101 SET @saved_cs_client     = @@character_set_client */;
/*!50503 SET character_set_client = utf8mb4 */;
CREATE TABLE `detail` (
  `id` bigint NOT NULL AUTO_INCREMENT,
  `detail` varchar(255) DEFAULT NULL,
  PRIMARY KEY (`id`)
) ENGINE=InnoDB AUTO_INCREMENT=7 DEFAULT CHARSET=utf8mb4 COLLATE=utf8mb4_0900_ai_ci;
/*!40101 SET character_set_client = @saved_cs_client */;

--
-- Dumping data for table `detail`
--

LOCK TABLES `detail` WRITE;
/*!40000 ALTER TABLE `detail` DISABLE KEYS */;
INSERT INTO `detail` VALUES (1,'cpu,ram,harddrive,card,manhinh'),(2,'size,resolution,panels,frequency,connector'),(3,'loai,standard,size,memory'),(4,'standram,capacity,speed'),(5,'socket,core,speed,cache,TDP,card'),(6,'chip,memory,connector,socketsupport,psu');
/*!40000 ALTER TABLE `detail` ENABLE KEYS */;
UNLOCK TABLES;

--
-- Table structure for table `discount`
--

DROP TABLE IF EXISTS `discount`;
/*!40101 SET @saved_cs_client     = @@character_set_client */;
/*!50503 SET character_set_client = utf8mb4 */;
CREATE TABLE `discount` (
  `id` bigint NOT NULL AUTO_INCREMENT,
  `discount` int NOT NULL,
  `date_start` datetime(6) DEFAULT NULL,
  `date_end` datetime(6) DEFAULT NULL,
  PRIMARY KEY (`id`)
) ENGINE=InnoDB AUTO_INCREMENT=25 DEFAULT CHARSET=utf8mb4 COLLATE=utf8mb4_0900_ai_ci;
/*!40101 SET character_set_client = @saved_cs_client */;

--
-- Dumping data for table `discount`
--

LOCK TABLES `discount` WRITE;
/*!40000 ALTER TABLE `discount` DISABLE KEYS */;
INSERT INTO `discount` VALUES (1,1,'2023-11-10 00:43:01.000000','2023-11-12 00:43:01.000000'),(2,2,'2023-11-10 00:43:01.000000','2023-11-12 00:43:01.000000'),(3,3,'2023-11-10 00:43:01.000000','2023-11-12 00:43:01.000000'),(4,5,'2023-11-10 00:43:01.000000','2023-11-12 00:43:01.000000'),(5,10,'2023-11-10 00:43:01.000000','2023-11-12 00:43:01.000000'),(6,15,'2023-11-10 00:43:01.000000','2023-11-12 00:43:01.000000'),(7,20,'2023-11-10 00:43:01.000000','2023-11-12 00:43:01.000000'),(8,25,'2023-11-10 00:43:01.000000','2023-11-12 00:43:01.000000'),(9,30,'2023-11-10 00:43:01.000000','2023-11-12 00:43:01.000000'),(10,35,'2023-11-10 00:43:01.000000','2023-11-12 00:43:01.000000'),(11,40,'2023-11-10 00:43:01.000000','2023-11-12 00:43:01.000000'),(12,45,'2023-11-10 00:43:01.000000','2023-11-12 00:43:01.000000'),(13,50,'2023-11-10 00:43:01.000000','2023-11-12 00:43:01.000000'),(14,55,'2023-11-10 00:43:01.000000','2023-11-12 00:43:01.000000'),(15,60,'2023-11-10 00:43:01.000000','2023-11-12 00:43:01.000000'),(16,65,'2023-11-10 00:43:01.000000','2023-11-12 00:43:01.000000'),(17,70,'2023-11-10 00:43:01.000000','2023-11-12 00:43:01.000000'),(18,75,'2023-11-10 00:43:01.000000','2023-11-12 00:43:01.000000'),(19,80,'2023-11-10 00:43:01.000000','2023-11-12 00:43:01.000000'),(20,85,'2023-11-10 00:43:01.000000','2023-11-12 00:43:01.000000'),(21,90,'2023-11-10 00:43:01.000000','2023-11-12 00:43:01.000000'),(22,95,'2023-11-10 00:43:01.000000','2023-11-12 00:43:01.000000'),(23,100,'2023-11-10 00:43:01.000000','2023-11-12 00:43:01.000000'),(24,0,'2023-11-10 00:47:42.000000','2023-11-12 00:47:42.000000');
/*!40000 ALTER TABLE `discount` ENABLE KEYS */;
UNLOCK TABLES;

--
-- Table structure for table `django_admin_log`
--

DROP TABLE IF EXISTS `django_admin_log`;
/*!40101 SET @saved_cs_client     = @@character_set_client */;
/*!50503 SET character_set_client = utf8mb4 */;
CREATE TABLE `django_admin_log` (
  `id` int NOT NULL AUTO_INCREMENT,
  `action_time` datetime(6) NOT NULL,
  `object_id` longtext,
  `object_repr` varchar(200) NOT NULL,
  `action_flag` smallint unsigned NOT NULL,
  `change_message` longtext NOT NULL,
  `content_type_id` int DEFAULT NULL,
  `user_id` bigint NOT NULL,
  PRIMARY KEY (`id`),
  KEY `django_admin_log_content_type_id_c4bce8eb_fk_django_co` (`content_type_id`),
  KEY `django_admin_log_user_id_c564eba6_fk_User_id` (`user_id`),
  CONSTRAINT `django_admin_log_content_type_id_c4bce8eb_fk_django_co` FOREIGN KEY (`content_type_id`) REFERENCES `django_content_type` (`id`),
  CONSTRAINT `django_admin_log_user_id_c564eba6_fk_User_id` FOREIGN KEY (`user_id`) REFERENCES `user` (`id`),
  CONSTRAINT `django_admin_log_chk_1` CHECK ((`action_flag` >= 0))
) ENGINE=InnoDB AUTO_INCREMENT=2247 DEFAULT CHARSET=utf8mb4 COLLATE=utf8mb4_0900_ai_ci;
/*!40101 SET character_set_client = @saved_cs_client */;

--
-- Dumping data for table `django_admin_log`
--

LOCK TABLES `django_admin_log` WRITE;
/*!40000 ALTER TABLE `django_admin_log` DISABLE KEYS */;
INSERT INTO `django_admin_log` VALUES (1,'2023-11-09 11:27:00.561000','1','Admin',1,'[{\"added\": {}}]',15,1),(2,'2023-11-09 11:27:03.563000','2','User',1,'[{\"added\": {}}]',15,1),(3,'2023-11-09 11:27:06.481000','3','Vip',1,'[{\"added\": {}}]',15,1),(4,'2023-11-09 11:30:56.531000','1','Thành phố Hà Nội',1,'[{\"added\": {}}]',17,1),(5,'2023-11-09 11:31:12.573000','2','Tỉnh Hà Giang',1,'[{\"added\": {}}]',17,1),(6,'2023-11-09 11:31:26.581000','4','Tỉnh Cao Bằng',1,'[{\"added\": {}}]',17,1),(7,'2023-11-09 11:31:52.468000','6','Tỉnh Bắc Kạn',1,'[{\"added\": {}}]',17,1),(8,'2023-11-09 11:32:11.701000','8','Tỉnh Tuyên Quang',1,'[{\"added\": {}}]',17,1),(9,'2023-11-09 11:32:25.774000','10','Tỉnh Lào Cai',1,'[{\"added\": {}}]',17,1),(10,'2023-11-09 11:32:45.065000','11','Tỉnh Điện Biên',1,'[{\"added\": {}}]',17,1),(11,'2023-11-09 11:33:01.731000','12','Tỉnh Lai Châu',1,'[{\"added\": {}}]',17,1),(12,'2023-11-09 11:33:17.363000','14','Tỉnh Sơn La',1,'[{\"added\": {}}]',17,1),(13,'2023-11-09 11:33:30.451000','15','Tỉnh Yên Bái',1,'[{\"added\": {}}]',17,1),(14,'2023-11-09 11:34:15.743000','17','Tỉnh Hoà Bình',1,'[{\"added\": {}}]',17,1),(15,'2023-11-09 11:34:29.889000','19','Tỉnh Thái Nguyên',1,'[{\"added\": {}}]',17,1),(16,'2023-11-09 11:34:45.068000','20','Tỉnh Lạng Sơn',1,'[{\"added\": {}}]',17,1),(17,'2023-11-09 11:35:10.018000','22','Tỉnh Quảng Ninh',1,'[{\"added\": {}}]',17,1),(18,'2023-11-09 11:35:43.755000','24','Tỉnh Bắc Giang',1,'[{\"added\": {}}]',17,1),(19,'2023-11-09 11:37:02.324000','25','Tỉnh Phú Thọ',1,'[{\"added\": {}}]',17,1),(20,'2023-11-09 11:37:15.122000','26','Tỉnh Vĩnh Phúc',1,'[{\"added\": {}}]',17,1),(21,'2023-11-09 11:37:45.405000','27','Tỉnh Bắc Ninh',1,'[{\"added\": {}}]',17,1),(22,'2023-11-09 11:37:58.090000','30','Tỉnh Hải Dương',1,'[{\"added\": {}}]',17,1),(23,'2023-11-09 11:38:16.173000','31','Thành phố Hải Phòng',1,'[{\"added\": {}}]',17,1),(24,'2023-11-09 11:38:28.743000','33','Tỉnh Hưng Yên',1,'[{\"added\": {}}]',17,1),(25,'2023-11-09 11:38:45.907000','34','Tỉnh Thái Bình',1,'[{\"added\": {}}]',17,1),(26,'2023-11-09 11:39:28.382000','35','Tỉnh Hà Nam',1,'[{\"added\": {}}]',17,1),(27,'2023-11-09 11:39:40.702000','36','Tỉnh Nam Định',1,'[{\"added\": {}}]',17,1),(28,'2023-11-09 11:39:54.804000','37','Tỉnh Ninh Bình',1,'[{\"added\": {}}]',17,1),(29,'2023-11-09 11:40:12.997000','38','Tỉnh Thanh Hóa',1,'[{\"added\": {}}]',17,1),(30,'2023-11-09 11:40:27.055000','40','Tỉnh Nghệ An',1,'[{\"added\": {}}]',17,1),(31,'2023-11-09 11:40:56.177000','42','Tỉnh Hà Tĩnh',1,'[{\"added\": {}}]',17,1),(32,'2023-11-09 11:41:50.231000','44','Tỉnh Quảng Bình',1,'[{\"added\": {}}]',17,1),(33,'2023-11-09 11:42:32.192000','45','Tỉnh Quảng Trị',1,'[{\"added\": {}}]',17,1),(34,'2023-11-09 11:42:48.630000','46','Tỉnh Thừa Thiên Huế',1,'[{\"added\": {}}]',17,1),(35,'2023-11-09 11:43:04.847000','48','Thành phố Đà Nẵng',1,'[{\"added\": {}}]',17,1),(36,'2023-11-09 11:43:19.665000','49','Tỉnh Quảng Nam',1,'[{\"added\": {}}]',17,1),(37,'2023-11-09 11:43:34.108000','51','Tỉnh Quảng Ngãi',1,'[{\"added\": {}}]',17,1),(38,'2023-11-09 11:43:47.108000','52','Tỉnh Bình Định',1,'[{\"added\": {}}]',17,1),(39,'2023-11-09 11:43:59.169000','54','Tỉnh Phú Yên',1,'[{\"added\": {}}]',17,1),(40,'2023-11-09 11:44:16.061000','56','Tỉnh Khánh Hòa',1,'[{\"added\": {}}]',17,1),(41,'2023-11-09 11:44:47.105000','58','Tỉnh Ninh Thuận',1,'[{\"added\": {}}]',17,1),(42,'2023-11-09 11:45:13.464000','60','Tỉnh Bình Thuận',1,'[{\"added\": {}}]',17,1),(43,'2023-11-09 11:45:35.165000','62','Tỉnh Kon Tum',1,'[{\"added\": {}}]',17,1),(44,'2023-11-09 11:46:03.876000','64','Tỉnh Gia Lai',1,'[{\"added\": {}}]',17,1),(45,'2023-11-09 11:46:20.331000','66','Tỉnh Đắk Lắk',1,'[{\"added\": {}}]',17,1),(46,'2023-11-09 11:46:37.579000','67','Tỉnh Đắk Nông',1,'[{\"added\": {}}]',17,1),(47,'2023-11-09 11:46:51.986000','68','Tỉnh Lâm Đồng',1,'[{\"added\": {}}]',17,1),(48,'2023-11-09 11:47:04.195000','70','Tỉnh Bình Phước',1,'[{\"added\": {}}]',17,1),(49,'2023-11-09 11:47:16.324000','72','Tỉnh Tây Ninh',1,'[{\"added\": {}}]',17,1),(50,'2023-11-09 11:47:31.811000','74','Tỉnh Bình Dương',1,'[{\"added\": {}}]',17,1),(51,'2023-11-09 11:48:08.302000','75','Tỉnh Đồng Nai',1,'[{\"added\": {}}]',17,1),(52,'2023-11-09 11:48:36.999000','77','Tỉnh Bà Rịa - Vũng Tàu',1,'[{\"added\": {}}]',17,1),(53,'2023-11-09 11:48:59.413000','79','Thành phố Hồ Chí Minh',1,'[{\"added\": {}}]',17,1),(54,'2023-11-09 11:49:12.161000','80','Tỉnh Long An',1,'[{\"added\": {}}]',17,1),(55,'2023-11-09 11:49:25.095000','82','Tỉnh Tiền Giang',1,'[{\"added\": {}}]',17,1),(56,'2023-11-09 11:49:37.344000','83','Tỉnh Bến Tre',1,'[{\"added\": {}}]',17,1),(57,'2023-11-09 11:50:04.159000','84','Tỉnh Trà Vinh',1,'[{\"added\": {}}]',17,1),(58,'2023-11-09 11:50:15.816000','86','Tỉnh Vĩnh Long',1,'[{\"added\": {}}]',17,1),(59,'2023-11-09 11:50:30.902000','87','Tỉnh Đồng Tháp',1,'[{\"added\": {}}]',17,1),(60,'2023-11-09 11:50:42.283000','89','Tỉnh An Giang',1,'[{\"added\": {}}]',17,1),(61,'2023-11-09 11:51:05.923000','91','Tỉnh Kiên Giang',1,'[{\"added\": {}}]',17,1),(62,'2023-11-09 11:51:24.684000','92','Thành phố Cần Thơ',1,'[{\"added\": {}}]',17,1),(63,'2023-11-09 11:52:01.785000','92','Thành phố Cần Thơ',2,'[{\"changed\": {\"fields\": [\"Loai\"]}}]',17,1),(64,'2023-11-09 11:52:50.183000','93','Tỉnh Hậu Giang',1,'[{\"added\": {}}]',17,1),(65,'2023-11-09 11:53:05.663000','94','Tỉnh Sóc Trăng',1,'[{\"added\": {}}]',17,1),(66,'2023-11-09 11:53:29.699000','95','Tỉnh Bạc Liêu',1,'[{\"added\": {}}]',17,1),(67,'2023-11-09 11:53:45.774000','96','Tỉnh Cà Mau',1,'[{\"added\": {}}]',17,1),(68,'2023-11-09 11:54:01.198000','1','Thành phố Hà Nội',2,'[]',17,1),(69,'2023-11-09 11:55:19.445000','1','Quận Ba Đình',1,'[{\"added\": {}}]',19,1),(70,'2023-11-09 11:55:37.555000','2','Quận Hoàn Kiếm',1,'[{\"added\": {}}]',19,1),(71,'2023-11-09 11:56:03.931000','3','Quận Tây Hồ',1,'[{\"added\": {}}]',19,1),(72,'2023-11-09 11:56:24.336000','4','Quận Long Biên',1,'[{\"added\": {}}]',19,1),(73,'2023-11-09 11:56:41.187000','5','Quận Cầu Giấy',1,'[{\"added\": {}}]',19,1),(74,'2023-11-09 11:56:59.695000','6','Quận Đống Đa',1,'[{\"added\": {}}]',19,1),(75,'2023-11-09 11:57:20.068000','7','Quận Hai Bà Trưng',1,'[{\"added\": {}}]',19,1),(76,'2023-11-09 11:57:36.746000','8','Quận Hoàng Mai',1,'[{\"added\": {}}]',19,1),(77,'2023-11-09 11:57:51.475000','9','Quận Thanh Xuân',1,'[{\"added\": {}}]',19,1),(78,'2023-11-09 11:58:32.972000','16','Huyện Sóc Sơn',1,'[{\"added\": {}}]',19,1),(79,'2023-11-09 11:59:15.017000','17','Huyện Đông Anh',1,'[{\"added\": {}}]',19,1),(80,'2023-11-09 11:59:30.560000','18','Huyện Gia Lâm',1,'[{\"added\": {}}]',19,1),(81,'2023-11-09 11:59:49.647000','19','Quận Nam Từ Liêm',1,'[{\"added\": {}}]',19,1),(82,'2023-11-09 12:00:14.001000','20','Huyện Thanh Trì',1,'[{\"added\": {}}]',19,1),(83,'2023-11-09 12:00:40.938000','21','Quận Bắc Từ Liêm',1,'[{\"added\": {}}]',19,1),(84,'2023-11-09 12:00:59.401000','250','Huyện Mê Linh',1,'[{\"added\": {}}]',19,1),(85,'2023-11-09 12:01:17.978000','268','Quận Hà Đông',1,'[{\"added\": {}}]',19,1),(86,'2023-11-09 12:01:36.039000','269','Thị xã Sơn Tây',1,'[{\"added\": {}}]',19,1),(87,'2023-11-09 12:01:52.743000','271','Huyện Ba Vì',1,'[{\"added\": {}}]',19,1),(88,'2023-11-09 12:02:10.147000','272','Huyện Phúc Thọ',1,'[{\"added\": {}}]',19,1),(89,'2023-11-09 12:02:27.388000','273','Huyện Đan Phượng',1,'[{\"added\": {}}]',19,1),(90,'2023-11-09 12:02:49.241000','274','Huyện Hoài Đức',1,'[{\"added\": {}}]',19,1),(91,'2023-11-09 12:03:08.207000','275','Huyện Quốc Oai',1,'[{\"added\": {}}]',19,1),(92,'2023-11-09 12:03:27.043000','276','Huyện Thạch Thất',1,'[{\"added\": {}}]',19,1),(93,'2023-11-09 12:04:12.731000','277','Huyện Chương Mỹ',1,'[{\"added\": {}}]',19,1),(94,'2023-11-09 12:04:26.874000','278','Huyện Thanh Oai',1,'[{\"added\": {}}]',19,1),(95,'2023-11-09 12:04:44.433000','279','Huyện Thường Tín',1,'[{\"added\": {}}]',19,1),(96,'2023-11-09 12:05:00.742000','280','Huyện Phú Xuyên',1,'[{\"added\": {}}]',19,1),(97,'2023-11-09 12:05:16.057000','281','Huyện Ứng Hòa',1,'[{\"added\": {}}]',19,1),(98,'2023-11-09 12:05:36.646000','282','Huyện Mỹ Đức',1,'[{\"added\": {}}]',19,1),(99,'2023-11-09 14:35:04.706000','193','Thành phố Hạ Long',1,'[{\"added\": {}}]',19,1),(100,'2023-11-09 14:36:10.266000','194','Thành phố Móng Cái',1,'[{\"added\": {}}]',19,1),(101,'2023-11-09 14:36:57.083000','195','Thành phố Cẩm Phả',1,'[{\"added\": {}}]',19,1),(102,'2023-11-09 14:37:35.114000','196','Thành phố Uông Bí',1,'[{\"added\": {}}]',19,1),(103,'2023-11-09 14:38:02.635000','198','Huyện Bình Liêu',1,'[{\"added\": {}}]',19,1),(104,'2023-11-09 14:38:26.577000','199','Huyện Tiên Yên',1,'[{\"added\": {}}]',19,1),(105,'2023-11-09 14:38:43.296000','200','Huyện Đầm Hà',1,'[{\"added\": {}}]',19,1),(106,'2023-11-09 14:38:59.912000','201','Huyện Hải Hà',1,'[{\"added\": {}}]',19,1),(107,'2023-11-09 14:39:16.344000','202','Huyện Ba Chẽ',1,'[{\"added\": {}}]',19,1),(108,'2023-11-09 14:39:32.401000','203','Huyện Vân Đồn',1,'[{\"added\": {}}]',19,1),(109,'2023-11-09 14:39:47.053000','205','Thị xã Đông Triều',1,'[{\"added\": {}}]',19,1),(110,'2023-11-09 14:40:28.414000','206','Thị xã Quảng Yên',1,'[{\"added\": {}}]',19,1),(111,'2023-11-09 14:40:46.148000','207','Huyện Cô Tô',1,'[{\"added\": {}}]',19,1),(112,'2023-11-09 14:42:28.943000','157','Phường Nghĩa Đô',1,'[{\"added\": {}}]',20,1),(113,'2023-11-09 14:43:41.934000','160','Phường Nghĩa Tân',1,'[{\"added\": {}}]',20,1),(114,'2023-11-09 14:44:04.515000','163','Phường Mai Dịch',1,'[{\"added\": {}}]',20,1),(115,'2023-11-09 14:44:29.668000','166','Phường Dịch Vọng',1,'[{\"added\": {}}]',20,1),(116,'2023-11-09 14:44:52.489000','167','Phường Dịch Vọng Hậu',1,'[{\"added\": {}}]',20,1),(117,'2023-11-09 14:45:25.202000','169','Phường Quan Hoa',1,'[{\"added\": {}}]',20,1),(118,'2023-11-09 14:45:43.781000','172','Phường Yên Hoà',1,'[{\"added\": {}}]',20,1),(119,'2023-11-09 14:46:01.279000','175','Phường Trung Hoà',1,'[{\"added\": {}}]',20,1),(120,'2023-11-09 14:48:50.744000','8973','Thị trấn Chi Đông',1,'[{\"added\": {}}]',20,1),(121,'2023-11-09 14:50:27.914000','8974','Xã Đại Thịnh',1,'[{\"added\": {}}]',20,1),(122,'2023-11-09 14:51:06.909000','8977','Xã Kim Hoa',1,'[{\"added\": {}}]',20,1),(123,'2023-11-09 14:51:28.818000','8980','Xã Thạch Đà',1,'[{\"added\": {}}]',20,1),(124,'2023-11-09 14:52:56.558000','8983','Xã Tiến Thắng',1,'[{\"added\": {}}]',20,1),(125,'2023-11-09 14:54:21.183000','8986','Xã Tự Lập',1,'[{\"added\": {}}]',20,1),(126,'2023-11-09 14:54:45.525000','8989','Thị trấn Quang Minh',1,'[{\"added\": {}}]',20,1),(127,'2023-11-09 14:55:17.611000','8992','Xã Thanh Lâm',1,'[{\"added\": {}}]',20,1),(128,'2023-11-09 14:55:48.176000','8995','Xã Tam Đồng',1,'[{\"added\": {}}]',20,1),(129,'2023-11-09 14:59:30.242000','8998','Xã Liên Mạc',1,'[{\"added\": {}}]',20,1),(130,'2023-11-09 14:59:52.349000','9001','Xã Vạn Yên',1,'[{\"added\": {}}]',20,1),(131,'2023-11-09 15:00:19.778000','9004','Xã Chu Phan',1,'[{\"added\": {}}]',20,1),(132,'2023-11-09 15:00:46.573000','9007','Xã Tiến Thịnh',1,'[{\"added\": {}}]',20,1),(133,'2023-11-09 15:01:08.459000','9010','Xã Mê Linh',1,'[{\"added\": {}}]',20,1),(134,'2023-11-09 15:01:26.232000','9013','Xã Văn Khê',1,'[{\"added\": {}}]',20,1),(135,'2023-11-09 15:01:49.528000','9016','Xã Hoàng Kim',1,'[{\"added\": {}}]',20,1),(136,'2023-11-09 15:02:08.664000','9019','Xã Tiền Phong',1,'[{\"added\": {}}]',20,1),(137,'2023-11-09 15:02:28.877000','9022','Xã Tráng Việt',1,'[{\"added\": {}}]',20,1),(138,'2023-11-09 15:05:54.464000','6760','Phường Mông Dương',1,'[{\"added\": {}}]',20,1),(139,'2023-11-09 15:06:12.521000','6763','Phường Cửa Ông',1,'[{\"added\": {}}]',20,1),(140,'2023-11-09 15:06:35.465000','6766','Phường Cẩm Sơn',1,'[{\"added\": {}}]',20,1),(141,'2023-11-09 15:06:59.845000','6769','Phường Cẩm Đông',1,'[{\"added\": {}}]',20,1),(142,'2023-11-09 15:07:46.943000','6772','Phường Cẩm Phú',1,'[{\"added\": {}}]',20,1),(143,'2023-11-09 15:08:13.099000','6775','Phường Cẩm Tây',1,'[{\"added\": {}}]',20,1),(144,'2023-11-09 15:08:30.895000','6778','Phường Quang Hanh',1,'[{\"added\": {}}]',20,1),(145,'2023-11-09 15:08:45.611000','6781','Phường Cẩm Thịnh',1,'[{\"added\": {}}]',20,1),(146,'2023-11-09 15:09:45.250000','6784','Phường Cẩm Thủy',1,'[{\"added\": {}}]',20,1),(147,'2023-11-09 15:10:03.067000','6787','Phường Cẩm Thạch',1,'[{\"added\": {}}]',20,1),(148,'2023-11-09 15:10:54.850000','6790','Phường Cẩm Thành',1,'[{\"added\": {}}]',20,1),(149,'2023-11-09 15:11:14.216000','6793','Phường Cẩm Trung',1,'[{\"added\": {}}]',20,1),(150,'2023-11-09 15:11:31.638000','6796','Phường Cẩm Bình',1,'[{\"added\": {}}]',20,1),(151,'2023-11-09 15:11:50.009000','6799','Xã Cộng Hòa',1,'[{\"added\": {}}]',20,1),(152,'2023-11-09 15:12:06.538000','6802','Xã Cẩm Hải',1,'[{\"added\": {}}]',20,1),(153,'2023-11-09 15:12:22.584000','6805','Xã Dương Huy',1,'[{\"added\": {}}]',20,1),(154,'2023-11-09 15:14:05.948000','1','trung2017604049',2,'[{\"changed\": {\"fields\": [\"First name\", \"Last name\", \"Fullname\", \"Ngaysinh\", \"Phone\", \"Diachi\", \"Thanhpho\", \"Quanhuyen\", \"Phuongxa\", \"Role\"]}}]',6,1),(155,'2023-11-09 15:19:52.434000','1','Laptop',1,'[{\"added\": {}}]',9,1),(156,'2023-11-09 15:20:10.387000','2','Laptop Mới',1,'[{\"added\": {}}]',9,1),(157,'2023-11-09 15:20:22.128000','3','Laptop Cũ',1,'[{\"added\": {}}]',9,1),(158,'2023-11-09 15:28:26.243000','4','Linh kiện PC Laptop',1,'[{\"added\": {}}]',9,1),(159,'2023-11-09 15:28:44.737000','5','PC-Máy tính để bàn',1,'[{\"added\": {}}]',9,1),(160,'2023-11-09 15:30:06.123000','1','Laptop',3,'',9,1),(161,'2023-11-09 15:30:06.129000','2','Laptop Mới',3,'',9,1),(162,'2023-11-09 15:30:06.131000','3','Laptop Cũ',3,'',9,1),(163,'2023-11-09 15:30:06.134000','4','Linh kiện PC Laptop',3,'',9,1),(164,'2023-11-09 15:30:06.137000','5','PC-Máy tính để bàn',3,'',9,1),(165,'2023-11-09 15:30:13.231000','6','Laptop Mới',1,'[{\"added\": {}}]',9,1),(166,'2023-11-09 15:30:23.184000','7','Laptop Cũ',1,'[{\"added\": {}}]',9,1),(167,'2023-11-09 15:30:33.984000','8','Linh kiện PC Laptop',1,'[{\"added\": {}}]',9,1),(168,'2023-11-09 15:30:52.879000','9','PC Máy tính để bàn',1,'[{\"added\": {}}]',9,1),(169,'2023-11-09 15:31:02.778000','10','Màn hình máy tính',1,'[{\"added\": {}}]',9,1),(170,'2023-11-09 15:31:13.483000','11','Bảo Hành',1,'[{\"added\": {}}]',9,1),(171,'2023-11-09 15:31:36.128000','8','Linh Kiện PC Laptop',2,'[{\"changed\": {\"fields\": [\"Name\"]}}]',9,1),(172,'2023-11-09 15:31:55.376000','9','PC Máy Tính Để Bàn',2,'[{\"changed\": {\"fields\": [\"Name\"]}}]',9,1),(173,'2023-11-09 15:32:19.415000','10','Màn Hình Máy Tính',2,'[{\"changed\": {\"fields\": [\"Name\"]}}]',9,1),(174,'2023-11-09 15:32:37.015000','12','Phụ Kiện Máy Tinh',1,'[{\"added\": {}}]',9,1),(175,'2023-11-09 15:32:47.598000','13','Cho Thuê Laptop',1,'[{\"added\": {}}]',9,1),(176,'2023-11-09 15:44:01.044000','14','Laptop Asus',1,'[{\"added\": {}}]',9,1),(177,'2023-11-09 15:44:13.040000','15','Laptop Dell',1,'[{\"added\": {}}]',9,1),(178,'2023-11-09 15:45:13.641000','16','Laptop Lenovo',1,'[{\"added\": {}}]',9,1),(179,'2023-11-09 15:46:03.525000','17','Laptop HP',1,'[{\"added\": {}}]',9,1),(180,'2023-11-09 15:46:25.645000','18','Laptop MSI',1,'[{\"added\": {}}]',9,1),(181,'2023-11-09 15:46:40.096000','19','Laptop Acer',1,'[{\"added\": {}}]',9,1),(182,'2023-11-09 15:46:53.350000','20','Macbook',1,'[{\"added\": {}}]',9,1),(183,'2023-11-09 15:47:05.556000','21','Laptop LG',1,'[{\"added\": {}}]',9,1),(184,'2023-11-09 15:48:12.825000','22','Laptop Gigabyte',1,'[{\"added\": {}}]',9,1),(185,'2023-11-09 15:49:20.179000','23','Laptop SamSung',1,'[{\"added\": {}}]',9,1),(186,'2023-11-09 15:49:38.602000','24','Laptop Huawei',1,'[{\"added\": {}}]',9,1),(187,'2023-11-09 15:53:49.801000','25','Laptop Dell Cũ',1,'[{\"added\": {}}]',9,1),(188,'2023-11-09 15:54:03.715000','26','Laptop HP Cũ',1,'[{\"added\": {}}]',9,1),(189,'2023-11-09 15:54:16.140000','27','Laptop Lenovo Cũ',1,'[{\"added\": {}}]',9,1),(190,'2023-11-09 15:55:03.506000','28','Macbook Cũ',1,'[{\"added\": {}}]',9,1),(191,'2023-11-09 15:55:16.386000','29','Laptop Asus Cũ',1,'[{\"added\": {}}]',9,1),(192,'2023-11-09 15:55:31.908000','30','Laptop Aces Cũ',1,'[{\"added\": {}}]',9,1),(193,'2023-11-09 15:55:47.026000','31','Laptop MSI Cũ',1,'[{\"added\": {}}]',9,1),(194,'2023-11-09 16:14:52.104000','32','CPU AMD',1,'[{\"added\": {}}]',9,1),(195,'2023-11-09 16:15:23.688000','33','Mainboard AMD',1,'[{\"added\": {}}]',9,1),(196,'2023-11-09 16:16:12.768000','34','Card Đồ Họa - VGA Nvidia',1,'[{\"added\": {}}]',9,1),(197,'2023-11-09 16:16:36.975000','35','Case - Vỏ Máy Tính',1,'[{\"added\": {}}]',9,1),(198,'2023-11-09 16:16:53.105000','36','RAM PC',1,'[{\"added\": {}}]',9,1),(199,'2023-11-09 16:17:23.634000','37','Ổ cứng SSD',1,'[{\"added\": {}}]',9,1),(200,'2023-11-09 16:17:39.836000','38','Mainboard Intel',1,'[{\"added\": {}}]',9,1),(201,'2023-11-09 16:17:53.453000','39','CPU Intel',1,'[{\"added\": {}}]',9,1),(202,'2023-11-09 16:18:22.554000','40','Ổ cứng HDD',1,'[{\"added\": {}}]',9,1),(203,'2023-11-09 16:18:54.678000','41','PSU - Nguồn Máy Tính',1,'[{\"added\": {}}]',9,1),(204,'2023-11-09 16:19:20.618000','42','RAM Laptop',1,'[{\"added\": {}}]',9,1),(205,'2023-11-09 16:24:31.186000','43','Máy tính chơi game',1,'[{\"added\": {}}]',9,1),(206,'2023-11-09 16:24:47.974000','44','Máy tính để bàn',1,'[{\"added\": {}}]',9,1),(207,'2023-11-09 16:32:53.034000','45','Màn Hình Dell',1,'[{\"added\": {}}]',9,1),(208,'2023-11-09 16:33:12.931000','46','Màn Hình Samsung',1,'[{\"added\": {}}]',9,1),(209,'2023-11-09 16:33:24.595000','47','Màn Hình LG',1,'[{\"added\": {}}]',9,1),(210,'2023-11-09 16:33:48.523000','48','Màn Hình Asus',1,'[{\"added\": {}}]',9,1),(211,'2023-11-09 16:33:59.973000','49','Màn Hình Acer',1,'[{\"added\": {}}]',9,1),(212,'2023-11-09 16:34:20.893000','50','Màn Hình ViewSonic',1,'[{\"added\": {}}]',9,1),(213,'2023-11-09 16:35:19.964000','51','Màn Hình Máy Tính Cũ',1,'[{\"added\": {}}]',9,1),(214,'2023-11-09 16:35:38.100000','52','Màn Hình AOC',1,'[{\"added\": {}}]',9,1),(215,'2023-11-09 16:35:49.232000','53','Màn Hình MSI',1,'[{\"added\": {}}]',9,1),(216,'2023-11-09 16:42:53.984000','1','Asus',1,'[{\"added\": {}}]',7,1),(217,'2023-11-09 16:42:56.890000','2','Dell',1,'[{\"added\": {}}]',7,1),(218,'2023-11-09 16:43:00.785000','3','HP',1,'[{\"added\": {}}]',7,1),(219,'2023-11-09 16:43:14.627000','4','Acer',1,'[{\"added\": {}}]',7,1),(220,'2023-11-09 16:43:34.995000','5','Lenovo',1,'[{\"added\": {}}]',7,1),(221,'2023-11-09 16:43:46.402000','6','LG',1,'[{\"added\": {}}]',7,1),(222,'2023-11-09 16:43:57.850000','7','GIGABYTE',1,'[{\"added\": {}}]',7,1),(223,'2023-11-09 16:44:10.058000','8','Samsung',1,'[{\"added\": {}}]',7,1),(224,'2023-11-09 16:44:18.354000','9','Huawei',1,'[{\"added\": {}}]',7,1),(225,'2023-11-09 16:45:05.963000','10','Apple',1,'[{\"added\": {}}]',7,1),(226,'2023-11-09 16:45:24.458000','11','AMD',1,'[{\"added\": {}}]',7,1),(227,'2023-11-09 16:45:28.029000','12','Intel',1,'[{\"added\": {}}]',7,1),(228,'2023-11-09 16:45:39.033000','13','TeamGroup',1,'[{\"added\": {}}]',7,1),(229,'2023-11-09 16:45:46.699000','14','Kingmax',1,'[{\"added\": {}}]',7,1),(230,'2023-11-09 16:45:56.059000','15','Kingston',1,'[{\"added\": {}}]',7,1),(231,'2023-11-09 16:46:03.090000','16','Crucial',1,'[{\"added\": {}}]',7,1),(232,'2023-11-09 16:46:20.286000','13','TeamGroup Elite',2,'[{\"changed\": {\"fields\": [\"Brand\"]}}]',7,1),(233,'2023-11-09 16:46:29.052000','17','Patriot',1,'[{\"added\": {}}]',7,1),(234,'2023-11-09 16:46:36.058000','18','Micron',1,'[{\"added\": {}}]',7,1),(235,'2023-11-09 16:46:40.789000','19','ADATA',1,'[{\"added\": {}}]',7,1),(236,'2023-11-09 16:46:46.590000','20','PNY',1,'[{\"added\": {}}]',7,1),(237,'2023-11-09 16:46:52.132000','21','SK Hynix',1,'[{\"added\": {}}]',7,1),(238,'2023-11-09 16:47:00.493000','22','WD Blue',1,'[{\"added\": {}}]',7,1),(239,'2023-11-09 16:47:08.306000','23','Seagate',1,'[{\"added\": {}}]',7,1),(240,'2023-11-09 16:47:27.328000','24','v',1,'[{\"added\": {}}]',7,1),(241,'2023-11-09 16:47:52.002000','24','v',3,'',7,1),(242,'2023-11-09 16:48:03.051000','25','Viewsonic',1,'[{\"added\": {}}]',7,1),(243,'2023-11-09 16:51:50.533000','1','Mới%',1,'[{\"added\": {}}]',13,1),(244,'2023-11-09 16:51:56.714000','2','Cũ%',1,'[{\"added\": {}}]',13,1),(245,'2023-11-09 16:52:27.886000','3','Gaming%',1,'[{\"added\": {}}]',13,1),(246,'2023-11-09 16:52:42.753000','4','Văn Phòng%',1,'[{\"added\": {}}]',13,1),(247,'2023-11-09 16:52:47.824000','5','Sinh Viên%',1,'[{\"added\": {}}]',13,1),(248,'2023-11-09 16:52:58.854000','6','Mỏng Nhẹ%',1,'[{\"added\": {}}]',13,1),(249,'2023-11-09 16:53:10.708000','7','Đồ Họa%',1,'[{\"added\": {}}]',13,1),(250,'2023-11-09 17:43:38.775000','1','1%',1,'[{\"added\": {}}]',11,1),(251,'2023-11-09 17:43:42.093000','2','2%',1,'[{\"added\": {}}]',11,1),(252,'2023-11-09 17:43:43.589000','3','3%',1,'[{\"added\": {}}]',11,1),(253,'2023-11-09 17:43:47.049000','4','5%',1,'[{\"added\": {}}]',11,1),(254,'2023-11-09 17:43:48.953000','5','10%',1,'[{\"added\": {}}]',11,1),(255,'2023-11-09 17:43:52.029000','6','15%',1,'[{\"added\": {}}]',11,1),(256,'2023-11-09 17:43:53.760000','7','20%',1,'[{\"added\": {}}]',11,1),(257,'2023-11-09 17:43:55.770000','8','25%',1,'[{\"added\": {}}]',11,1),(258,'2023-11-09 17:43:57.206000','9','30%',1,'[{\"added\": {}}]',11,1),(259,'2023-11-09 17:43:58.277000','10','35%',1,'[{\"added\": {}}]',11,1),(260,'2023-11-09 17:43:59.393000','11','40%',1,'[{\"added\": {}}]',11,1),(261,'2023-11-09 17:44:00.581000','12','45%',1,'[{\"added\": {}}]',11,1),(262,'2023-11-09 17:44:01.831000','13','50%',1,'[{\"added\": {}}]',11,1),(263,'2023-11-09 17:44:04.166000','14','55%',1,'[{\"added\": {}}]',11,1),(264,'2023-11-09 17:44:05.918000','15','60%',1,'[{\"added\": {}}]',11,1),(265,'2023-11-09 17:44:08.175000','16','65%',1,'[{\"added\": {}}]',11,1),(266,'2023-11-09 17:44:11.585000','17','70%',1,'[{\"added\": {}}]',11,1),(267,'2023-11-09 17:44:13.585000','18','75%',1,'[{\"added\": {}}]',11,1),(268,'2023-11-09 17:44:15.281000','19','80%',1,'[{\"added\": {}}]',11,1),(269,'2023-11-09 17:44:16.682000','20','85%',1,'[{\"added\": {}}]',11,1),(270,'2023-11-09 17:44:18.978000','21','90%',1,'[{\"added\": {}}]',11,1),(271,'2023-11-09 17:44:20.458000','22','95%',1,'[{\"added\": {}}]',11,1),(272,'2023-11-09 17:44:22.376000','23','100%',1,'[{\"added\": {}}]',11,1),(273,'2023-11-09 17:49:53.033000','1','Mới 100%',2,'[{\"changed\": {\"fields\": [\"Loai\"]}}]',13,1),(274,'2023-11-09 17:52:00.307000','1','Laptop ASUS ROG Strix G16 G614JV-N4261W',1,'[{\"added\": {}}]',14,1),(275,'2023-11-09 17:52:28.631000','24','0%',1,'[{\"added\": {}}]',11,1),(276,'2023-11-09 17:53:51.636000','2','Laptop ASUS ROG Zephyrus G14 GA402NJ-L4056W',1,'[{\"added\": {}}]',14,1),(277,'2023-11-09 17:55:02.436000','3','Laptop ASUS TUF Gaming F15 FX507ZU4 LP054W',1,'[{\"added\": {}}]',14,1),(278,'2023-11-09 17:55:19.961000','2','Laptop ASUS ROG Zephyrus G14 GA402NJ-L4056W',2,'[{\"changed\": {\"fields\": [\"Category\"]}}]',14,1),(279,'2023-11-09 18:01:09.190000','4','Laptop Asus TUF Gaming F15 FX506LHB-HN188W',1,'[{\"added\": {}}]',14,1),(280,'2023-11-09 18:09:52.536000','5','Asus ROG Strix 2022 G17 G713RM-LL016W',1,'[{\"added\": {}}]',14,1),(281,'2023-11-09 18:11:08.538000','6','Laptop Asus ROG Zephyrus G15 GA503RM-LN006W',1,'[{\"added\": {}}]',14,1),(282,'2023-11-09 18:12:04.187000','7','Laptop ASUS ROG Zephyrus G14 GA402RJ-L8030W',1,'[{\"added\": {}}]',14,1),(283,'2023-11-09 18:13:14.405000','8','Laptop Gaming ASUS ROG FLOW X16 2023',1,'[{\"added\": {}}]',14,1),(284,'2023-11-09 18:14:26.270000','9','Laptop Gaming ASUS ROG Zephyrus G14 2023',1,'[{\"added\": {}}]',14,1),(285,'2023-11-09 18:15:30.247000','10','Laptop Gaming ASUS ROG Flow X13 2023 GV302XI',1,'[{\"added\": {}}]',14,1),(286,'2023-11-09 18:16:15.434000','11','Laptop Gaming ASUS ROG FLOW Z13 2023 GZ301',1,'[{\"added\": {}}]',14,1),(287,'2023-11-09 18:19:45.633000','12','Laptop cũ Asus TUF Gaming F15 FX507ZC',1,'[{\"added\": {}}]',14,1),(288,'2023-11-09 18:24:37.919000','2','Cũ',3,'',13,1),(289,'2023-11-09 18:24:37.928000','1','Mới 100%',3,'',13,1),(290,'2023-11-09 18:26:49.704000','1','Mới 100%',1,'[{\"added\": {}}]',27,1),(291,'2023-11-09 18:26:53.349000','2','Cũ',1,'[{\"added\": {}}]',27,1),(292,'2023-11-09 18:34:34.755000','13','Laptop ASUS ROG Strix G16 G614JV-N4261W',1,'[{\"added\": {}}]',14,1),(293,'2023-11-09 18:35:18.186000','14','Laptop ASUS ROG Zephyrus G14 GA402NJ-L4056W',1,'[{\"added\": {}}]',14,1),(294,'2023-11-09 18:36:15.159000','15','Laptop ASUS TUF Gaming F15 FX507ZU4 LP054W',1,'[{\"added\": {}}]',14,1),(295,'2023-11-09 18:36:32.932000','15','Laptop ASUS TUF Gaming F15 FX507ZU4 LP054W',2,'[{\"changed\": {\"fields\": [\"Discount\"]}}]',14,1),(296,'2023-11-09 18:37:26.377000','16','Laptop Asus TUF Gaming F15 FX506LHB-HN188W',1,'[{\"added\": {}}]',14,1),(297,'2023-11-09 18:38:06.580000','17','Asus ROG Strix 2022 G17 G713RM-LL016W',1,'[{\"added\": {}}]',14,1),(298,'2023-11-09 18:38:50.134000','18','Laptop Asus ROG Zephyrus G15 GA503RM-LN006W',1,'[{\"added\": {}}]',14,1),(299,'2023-11-09 18:39:56.120000','19','Laptop ASUS ROG Zephyrus G14 GA402RJ-L8030W',1,'[{\"added\": {}}]',14,1),(300,'2023-11-09 18:41:11.874000','20','Laptop Gaming ASUS ROG FLOW X16 2023',1,'[{\"added\": {}}]',14,1),(301,'2023-11-09 18:41:53.126000','21','Laptop Gaming ASUS ROG Zephyrus G14 2023',1,'[{\"added\": {}}]',14,1),(302,'2023-11-09 18:42:44.043000','22','Laptop Gaming ASUS ROG Flow X13 2023 GV302XI',1,'[{\"added\": {}}]',14,1),(303,'2023-11-09 18:43:21.325000','23','Laptop Gaming ASUS ROG FLOW Z13 2023 GZ301',1,'[{\"added\": {}}]',14,1),(304,'2023-11-09 18:44:19.545000','24','Asus TUF Gaming F15 FX507ZC',1,'[{\"added\": {}}]',14,1),(305,'2023-11-09 18:58:59.008000','25','Laptop ASUS Zenbook Pro 14 OLED UX6404VV-P4069W',1,'[{\"added\": {}}]',14,1),(306,'2023-11-09 19:01:29.116000','26','Laptop Asus Zenbook 14 OLED UX3402VA-KM085W',1,'[{\"added\": {}}]',14,1),(307,'2023-11-09 19:03:07.349000','27','Laptop Asus Vivobook 15X OLED S3504VA L1226W',1,'[{\"added\": {}}]',14,1),(308,'2023-11-09 19:03:29.769000','25','Laptop ASUS Zenbook Pro 14 OLED UX6404VV-P4069W',2,'[{\"changed\": {\"fields\": [\"Category\"]}}]',14,1),(309,'2023-11-09 19:08:40.200000','28','Laptop Asus Vivobook S5402ZA-IS74-M003Y0',1,'[{\"added\": {}}]',14,1),(310,'2023-11-09 19:10:01.192000','29','Asus Vivobook K3500P',1,'[{\"added\": {}}]',14,1),(311,'2023-11-09 19:10:51.771000','28','Laptop Asus Vivobook S5402ZA-IS74-M003Y0',2,'[{\"changed\": {\"fields\": [\"Age\", \"Category\"]}}]',14,1),(312,'2023-11-09 19:11:33.236000','28','Laptop Asus Vivobook S5402ZA-IS74-M003Y0',2,'[{\"changed\": {\"fields\": [\"Loai\"]}}]',14,1),(313,'2023-11-09 19:11:58.398000','27','Laptop Asus Vivobook 15X OLED S3504VA L1226W',2,'[{\"changed\": {\"fields\": [\"Loai\", \"Age\", \"Category\"]}}]',14,1),(314,'2023-11-09 19:12:34.101000','26','Laptop Asus Zenbook 14 OLED UX3402VA-KM085W',2,'[{\"changed\": {\"fields\": [\"Loai\"]}}]',14,1),(315,'2023-11-09 19:13:12.591000','28','Laptop Asus Vivobook S5402ZA-IS74-M003Y0',2,'[{\"changed\": {\"fields\": [\"Age\", \"Category\"]}}]',14,1),(316,'2023-11-09 19:13:27.494000','27','Laptop Asus Vivobook 15X OLED S3504VA L1226W',2,'[{\"changed\": {\"fields\": [\"Age\", \"Category\"]}}]',14,1),(317,'2023-11-09 19:13:41.354000','25','Laptop ASUS Zenbook Pro 14 OLED UX6404VV-P4069W',2,'[{\"changed\": {\"fields\": [\"Loai\"]}}]',14,1),(318,'2023-11-09 19:17:06.042000','30','Laptop ASUS Vivobook Go 14 E1404FA-NK177W',1,'[{\"added\": {}}]',14,1),(319,'2023-11-09 19:17:48.384000','31','Laptop HP Pavilion 14-DV2051TU 6K7G8PA',1,'[{\"added\": {}}]',14,1),(320,'2023-11-09 19:19:00.407000','32','Laptop Asus Expert Book P2451FA-BV3022',1,'[{\"added\": {}}]',14,1),(321,'2023-11-09 19:20:03.188000','33','Laptop Asus Vivobook 15 A515EA-BQ1530W',1,'[{\"added\": {}}]',14,1),(322,'2023-11-09 19:20:39.419000','34','Laptop Asus Vivobook 14X OLED A1403ZA-KM161W',1,'[{\"added\": {}}]',14,1),(323,'2023-11-09 19:21:19.449000','35','Laptop Asus Vivobook X515EP EJ405W',1,'[{\"added\": {}}]',14,1),(324,'2023-11-09 19:21:52.633000','36','Laptop Asus Vivobook A15 A515EA L12033T',1,'[{\"added\": {}}]',14,1),(325,'2023-11-10 08:58:24.433000','37','Laptop Dell Gaming G16 7630 R1948W',1,'[{\"added\": {}}]',14,1),(326,'2023-11-10 08:58:59.045000','38','Laptop Dell Gaming G15 5530 i7H165W11GR4060',1,'[{\"added\": {}}]',14,1),(327,'2023-11-10 08:59:52.481000','39','Dell G15 5520',1,'[{\"added\": {}}]',14,1),(328,'2023-11-10 09:01:17.097000','40','Laptop Dell G15 5511',1,'[{\"added\": {}}]',14,1),(329,'2023-11-10 09:02:15.244000','41','Dell Inspiron G5 15 5500',1,'[{\"added\": {}}]',14,1),(330,'2023-11-10 09:03:09.741000','42','Dell Inspiron 5577',1,'[{\"added\": {}}]',14,1),(331,'2023-11-10 09:04:17.086000','43','Dell Inspiron G7 7588',1,'[{\"added\": {}}]',14,1),(332,'2023-11-10 09:04:58.048000','44','Laptop Dell Vostro 3405-R1505D',1,'[{\"added\": {}}]',14,1),(333,'2023-11-10 09:06:07.459000','45','Dell Inspiron G5 15 5500',1,'[{\"added\": {}}]',14,1),(334,'2023-11-10 09:06:53.086000','46','Laptop Dell Inspiron 3505-0M1T4',1,'[{\"added\": {}}]',14,1),(335,'2023-11-10 09:07:30.013000','47','Laptop Dell Inspiron N3505 Y1N1T1',1,'[{\"added\": {}}]',14,1),(336,'2023-11-10 09:09:12.283000','48','Dell Alienware X16 R1 (2023)',1,'[{\"added\": {}}]',14,1),(337,'2023-11-10 09:10:18.697000','49','Laptop Dell G16 7620',1,'[{\"added\": {}}]',14,1),(338,'2023-11-10 09:14:25.515000','50','Laptop Dell Inspiron 14 5430 i5P165W11SLD2',1,'[{\"added\": {}}]',14,1),(339,'2023-11-10 09:15:49.969000','51','Laptop Dell XPS 13 Plus 9320',1,'[{\"added\": {}}]',14,1),(340,'2023-11-10 09:16:40.923000','52','Laptop Dell Vostro 5630 i5P085W11GRU',1,'[{\"added\": {}}]',14,1),(341,'2023-11-10 09:22:12.634000','53','Laptop Dell Inspiron 13 5330 R1808S',1,'[{\"added\": {}}]',14,1),(342,'2023-11-10 09:22:51.734000','54','Laptop Dell Inspiron 14 7430 2 in 1 CN29D',1,'[{\"added\": {}}]',14,1),(343,'2023-11-10 09:24:48.192000','55','Laptop Dell Inspiron 16 7620',1,'[{\"added\": {}}]',14,1),(344,'2023-11-10 09:25:39.144000','56','Laptop Dell XPS 13 9305',1,'[{\"added\": {}}]',14,1),(345,'2023-11-10 09:26:10.232000','57','Laptop Dell Vostro 15 3530 80GG9',1,'[{\"added\": {}}]',14,1),(346,'2023-11-10 09:30:03.747000','58','Laptop Lenovo Legion Slim 5 16IRH8 82YA00BUVN',1,'[{\"added\": {}}]',14,1),(347,'2023-11-10 09:30:42.175000','59','Laptop LENOVO Legion Slim 5 16APH8 82Y9002YVN',1,'[{\"added\": {}}]',14,1),(348,'2023-11-10 09:31:27.252000','60','Lenovo Legion Slim 5 16IRH8 82YA008HVN',1,'[{\"added\": {}}]',14,1),(349,'2023-11-10 09:32:01.414000','61','Lenovo Legion Slim 5 16IRH8 82YA00BSVN',1,'[{\"added\": {}}]',14,1),(350,'2023-11-10 09:32:33.996000','62','Laptop Lenovo Ideapad Gaming 3 15ARH7 82SB00JUVN',1,'[{\"added\": {}}]',14,1),(351,'2023-11-10 09:33:12.281000','63','Laptop Gaming Mới Legion Y530',1,'[{\"added\": {}}]',14,1),(352,'2023-11-10 09:33:46.513000','64','Laptop Lenovo Ideapad Gaming 3 15IHU6 82K100LNUS',1,'[{\"added\": {}}]',14,1),(353,'2023-11-10 09:34:22.949000','65','Laptop LENOVO Legion 5 15ARH7 82RE0035VN 2022',1,'[{\"added\": {}}]',14,1),(354,'2023-11-10 09:36:00.474000','66','Laptop Lenovo Slim 7 ProX 14ARH7 82V20003US',1,'[{\"added\": {}}]',14,1),(355,'2023-11-10 09:37:04.454000','67','Laptop Lenovo ThinkPad T16 Gen 1 21CH000JUS',1,'[{\"added\": {}}]',14,1),(356,'2023-11-10 09:37:47.963000','68','Laptop Lenovo IdeaPad Slim 5 Light 14ABR8 82XS0007VN',1,'[{\"added\": {}}]',14,1),(357,'2023-11-10 09:42:33.634000','69','Laptop Lenovo Slim 7 14IRP8 83A40005US - Intel Core i5-1340P',1,'[{\"added\": {}}]',14,1),(358,'2023-11-10 09:43:42.228000','70','Laptop Lenovo IdeaPad 5 Pro 16ACH6 82L500F5US',1,'[{\"added\": {}}]',14,1),(359,'2023-11-10 09:44:19.191000','71','Laptop Lenovo Ideapad 5 Pro 14IAP7 82SH0004US',1,'[{\"added\": {}}]',14,1),(360,'2023-11-10 09:45:12.337000','72','Laptop Lenovo IdeaPad 3 14IIL05 81WD00BFVN',1,'[{\"added\": {}}]',14,1),(361,'2023-11-10 09:46:00.631000','73','Laptop Lenovo V14 G3 IAP 82TS00AXVN',1,'[{\"added\": {}}]',14,1),(362,'2023-11-10 09:47:23.000000','74','Laptop Lenovo Thinkpad L480',1,'[{\"added\": {}}]',14,1),(363,'2023-11-10 09:48:02.162000','75','Laptop Lenovo IdeaPad 3 14ABA7 82RM003UVN (2022)',1,'[{\"added\": {}}]',14,1),(364,'2023-11-10 09:48:55.382000','76','Laptop Lenovo Thinkpad E14 Gen 2-ITU 20TA002LVA',1,'[{\"added\": {}}]',14,1),(365,'2023-11-10 09:50:33.673000','77','Laptop HP Envy x360 2 in 1 15-fe0053dx 7H9Y3UA',1,'[{\"added\": {}}]',14,1),(366,'2023-11-10 09:51:02.580000','78','Laptop HP Pavilion X360 14-EK0057TU 6K7E0PA',1,'[{\"added\": {}}]',14,1),(367,'2023-11-10 09:51:43.037000','79','Laptop HP Pavilion 15 EG2084TU 7C0Q6PA',1,'[{\"added\": {}}]',14,1),(368,'2023-11-10 09:52:20.434000','80','Laptop HP 15s-fq5163TU 7C135PA',1,'[{\"added\": {}}]',14,1),(369,'2023-11-10 09:55:28.778000','81','Laptop HP Elitebook 840 G8',1,'[{\"added\": {}}]',14,1),(370,'2023-11-10 10:09:05.037000','81','Laptop HP Elitebook 840 G8',2,'[{\"changed\": {\"fields\": [\"Age\", \"Category\"]}}]',14,1),(371,'2023-11-10 10:10:08.317000','82','Laptop HP ProBook 440 G7',1,'[{\"added\": {}}]',14,1),(372,'2023-11-10 10:11:06.987000','83','Laptop HP Notebook 14s cr2005tu',1,'[{\"added\": {}}]',14,1),(373,'2023-11-10 10:11:42.397000','84','Laptop HP Elitebook 840 G3',1,'[{\"added\": {}}]',14,1),(374,'2023-11-10 10:12:16.152000','85','Laptop HP Probook 640 G2',1,'[{\"added\": {}}]',14,1),(375,'2023-11-10 10:12:49.179000','86','Laptop HP 15 dy2089ms 4W2K3UA',1,'[{\"added\": {}}]',14,1),(376,'2023-11-10 10:13:07.384000','87','Laptop HP Pavilion 15-EG2062TU 6K790PA',1,'[{\"added\": {}}]',14,1),(377,'2023-11-10 10:15:41.709000','8','Linh Kiện',1,'[{\"added\": {}}]',13,1),(378,'2023-11-10 10:17:37.049000','88','CPU AMD Ryzen 5 4600G',1,'[{\"added\": {}}]',14,1),(379,'2023-11-10 10:18:11.651000','89','CPU AMD Ryzen 5 5600X',1,'[{\"added\": {}}]',14,1),(380,'2023-11-10 10:18:52.094000','90','CPU Intel Core i3-13100',1,'[{\"added\": {}}]',14,1),(381,'2023-11-10 10:19:29.104000','91','CPU Intel Core i5 13400',1,'[{\"added\": {}}]',14,1),(382,'2023-11-10 10:19:55.476000','92','CPU Intel Core i3-13100F',1,'[{\"added\": {}}]',14,1),(383,'2023-11-10 10:20:31.927000','93','CPU Intel Core i5 13400F',1,'[{\"added\": {}}]',14,1),(384,'2023-11-10 10:21:04.694000','94','CPU Intel Pentium Gold G6405',1,'[{\"added\": {}}]',14,1),(385,'2023-11-10 10:21:40.365000','95','CPU Intel Celeron G5900',1,'[{\"added\": {}}]',14,1),(386,'2023-11-10 10:22:29.235000','96','CPU Intel Core i3 9100',1,'[{\"added\": {}}]',14,1),(387,'2023-11-10 10:23:05.860000','97','CPU Intel Core i5-10400',1,'[{\"added\": {}}]',14,1),(388,'2023-11-10 10:32:18.331000','34','Card Đồ Họa',2,'[{\"changed\": {\"fields\": [\"Name\"]}}]',9,1),(389,'2023-11-10 10:32:26.220000','98','Card đồ họa VGA RTX 3060',1,'[{\"added\": {}}]',14,1),(390,'2023-11-10 10:33:25.757000','99','Card đồ họa VGA Asus Phoenix GTX 1650',1,'[{\"added\": {}}]',14,1),(391,'2023-11-10 10:33:47.398000','100','Card đồ họa VGA Gigabyte Geforce GT 710',1,'[{\"added\": {}}]',14,1),(392,'2023-11-10 10:34:21.164000','101','Card đồ họa VGA ASUS TUF GTX 1660',1,'[{\"added\": {}}]',14,1),(393,'2023-11-10 10:35:21.425000','102','Card đồ họa VGA Asus TUF GTX 1650',1,'[{\"added\": {}}]',14,1),(394,'2023-11-10 10:37:16.477000','103','Card đồ họa VGA Gigabyte GTX 1650',1,'[{\"added\": {}}]',14,1),(395,'2023-11-10 11:25:37.066000','104','RAM Laptop DDR5 16GB Samsung bus 5600Mhz',1,'[{\"added\": {}}]',14,1),(396,'2023-11-10 11:28:40.114000','104','RAM Laptop DDR5 16GB Samsung',2,'[{\"changed\": {\"fields\": [\"Name\"]}}]',14,1),(397,'2023-11-10 11:31:09.659000','105','Ram Laptop TeamGroup Elite 16GB DDR4',1,'[{\"added\": {}}]',14,1),(398,'2023-11-10 11:33:10.542000','104','RAM Laptop DDR5 16GB Samsung bus 5600Mhz',2,'[{\"changed\": {\"fields\": [\"Name\"]}}]',14,1),(399,'2023-11-10 11:33:43.941000','106','RAM Laptop DDR5 16GB Samsung bus 4800Mhz',1,'[{\"added\": {}}]',14,1),(400,'2023-11-10 11:34:16.800000','105','Ram Laptop TeamGroup Elite 16GB DDR4 3200MHz',2,'[{\"changed\": {\"fields\": [\"Name\"]}}]',14,1),(401,'2023-11-10 11:34:54.336000','107','RAM Laptop Kingston DDR4 bus  16GB - 2666MHz',1,'[{\"added\": {}}]',14,1),(402,'2023-11-10 11:35:22.026000','108','RAM Laptop Kingston DDR4 bus 3200MHz - 16GB',1,'[{\"added\": {}}]',14,1),(403,'2023-11-10 11:35:49.120000','109','RAM Laptop DDR5 8GB Kingston bus 4800Mhz',1,'[{\"added\": {}}]',14,1),(404,'2023-11-10 11:36:44.294000','110','RAM Laptop Kingmax 16GB DDR4 bus 2666MHz',1,'[{\"added\": {}}]',14,1),(405,'2023-11-10 11:37:11.672000','111','RAM Laptop Samsung 16GB DDR4 bus 3200MHz',1,'[{\"added\": {}}]',14,1),(406,'2023-11-10 11:37:38.129000','112','RAM Laptop DDR5 8GB Crucial bus 4800Mhz',1,'[{\"added\": {}}]',14,1),(407,'2023-11-10 11:38:05.400000','113','RAM Laptop DDR4 16GB TeamGroup Elite bus 2666Mhz',1,'[{\"added\": {}}]',14,1),(408,'2023-11-10 11:38:28.034000','114','RAM Laptop Samsung 16GB DDR4 bus 2400MHz',1,'[{\"added\": {}}]',14,1),(409,'2023-11-10 11:38:59.193000','115','RAM Laptop PNY 16GB DDR4 bus 2666MHz',1,'[{\"added\": {}}]',14,1),(410,'2023-11-10 11:39:27.890000','116','RAM Laptop DDR5 8GB Samsung bus 5600Mhz',1,'[{\"added\": {}}]',14,1),(411,'2023-11-10 11:39:50.388000','117','RAM Laptop DDR5 8GB Samsung bus 4800Mhz',1,'[{\"added\": {}}]',14,1),(412,'2023-11-10 11:40:34.590000','118','RAM Laptop DDR5 8GB SK Hynix bus 4800Mhz',1,'[{\"added\": {}}]',14,1),(413,'2023-11-10 11:41:03.896000','119','Ram Laptop TeamGroup Elite 8GB DDR4 3200MHz',1,'[{\"added\": {}}]',14,1),(414,'2023-11-10 11:41:38.810000','120','RAM Laptop DDR4 8GB Patriot bus 3200Mhz',1,'[{\"added\": {}}]',14,1),(415,'2023-11-10 11:42:14.595000','121','Ram Laptop DDR4 Kingston Bus 3200MHz - 8GB',1,'[{\"added\": {}}]',14,1),(416,'2023-11-10 11:42:42.139000','122','RAM Laptop 8GB DDR4 Micron bus 3200Mhz',1,'[{\"added\": {}}]',14,1),(417,'2023-11-10 11:43:25.888000','123','Ram Laptop 8GB DDR4 Adata AD4S32008G22-SGN',1,'[{\"added\": {}}]',14,1),(418,'2023-11-10 11:43:50.775000','124','RAM Laptop DDR4 8GB TeamGroup Elite bus 2666Mhz',1,'[{\"added\": {}}]',14,1),(419,'2023-11-10 11:44:20.372000','125','Ram laptop PNY Gaming 8GB DDR4 3200MHz',1,'[{\"added\": {}}]',14,1),(420,'2023-11-10 11:44:43.574000','126','RAM Laptop Kingston DDR4 bus 3200 - 4GB',1,'[{\"added\": {}}]',14,1),(421,'2023-11-10 11:45:02.583000','127','RAM Laptop Kingston DDR4 bus 2666MHz - 4GB',1,'[{\"added\": {}}]',14,1),(422,'2023-11-10 11:45:26.041000','128','RAM laptop SK Hynix DDR4 bus 3200MHz 4GB',1,'[{\"added\": {}}]',14,1),(423,'2023-11-10 11:45:48.263000','129','RAM Laptop Samsung DDR4 4GB Bus 3200Mhz',1,'[{\"added\": {}}]',14,1),(424,'2023-11-10 11:46:06.301000','130','RAM Laptop Samsung 8GB DDR3L bus 1600Mhz',1,'[{\"added\": {}}]',14,1),(425,'2023-11-10 11:46:36.245000','131','RAM laptop 8GB DDR3L SK Hynix bus 1600Mhz',1,'[{\"added\": {}}]',14,1),(426,'2023-11-10 11:52:50.909000','132','Ổ cứng SSD NVMe 2TB Kingston KC2500 SKC2500M8',1,'[{\"added\": {}}]',14,1),(427,'2023-11-10 11:53:46.190000','133','Ổ cứng SSD NVMe 2TB Kingston NV2',1,'[{\"added\": {}}]',14,1),(428,'2023-11-10 11:54:11.462000','134','Ổ cứng SSD NVMe 2TB Crucial CT2000P2SSD8',1,'[{\"added\": {}}]',14,1),(429,'2023-11-10 11:54:35.709000','135','Ổ cứng SSD NVMe 1TB Samsung 990 PRO MZ',1,'[{\"added\": {}}]',14,1),(430,'2023-11-10 11:54:59.942000','136','Ổ cứng SSD 1TB Samsung PCIe NVMe',1,'[{\"added\": {}}]',14,1),(431,'2023-11-10 11:55:20.466000','137','Ổ cứng SSD NVMe 1TB Samsung 970',1,'[{\"added\": {}}]',14,1),(432,'2023-11-10 11:55:45.182000','138','Ổ cứng SSD 2.5 Inch 1TB Samsung 870',1,'[{\"added\": {}}]',14,1),(433,'2023-11-10 11:56:08.058000','139','Ổ cứng SSD NVMe 1000GB (1TB) Kingston NV2 SNV2S',1,'[{\"added\": {}}]',14,1),(434,'2023-11-10 11:56:34.758000','140','Ổ cứng SSD 1TB 2.5 Inch Crucial BX500 CT1000BX500SSD1',1,'[{\"added\": {}}]',14,1),(435,'2023-11-10 11:57:06.613000','141','Ổ cứng SSD NVMe 1TB Samsung PM991 M.2 2280',1,'[{\"added\": {}}]',14,1),(436,'2023-11-10 11:58:26.049000','142','HDD 2.5 Inch WD Blue 5400rpm WD20SPZX-22UA7T0',1,'[{\"added\": {}}]',14,1),(437,'2023-11-10 12:00:19.404000','143','Màn Hình Di Động LG Gram View 16MR70.ASDA5 16 inch QHD',1,'[{\"added\": {}}]',14,1),(438,'2023-11-10 12:01:21.111000','54','Màn Hình Lenovo',1,'[{\"added\": {}}]',9,1),(439,'2023-11-10 12:01:46.527000','144','Màn hình máy tính Lenovo Legion Y27-30 - 27 Inch FHD IPS 180Hz',1,'[{\"added\": {}}]',14,1),(440,'2023-11-10 12:02:06.273000','145','Màn hình máy tính 24 Inch Acer EK241Y Full HD 75Hz',1,'[{\"added\": {}}]',14,1),(441,'2023-11-10 12:02:25.349000','146','Màn hình máy tính 27 inch Viewsonic VX2717-C-MH',1,'[{\"added\": {}}]',14,1),(442,'2023-11-10 12:02:47.534000','147','Màn hình 23.6 Inch Viewsonic VA2409-H FullHD',1,'[{\"added\": {}}]',14,1),(443,'2023-11-10 12:03:07.551000','148','Màn hình 22 Inch ViewSonic VA2223-H Full HD',1,'[{\"added\": {}}]',14,1),(444,'2023-11-10 12:03:31.010000','149','Màn hình 22 Inch Acer AOPEN 22CV1Q Full HD',1,'[{\"added\": {}}]',14,1),(445,'2023-11-10 12:04:38.176000','150','Màn hình Dell E2417H 24 Inch Cũ / Full HD / 60Hz',1,'[{\"added\": {}}]',14,1),(446,'2023-11-10 12:06:15.865000','150','Màn hình Dell E2417H 24 Inch Cũ / Full HD / 60Hz',2,'[{\"changed\": {\"fields\": [\"Age\", \"Category\"]}}]',14,1),(447,'2023-11-10 12:09:21.705000','3','Trên Máy',1,'[{\"added\": {}}]',27,1),(448,'2023-11-10 12:09:59.010000','151','Intel Core i9-13980HX',1,'[{\"added\": {}}]',14,1),(449,'2023-11-10 12:11:25.401000','152','AMD Ryzen™ 7 7735HS',1,'[{\"added\": {}}]',14,1),(450,'2023-11-10 12:12:35.075000','153','Intel Core i7-12700H',1,'[{\"added\": {}}]',14,1),(451,'2023-11-10 12:13:43.668000','154','Intel Core i5-10300H',1,'[{\"added\": {}}]',14,1),(452,'2023-11-10 12:15:15.228000','155','AMD Ryzen 7-6800H',1,'[{\"added\": {}}]',14,1),(453,'2023-11-10 12:16:28.250000','156','AMD Ryzen 7-6800HS',1,'[{\"added\": {}}]',14,1),(454,'2023-11-10 12:17:13.693000','157','Intel Core i9 - 13900H',1,'[{\"added\": {}}]',14,1),(455,'2023-11-10 12:17:42.406000','158','AMD Ryzen™ 9 7940HS',1,'[{\"added\": {}}]',14,1),(456,'2023-11-10 12:19:13.806000','159','Intel Core i5-1340P',1,'[{\"added\": {}}]',14,1),(457,'2023-11-10 12:21:02.737000','160','Intel® Core™ i5-11300H',1,'[{\"added\": {}}]',14,1),(458,'2023-11-10 12:22:07.740000','161','AMD Ryzen™ 5-7520U',1,'[{\"added\": {}}]',14,1),(459,'2023-11-10 12:23:25.989000','162','Intel Core i3-1215U',1,'[{\"added\": {}}]',14,1),(460,'2023-11-10 12:24:18.688000','163','Intel Core i3-10110U',1,'[{\"added\": {}}]',14,1),(461,'2023-11-10 12:24:57.525000','164','Intel Core i3 1115G4',1,'[{\"added\": {}}]',14,1),(462,'2023-11-10 12:25:58.935000','165','Intel Core i5-12500H',1,'[{\"added\": {}}]',14,1),(463,'2023-11-10 12:26:50.934000','166','Intel Core i5-1135G7',1,'[{\"added\": {}}]',14,1),(464,'2023-11-10 12:27:34.657000','167','Intel Core i9-13900HX',1,'[{\"added\": {}}]',14,1),(465,'2023-11-10 12:28:30.298000','168','Intel Core i7-13650HX',1,'[{\"added\": {}}]',14,1),(466,'2023-11-10 12:29:10.736000','169','Intel Core i5 - 11400H',1,'[{\"added\": {}}]',14,1),(467,'2023-11-10 12:29:47.990000','170','Intel Core i5 - 10300H',1,'[{\"added\": {}}]',14,1),(468,'2023-11-10 12:30:22.487000','171','Intel Core i7 - 7700HQ',1,'[{\"added\": {}}]',14,1),(469,'2023-11-10 12:30:44.254000','172','Intel Core i7 8750H',1,'[{\"added\": {}}]',14,1),(470,'2023-11-10 12:31:34.477000','173','AMD Ryzen 5 3500U',1,'[{\"added\": {}}]',14,1),(471,'2023-11-10 12:32:30.184000','174','Intel Core i7-10750H',1,'[{\"added\": {}}]',14,1),(472,'2023-11-10 12:33:32.017000','175','AMD Ryzen 5 3450U',1,'[{\"added\": {}}]',14,1),(473,'2023-11-10 12:34:14.806000','176','AMD Ryzen 3 3250U',1,'[{\"added\": {}}]',14,1),(474,'2023-11-10 12:35:13.211000','177','Intel® Core™ i7-13700H',1,'[{\"added\": {}}]',14,1),(475,'2023-11-10 12:35:53.650000','178','Intel Core i5 1340P',1,'[{\"added\": {}}]',14,1),(476,'2023-11-10 12:36:23.884000','179','Intel Core i5-1240P',1,'[{\"added\": {}}]',14,1),(477,'2023-11-10 12:37:03.084000','180','Intel Core i7 1360P',1,'[{\"added\": {}}]',14,1),(478,'2023-11-10 12:37:59.397000','181','Intel Core i7-1355U',1,'[{\"added\": {}}]',14,1),(479,'2023-11-10 12:38:43.631000','182','Intel Core i7-1260P',1,'[{\"added\": {}}]',14,1),(480,'2023-11-10 12:39:21.136000','183','Intel Core i7-1165G7',1,'[{\"added\": {}}]',14,1),(481,'2023-11-10 12:39:58.107000','184','Intel Core i5 1335u',1,'[{\"added\": {}}]',14,1),(482,'2023-11-10 12:41:13.218000','185','AMD Ryzen™ 7 7840HS',1,'[{\"added\": {}}]',14,1),(483,'2023-11-10 12:42:41.218000','186','Intel® Core™ i5-13500H',1,'[{\"added\": {}}]',14,1),(484,'2023-11-10 12:43:02.335000','187','AMD Ryzen 5 7535HS',1,'[{\"added\": {}}]',14,1),(485,'2023-11-10 12:43:30.961000','188','Intel Core i7 8750H',1,'[{\"added\": {}}]',14,1),(486,'2023-11-10 12:44:23.482000','189','Intel Core i5-11300H',1,'[{\"added\": {}}]',14,1),(487,'2023-11-10 12:44:54.417000','190','AMD R7 - 6800H',1,'[{\"added\": {}}]',14,1),(488,'2023-11-10 12:45:08.022000','190','AMD R7 - 6800H',2,'[{\"changed\": {\"fields\": [\"Brand\"]}}]',14,1),(489,'2023-11-10 12:45:35.037000','190','AMD Ryzen 7 - 6800H',2,'[{\"changed\": {\"fields\": [\"Name\"]}}]',14,1),(490,'2023-11-10 12:46:23.298000','191','AMD Ryzen™ 9 6900HS',1,'[{\"added\": {}}]',14,1),(491,'2023-11-10 12:46:55.442000','192','AMD Ryzen™ 7 PRO 6850U',1,'[{\"added\": {}}]',14,1),(492,'2023-11-10 12:47:35.130000','193','AMD Ryzen™ 7 7730U',1,'[{\"added\": {}}]',14,1),(493,'2023-11-10 12:47:58.056000','194','Intel® Core™ i5-1340P',1,'[{\"added\": {}}]',14,1),(494,'2023-11-10 12:48:22.760000','195','AMD Ryzen 5-5600H',1,'[{\"added\": {}}]',14,1),(495,'2023-11-10 12:49:08.392000','196','Intel Core i5 - 1240P',1,'[{\"added\": {}}]',14,1),(496,'2023-11-10 12:49:54.720000','197','Intel Core i3 1005G1',1,'[{\"added\": {}}]',14,1),(497,'2023-11-10 12:50:18.058000','198','Intel Core i5-1235U',1,'[{\"added\": {}}]',14,1),(498,'2023-11-10 12:50:46.223000','199','Intel Core i5 8250U',1,'[{\"added\": {}}]',14,1),(499,'2023-11-10 12:51:01.953000','200','AMD Ryzen 7-5825U',1,'[{\"added\": {}}]',14,1),(500,'2023-11-10 12:51:26.528000','201','Intel Core i5-1135G7',1,'[{\"added\": {}}]',14,1),(501,'2023-11-10 12:52:31.736000','202','Intel Core i7-1355U',1,'[{\"added\": {}}]',14,1),(502,'2023-11-10 12:52:56.698000','203','Intel Core i5-1235U',1,'[{\"added\": {}}]',14,1),(503,'2023-11-10 12:53:27.758000','204','Intel Core i5-1240P',1,'[{\"added\": {}}]',14,1),(504,'2023-11-10 12:53:53.225000','205','Intel® Core™ i7-1185G7',1,'[{\"added\": {}}]',14,1),(505,'2023-11-10 12:54:32.596000','206','Intel® Core™ i5-1135G7',1,'[{\"added\": {}}]',14,1),(506,'2023-11-10 12:54:57.065000','207','Intel Core i5 10210U',1,'[{\"added\": {}}]',14,1),(507,'2023-11-10 12:55:22.676000','208','Intel Core i5 - 6200U',1,'[{\"added\": {}}]',14,1),(508,'2023-11-10 12:55:59.761000','209','Intel Core i7-1165G7',1,'[{\"added\": {}}]',14,1),(509,'2023-11-10 12:56:20.840000','210','Intel Core i3-1215U',1,'[{\"added\": {}}]',14,1),(510,'2023-11-10 14:35:11.890000','211','RAM 16GB DDR5 4800MHz',1,'[{\"added\": {}}]',14,1),(511,'2023-11-10 14:36:24.991000','212','RAM 16GB DDR5',1,'[{\"added\": {}}]',14,1),(512,'2023-11-10 14:36:49.168000','213','RAM 16GB DDR4',1,'[{\"added\": {}}]',14,1),(513,'2023-11-10 14:37:13.688000','214','RAM 8GB DDR4',1,'[{\"added\": {}}]',14,1),(514,'2023-11-10 14:37:33.428000','215','RAM 16GB DDR5',1,'[{\"added\": {}}]',14,1),(515,'2023-11-10 14:40:06.459000','216','RAM 32 GB DDR5',1,'[{\"added\": {}}]',14,1),(516,'2023-11-10 14:42:31.005000','217','RAM 16 LPDDR5',1,'[{\"added\": {}}]',14,1),(517,'2023-11-10 14:44:47.405000','218','RAM 32GB LPDDR5',1,'[{\"added\": {}}]',14,1),(518,'2023-11-10 14:45:17.248000','219','RAM 16GB DDR4 3200MHz',1,'[{\"added\": {}}]',14,1),(519,'2023-11-10 14:46:30.921000','220','RAM 12GB DDR4',1,'[{\"added\": {}}]',14,1),(520,'2023-11-10 14:47:14.298000','221','RAM 16GB DDR5 5200Mhz',1,'[{\"added\": {}}]',14,1),(521,'2023-11-10 14:47:32.118000','222','RAM 8GB LPDDR5 4800MHz',1,'[{\"added\": {}}]',14,1),(522,'2023-11-10 14:48:07.428000','223','RAM 8GB DDR5 4800MHz',1,'[{\"added\": {}}]',14,1),(523,'2023-11-10 14:48:44.519000','224','RAM 32GB LPDDR5 6400Mhz',1,'[{\"added\": {}}]',14,1),(524,'2023-11-10 14:49:24.219000','225','RAM 8GB LPDDR5',1,'[{\"added\": {}}]',14,1),(525,'2023-11-10 14:49:48.793000','226','RAM 8GB DDR4 3200Mhz',1,'[{\"added\": {}}]',14,1),(526,'2023-11-10 14:50:54.458000','227','SSD 1TB NVMe',1,'[{\"added\": {}}]',14,1),(527,'2023-11-10 14:51:10.947000','228','SSD 512GB NVMe',1,'[{\"added\": {}}]',14,1),(528,'2023-11-10 14:51:33.605000','229','SSD 512GB M.2 NVMe™',1,'[{\"added\": {}}]',14,1),(529,'2023-11-10 14:54:38.934000','230','SSD 1TB M.2 NVMe™',1,'[{\"added\": {}}]',14,1),(530,'2023-11-10 14:56:56.853000','231','SSD 512GB M.2 NVMe™',1,'[{\"added\": {}}]',14,1),(531,'2023-11-10 14:57:21.622000','232','SSD 256GB NVMe',1,'[{\"added\": {}}]',14,1),(532,'2023-11-10 14:59:28.389000','233','SSD 128GB NVMe',1,'[{\"added\": {}}]',14,1),(533,'2023-11-10 15:01:38.828000','234','HDD 1TB',1,'[{\"added\": {}}]',14,1),(534,'2023-11-10 15:02:35.646000','235','SSD 2TB NVMe',1,'[{\"added\": {}}]',14,1),(535,'2023-11-10 15:02:59.594000','236','SSD 240GB NVMe',1,'[{\"added\": {}}]',14,1),(536,'2023-11-10 15:04:25.495000','237','NVIDIA® GeForce RTX™ 4060 8GB GDDR6',1,'[{\"added\": {}}]',14,1),(537,'2023-11-10 15:05:07.134000','238','NVIDIA® GeForce RTX™ 3050',1,'[{\"added\": {}}]',14,1),(538,'2023-11-10 15:05:41.847000','239','NVIDIA® GeForce RTX™ 4050 6GB GDDR6',1,'[{\"added\": {}}]',14,1),(539,'2023-11-10 15:06:26.416000','240','NVIDIA® Geforce GTX 1650',1,'[{\"added\": {}}]',14,1),(540,'2023-11-10 15:07:02.520000','241','NVIDIA® GeForce RTX™ 4050 6GB GDDR6',1,'[{\"added\": {}}]',14,1),(541,'2023-11-10 15:07:48.989000','239','NVIDIA® GeForce RTX™ 4050 6GB GDDR6',2,'[{\"changed\": {\"fields\": [\"Category\"]}}]',14,1),(542,'2023-11-10 15:08:05.356000','240','NVIDIA® Geforce GTX 1650',2,'[{\"changed\": {\"fields\": [\"Category\"]}}]',14,1),(543,'2023-11-10 15:09:02.346000','241','NVIDIA® GeForce RTX™ 3060 6G DDR6',2,'[{\"changed\": {\"fields\": [\"Name\"]}}]',14,1),(544,'2023-11-10 15:09:43.625000','242','AMD Radeon™ RX 6700S 8GB GDDR6',1,'[{\"added\": {}}]',14,1),(545,'2023-11-10 15:10:21.474000','243','NVIDIA® GeForce RTX™ 4070',1,'[{\"added\": {}}]',14,1),(546,'2023-11-10 15:10:34.177000','244','NVIDIA® GeForce RTX™ 4090',1,'[{\"added\": {}}]',14,1),(547,'2023-11-10 15:11:08.190000','245','NVIDIA® GeForce RTX™ 4060',1,'[{\"added\": {}}]',14,1),(548,'2023-11-10 15:13:41.847000','246','Intel® Iris® Xe Graphics',1,'[{\"added\": {}}]',14,1),(549,'2023-11-10 15:14:15.553000','247','AMD Radeon Vega',1,'[{\"added\": {}}]',14,1),(550,'2023-11-10 15:14:40.471000','248','Intel® UHD Graphics',1,'[{\"added\": {}}]',14,1),(551,'2023-11-10 15:17:29.786000','249','NVIDIA® GeForce MX330 2GB',1,'[{\"added\": {}}]',14,1),(552,'2023-11-10 15:18:34.944000','250','NVIDIA® GeForce RTX™ 3060',1,'[{\"added\": {}}]',14,1),(553,'2023-11-10 15:19:14.627000','251','NVIDIA® Geforce GTX 1650Ti',1,'[{\"added\": {}}]',14,1),(554,'2023-11-10 15:20:13.596000','252','NVIDIA® Geforce GTX 1050',1,'[{\"added\": {}}]',14,1),(555,'2023-11-10 15:21:25.688000','253','Intel® UHD Graphics 630',1,'[{\"added\": {}}]',14,1),(556,'2023-11-10 15:22:21.130000','254','NVIDIA® GeForce RTX™ 2060',1,'[{\"added\": {}}]',14,1),(557,'2023-11-10 15:22:55.306000','255','AMD Radeon Vega 3',1,'[{\"added\": {}}]',14,1),(558,'2023-11-10 15:23:13.108000','256','AMD Radeon Vega 8',1,'[{\"added\": {}}]',14,1),(559,'2023-11-10 15:24:19.868000','257','NVIDIA® GeForce RTX™ 40 Series',1,'[{\"added\": {}}]',14,1),(560,'2023-11-10 15:25:15.691000','258','NVIDIA® GeForce RTX™ 3050Ti',1,'[{\"added\": {}}]',14,1),(561,'2023-11-10 15:26:25.382000','259','NVIDIA® Geforce MX550 2GB GDDR6',1,'[{\"added\": {}}]',14,1),(562,'2023-11-10 15:27:34.984000','260','Intel® UHD Graphics 520',1,'[{\"added\": {}}]',14,1),(563,'2023-11-10 15:27:49.269000','259','NVIDIA® Geforce MX550 2GB GDDR6',2,'[{\"changed\": {\"fields\": [\"Category\"]}}]',14,1),(564,'2023-11-10 15:27:58.353000','254','NVIDIA® GeForce RTX™ 2060',2,'[{\"changed\": {\"fields\": [\"Category\"]}}]',14,1),(565,'2023-11-10 15:28:07.097000','253','Intel® UHD Graphics 630',2,'[{\"changed\": {\"fields\": [\"Category\"]}}]',14,1),(566,'2023-11-10 15:28:21.602000','251','NVIDIA® Geforce GTX 1650Ti',2,'[{\"changed\": {\"fields\": [\"Category\"]}}]',14,1),(567,'2023-11-10 15:28:31.383000','250','NVIDIA® GeForce RTX™ 3060',2,'[{\"changed\": {\"fields\": [\"Category\"]}}]',14,1),(568,'2023-11-10 15:28:41.465000','249','NVIDIA® GeForce MX330 2GB',2,'[{\"changed\": {\"fields\": [\"Category\"]}}]',14,1),(569,'2023-11-10 15:29:04.264000','243','NVIDIA® GeForce RTX™ 4070',2,'[{\"changed\": {\"fields\": [\"Category\"]}}]',14,1),(570,'2023-11-10 15:29:14.781000','246','Intel® Iris® Xe Graphics',2,'[{\"changed\": {\"fields\": [\"Category\"]}}]',14,1),(571,'2023-11-10 15:29:32.204000','244','NVIDIA® GeForce RTX™ 4090',2,'[{\"changed\": {\"fields\": [\"Category\"]}}]',14,1),(572,'2023-11-10 15:30:45.299000','261','NVIDIA GeForce RTX™ 4050 6GB GDDR6',1,'[{\"added\": {}}]',14,1),(573,'2023-11-10 15:31:36.398000','262','NVIDIA® Geforce GTX 1050 4GB',1,'[{\"added\": {}}]',14,1),(574,'2023-11-10 15:51:05.711000','263','AMD Radeon™ 680M Graphics',1,'[{\"added\": {}}]',14,1),(575,'2023-11-10 15:51:28.929000','264','AMD Radeon™ Graphics',1,'[{\"added\": {}}]',14,1),(576,'2023-11-10 15:52:28.025000','265','Intel® UHD Graphics 620',1,'[{\"added\": {}}]',14,1),(577,'2023-11-10 15:53:29.876000','266','Intel® HD Graphics 520',1,'[{\"added\": {}}]',14,1),(578,'2023-11-10 15:54:38.044000','267','16 Inch QHD+, 240Hz, 100%sRGB',1,'[{\"added\": {}}]',14,1),(579,'2023-11-10 15:54:57.958000','268','14 inch WUXGA (1920 x 1200) 100% sRGB 144Hz',1,'[{\"added\": {}}]',14,1),(580,'2023-11-10 15:55:15.164000','269','15.6 Inch FHD 144Hz, 100%sRGB',1,'[{\"added\": {}}]',14,1),(581,'2023-11-10 15:55:36.541000','268','14 Inch WUXGA (1920 x 1200) 100% sRGB 144Hz',2,'[{\"changed\": {\"fields\": [\"Name\"]}}]',14,1),(582,'2023-11-10 15:56:01.119000','270','15.6 Inch Full HD 144Hz',1,'[{\"added\": {}}]',14,1),(583,'2023-11-10 15:56:21.006000','271','17.3 Inch WQHD (2560 x 1440) 240Hz',1,'[{\"added\": {}}]',14,1),(584,'2023-11-10 15:56:35.886000','271','17.3 Inch WQHD (2560 x 1440) 240Hz',2,'[{\"changed\": {\"fields\": [\"Category\"]}}]',14,1),(585,'2023-11-10 15:57:18.358000','272','15.6 Inch 2K (2560 x1440) IPS 240Hz, 100% sRGB',1,'[{\"added\": {}}]',14,1),(586,'2023-11-10 15:57:44.469000','273','14 Inch WQHD (2560 x 1440) 120Hz',1,'[{\"added\": {}}]',14,1),(587,'2023-11-10 15:58:04.054000','274','16 inch QHD 100%DCI - P3, 240 Hz',1,'[{\"added\": {}}]',14,1),(588,'2023-11-10 15:58:42.612000','275','14 inch QHD 100%DCI-P3, 165Hz miniLED',1,'[{\"added\": {}}]',14,1),(589,'2023-11-10 15:59:07.299000','276','13.4 inch QHD+, 100% DCI-P3, 165Hz',1,'[{\"added\": {}}]',14,1),(590,'2023-11-10 16:00:52.598000','277','14.5 inch 2.8K OLED 100% DCI-P3',1,'[{\"added\": {}}]',14,1),(591,'2023-11-10 16:01:18.555000','278','14.0 Inch OLED WQXGA+',1,'[{\"added\": {}}]',14,1),(592,'2023-11-10 16:02:00.620000','279','15.6 Inch Full HD OLED, 100%DCI-P3',1,'[{\"added\": {}}]',14,1),(593,'2023-11-10 16:02:39.254000','280','14.5 Inch 2.8K OLED 100% sRGB',1,'[{\"added\": {}}]',14,1),(594,'2023-11-10 16:02:56.469000','281','15.6 Inch 2.8K OLED',1,'[{\"added\": {}}]',14,1),(595,'2023-11-10 16:03:13.085000','282','14 Inch Full HD',1,'[{\"added\": {}}]',14,1),(596,'2023-11-10 16:04:15.319000','283','15.6 Inch Full HD',1,'[{\"added\": {}}]',14,1),(597,'2023-11-10 16:04:40.145000','284','16 Inch 2K 240Hz 100% DCI-P3',1,'[{\"added\": {}}]',14,1),(598,'2023-11-10 16:05:01.066000','285','15.6 Inch Full HD 165Hz',1,'[{\"added\": {}}]',14,1),(599,'2023-11-10 16:06:29.906000','286','16 Inch QHD+, 165Hz, 100%sRGB',1,'[{\"added\": {}}]',14,1),(600,'2023-11-10 16:08:08.383000','287','13.4 Inch FHD',1,'[{\"added\": {}}]',14,1),(601,'2023-11-10 16:08:43.379000','288','16 Inch FHD',1,'[{\"added\": {}}]',14,1),(602,'2023-11-10 16:10:08.974000','289','13.3 Inch QHD',1,'[{\"added\": {}}]',14,1),(603,'2023-11-10 16:11:33.836000','290','16 Inch 4K',1,'[{\"added\": {}}]',14,1),(604,'2023-11-10 16:12:01.812000','291','13.3 Inch FHD',1,'[{\"added\": {}}]',14,1),(605,'2023-11-10 16:12:33.858000','292','15 Incn FHD, 120Mhz',1,'[{\"added\": {}}]',14,1),(606,'2023-11-10 16:13:14.182000','293','16 Inch WQXGA (2560x1600) IPS 300nits, 100% sRGB, 165Hz',1,'[{\"added\": {}}]',14,1),(607,'2023-11-10 16:13:33.253000','294','16 inch 2K 100% sRGB 165Hz',1,'[{\"added\": {}}]',14,1),(608,'2023-11-10 16:14:05.324000','295','14.5 inch 3K 100% sRGB, 120Hz',1,'[{\"added\": {}}]',14,1),(609,'2023-11-10 16:14:49.060000','296','14 Inch Full HD, 300nits, IPS 100% sRGB',1,'[{\"added\": {}}]',14,1),(610,'2023-11-10 16:15:11.453000','297','14 Inch 2.8K 100% sRGB 120Hz 400 nits',1,'[{\"added\": {}}]',14,1),(611,'2023-11-10 16:15:24.413000','298','16 Inch 2.5K (2560x1600), 100% sRGB',1,'[{\"added\": {}}]',14,1),(612,'2023-11-10 16:15:37.073000','299','14 inch 2.2K 100% sRGB Touch',1,'[{\"added\": {}}]',14,1),(613,'2023-11-10 16:15:52.493000','300','14 Inch Full HD (1920x1080) IPS 300nits',1,'[{\"added\": {}}]',14,1),(614,'2023-11-10 17:51:11.859000','4','RTX 3060',1,'[{\"added\": {}}]',8,1),(615,'2023-11-10 17:52:21.499000','5','GTX 1650',1,'[{\"added\": {}}]',8,1),(616,'2023-11-10 17:53:45.362000','6','GT 710',1,'[{\"added\": {}}]',8,1),(617,'2023-11-10 17:55:08.495000','7','GTX 1660 Super',1,'[{\"added\": {}}]',8,1),(618,'2023-11-10 17:56:36.879000','8','GTX 1650',1,'[{\"added\": {}}]',8,1),(619,'2023-11-10 17:57:30.520000','9','GTX 1650',1,'[{\"added\": {}}]',8,1),(620,'2023-11-10 18:25:36.933000','10','None',1,'[{\"added\": {}}]',8,1),(621,'2023-11-10 18:25:51.331000','11','None',1,'[{\"added\": {}}]',8,1),(622,'2023-11-10 18:26:08.938000','12','None',1,'[{\"added\": {}}]',8,1),(623,'2023-11-10 18:26:31.531000','13','None',1,'[{\"added\": {}}]',8,1),(624,'2023-11-10 18:27:08.529000','14','None',1,'[{\"added\": {}}]',8,1),(625,'2023-11-10 18:27:45.253000','15','None',1,'[{\"added\": {}}]',8,1),(626,'2023-11-10 18:28:59.790000','16','Intel Core i9 - 13900H',1,'[{\"added\": {}}]',8,1),(627,'2023-11-10 18:29:26.509000','17','AMD Ryzen™ 9 7940HS',1,'[{\"added\": {}}]',8,1),(628,'2023-11-10 18:29:54.896000','18','Intel Core i5-1340P',1,'[{\"added\": {}}]',8,1),(629,'2023-11-10 18:30:07.710000','19','Intel® Core™ i5-11300H',1,'[{\"added\": {}}]',8,1),(630,'2023-11-10 18:30:25.774000','20','AMD Ryzen™ 5-7520U',1,'[{\"added\": {}}]',8,1),(631,'2023-11-10 18:31:55.229000','21','Intel Core i3-1215U',1,'[{\"added\": {}}]',8,1),(632,'2023-11-10 18:32:14.549000','22','Intel Core i3-10110U',1,'[{\"added\": {}}]',8,1),(633,'2023-11-10 18:32:40.912000','23','Intel Core i3 1115G4',1,'[{\"added\": {}}]',8,1),(634,'2023-11-10 18:33:12.604000','24','Intel Core i5-12500H',1,'[{\"added\": {}}]',8,1),(635,'2023-11-10 18:33:37.387000','25','Intel Core i5-1135G7',1,'[{\"added\": {}}]',8,1),(636,'2023-11-10 18:34:03.658000','26','Intel Core i9-13900HX',1,'[{\"added\": {}}]',8,1),(637,'2023-11-10 18:34:16.705000','27','Intel Core i7-13650HX',1,'[{\"added\": {}}]',8,1),(638,'2023-11-10 18:34:34.631000','28','Intel Core i5 - 11400H',1,'[{\"added\": {}}]',8,1),(639,'2023-11-10 18:34:52.933000','29','Intel Core i5 - 10300H',1,'[{\"added\": {}}]',8,1),(640,'2023-11-10 18:35:09.837000','30','Intel Core i7 - 7700HQ',1,'[{\"added\": {}}]',8,1),(641,'2023-11-10 18:35:38.390000','31','Intel Core i7 8750H',1,'[{\"added\": {}}]',8,1),(642,'2023-11-10 18:35:49.092000','32','AMD Ryzen 5 3500U',1,'[{\"added\": {}}]',8,1),(643,'2023-11-10 18:36:06.615000','33','Intel Core i7-10750H',1,'[{\"added\": {}}]',8,1),(644,'2023-11-10 18:36:28.888000','34','AMD Ryzen 5 3450U',1,'[{\"added\": {}}]',8,1),(645,'2023-11-10 18:36:39.600000','35','AMD Ryzen 3 3250U',1,'[{\"added\": {}}]',8,1),(646,'2023-11-10 18:37:07.052000','36','Intel® Core™ i7-13700H',1,'[{\"added\": {}}]',8,1),(647,'2023-11-10 18:37:24.405000','37','Intel Core i5 1340P',1,'[{\"added\": {}}]',8,1),(648,'2023-11-10 18:37:34.600000','38','Intel Core i5-1240P',1,'[{\"added\": {}}]',8,1),(649,'2023-11-10 18:37:57.533000','39','Intel Core i7 1360P',1,'[{\"added\": {}}]',8,1),(650,'2023-11-10 18:38:12.698000','40','Intel Core i7-1355U',1,'[{\"added\": {}}]',8,1),(651,'2023-11-10 18:38:25.102000','41','Intel Core i7-1260P',1,'[{\"added\": {}}]',8,1),(652,'2023-11-10 18:38:31.985000','42','Intel Core i7-1165G7',1,'[{\"added\": {}}]',8,1),(653,'2023-11-10 18:41:05.810000','43','Intel Core i5 1335u',1,'[{\"added\": {}}]',8,1),(654,'2023-11-10 18:41:20.346000','44','AMD Ryzen™ 7 7840HS',1,'[{\"added\": {}}]',8,1),(655,'2023-11-10 18:41:37.432000','45','Intel® Core™ i5-13500H',1,'[{\"added\": {}}]',8,1),(656,'2023-11-10 18:42:06.658000','46','AMD Ryzen 5 7535HS',1,'[{\"added\": {}}]',8,1),(657,'2023-11-10 18:42:30.456000','47','Intel Core i7 8750H',1,'[{\"added\": {}}]',8,1),(658,'2023-11-10 18:44:17.868000','48','Intel Core i5-11300H',1,'[{\"added\": {}}]',8,1),(659,'2023-11-10 18:44:41.657000','49','AMD Ryzen 7 - 6800H',1,'[{\"added\": {}}]',8,1),(660,'2023-11-10 18:44:56.975000','50','AMD Ryzen™ 9 6900HS',1,'[{\"added\": {}}]',8,1),(661,'2023-11-10 18:45:37.236000','51','AMD Ryzen™ 7 PRO 6850U',1,'[{\"added\": {}}]',8,1),(662,'2023-11-10 18:45:58.823000','52','AMD Ryzen™ 7 7730U',1,'[{\"added\": {}}]',8,1),(663,'2023-11-10 18:46:18.677000','53','Intel® Core™ i5-1340P',1,'[{\"added\": {}}]',8,1),(664,'2023-11-10 18:48:08.659000','54','AMD Ryzen 5-5600H',1,'[{\"added\": {}}]',8,1),(665,'2023-11-10 18:48:29.631000','55','Intel Core i5 - 1240P',1,'[{\"added\": {}}]',8,1),(666,'2023-11-10 18:49:55.675000','56','Intel Core i3 1005G1',1,'[{\"added\": {}}]',8,1),(667,'2023-11-10 18:50:16.559000','57','Intel Core i5-1235U',1,'[{\"added\": {}}]',8,1),(668,'2023-11-10 18:50:48.589000','58','Intel Core i5-1240P',1,'[{\"added\": {}}]',8,1),(669,'2023-11-10 18:51:09.351000','59','Intel® Core™ i7-1185G7',1,'[{\"added\": {}}]',8,1),(670,'2023-11-10 18:51:24.292000','60','Intel® Core™ i5-1135G7',1,'[{\"added\": {}}]',8,1),(671,'2023-11-10 18:51:36.697000','61','Intel Core i5 10210U',1,'[{\"added\": {}}]',8,1),(672,'2023-11-10 18:51:52.967000','62','Intel Core i5 - 6200U',1,'[{\"added\": {}}]',8,1),(673,'2023-11-10 18:52:08.711000','63','Intel Core i7-1165G7',1,'[{\"added\": {}}]',8,1),(674,'2023-11-10 18:52:16.937000','64','Intel Core i3-1215U',1,'[{\"added\": {}}]',8,1),(675,'2023-11-10 18:55:54.820000','64','Intel Core i3-1215U',3,'',8,1),(676,'2023-11-10 18:55:54.824000','63','Intel Core i7-1165G7',3,'',8,1),(677,'2023-11-10 18:55:54.827000','62','Intel Core i5 - 6200U',3,'',8,1),(678,'2023-11-10 18:55:54.829000','61','Intel Core i5 10210U',3,'',8,1),(679,'2023-11-10 18:55:54.831000','60','Intel® Core™ i5-1135G7',3,'',8,1),(680,'2023-11-10 18:55:54.833000','59','Intel® Core™ i7-1185G7',3,'',8,1),(681,'2023-11-10 18:55:54.835000','58','Intel Core i5-1240P',3,'',8,1),(682,'2023-11-10 18:55:54.838000','57','Intel Core i5-1235U',3,'',8,1),(683,'2023-11-10 18:55:54.842000','56','Intel Core i3 1005G1',3,'',8,1),(684,'2023-11-10 18:55:54.844000','55','Intel Core i5 - 1240P',3,'',8,1),(685,'2023-11-10 18:55:54.846000','54','AMD Ryzen 5-5600H',3,'',8,1),(686,'2023-11-10 18:55:54.849000','53','Intel® Core™ i5-1340P',3,'',8,1),(687,'2023-11-10 18:55:54.851000','52','AMD Ryzen™ 7 7730U',3,'',8,1),(688,'2023-11-10 18:55:54.853000','51','AMD Ryzen™ 7 PRO 6850U',3,'',8,1),(689,'2023-11-10 18:55:54.856000','50','AMD Ryzen™ 9 6900HS',3,'',8,1),(690,'2023-11-10 18:55:54.859000','49','AMD Ryzen 7 - 6800H',3,'',8,1),(691,'2023-11-10 18:55:54.861000','48','Intel Core i5-11300H',3,'',8,1),(692,'2023-11-10 18:55:54.863000','47','Intel Core i7 8750H',3,'',8,1),(693,'2023-11-10 18:55:54.866000','46','AMD Ryzen 5 7535HS',3,'',8,1),(694,'2023-11-10 18:55:54.868000','45','Intel® Core™ i5-13500H',3,'',8,1),(695,'2023-11-10 18:55:54.871000','44','AMD Ryzen™ 7 7840HS',3,'',8,1),(696,'2023-11-10 18:55:54.873000','43','Intel Core i5 1335u',3,'',8,1),(697,'2023-11-10 18:55:54.876000','42','Intel Core i7-1165G7',3,'',8,1),(698,'2023-11-10 18:55:54.878000','41','Intel Core i7-1260P',3,'',8,1),(699,'2023-11-10 18:55:54.881000','40','Intel Core i7-1355U',3,'',8,1),(700,'2023-11-10 18:55:54.883000','39','Intel Core i7 1360P',3,'',8,1),(701,'2023-11-10 18:55:54.885000','38','Intel Core i5-1240P',3,'',8,1),(702,'2023-11-10 18:55:54.887000','37','Intel Core i5 1340P',3,'',8,1),(703,'2023-11-10 18:55:54.890000','36','Intel® Core™ i7-13700H',3,'',8,1),(704,'2023-11-10 18:55:54.892000','35','AMD Ryzen 3 3250U',3,'',8,1),(705,'2023-11-10 18:55:54.895000','34','AMD Ryzen 5 3450U',3,'',8,1),(706,'2023-11-10 18:55:54.897000','33','Intel Core i7-10750H',3,'',8,1),(707,'2023-11-10 18:55:54.899000','32','AMD Ryzen 5 3500U',3,'',8,1),(708,'2023-11-10 18:55:54.902000','31','Intel Core i7 8750H',3,'',8,1),(709,'2023-11-10 18:55:54.904000','30','Intel Core i7 - 7700HQ',3,'',8,1),(710,'2023-11-10 18:55:54.907000','29','Intel Core i5 - 10300H',3,'',8,1),(711,'2023-11-10 18:55:54.910000','28','Intel Core i5 - 11400H',3,'',8,1),(712,'2023-11-10 18:55:54.912000','27','Intel Core i7-13650HX',3,'',8,1),(713,'2023-11-10 18:55:54.915000','26','Intel Core i9-13900HX',3,'',8,1),(714,'2023-11-10 18:55:54.918000','25','Intel Core i5-1135G7',3,'',8,1),(715,'2023-11-10 18:55:54.920000','24','Intel Core i5-12500H',3,'',8,1),(716,'2023-11-10 18:55:54.922000','23','Intel Core i3 1115G4',3,'',8,1),(717,'2023-11-10 18:55:54.925000','22','Intel Core i3-10110U',3,'',8,1),(718,'2023-11-10 18:55:54.927000','21','Intel Core i3-1215U',3,'',8,1),(719,'2023-11-10 18:55:54.930000','20','AMD Ryzen™ 5-7520U',3,'',8,1),(720,'2023-11-10 18:55:54.932000','19','Intel® Core™ i5-11300H',3,'',8,1),(721,'2023-11-10 18:55:54.935000','18','Intel Core i5-1340P',3,'',8,1),(722,'2023-11-10 18:55:54.937000','17','AMD Ryzen™ 9 7940HS',3,'',8,1),(723,'2023-11-10 18:55:54.940000','16','Intel Core i9 - 13900H',3,'',8,1),(724,'2023-11-10 18:55:54.942000','15','AMD Ryzen 7-6800HS',3,'',8,1),(725,'2023-11-10 18:55:54.945000','14','AMD Ryzen 7-6800H',3,'',8,1),(726,'2023-11-10 18:55:54.947000','13','Intel Core i5-10300H',3,'',8,1),(727,'2023-11-10 18:55:54.949000','12','Intel Core i7-12700H',3,'',8,1),(728,'2023-11-10 18:55:54.952000','11','AMD Ryzen™ 7 7735HS',3,'',8,1),(729,'2023-11-10 18:55:54.955000','10','Intel Core i9-13980HX',3,'',8,1),(730,'2023-11-10 18:57:51.216000','185','AMD Ryzen 7 7840HS',2,'[{\"changed\": {\"fields\": [\"Name\"]}}]',14,1),(731,'2023-11-10 18:58:48.556000','96','CPU Intel Core i3-9100',2,'[{\"changed\": {\"fields\": [\"Name\"]}}]',14,1),(732,'2023-11-10 18:59:13.970000','91','CPU Intel Core i5-13400',2,'[{\"changed\": {\"fields\": [\"Name\"]}}]',14,1),(733,'2023-11-10 18:59:20.092000','93','CPU Intel Core i5-13400F',2,'[{\"changed\": {\"fields\": [\"Name\"]}}]',14,1),(734,'2023-11-10 19:02:01.134000','197','Intel Core i3-1005G1',2,'[{\"changed\": {\"fields\": [\"Name\"]}}]',14,1),(735,'2023-11-10 19:02:09.713000','164','Intel Core i3-1115G4',2,'[{\"changed\": {\"fields\": [\"Name\"]}}]',14,1),(736,'2023-11-10 19:02:49.636000','162','Intel Core i3-1215U',3,'',14,1),(737,'2023-11-10 19:03:33.476000','170','Intel Core i5-10300H',2,'[{\"changed\": {\"fields\": [\"Name\"]}}]',14,1),(738,'2023-11-10 19:03:41.035000','169','Intel Core i5-11400H',2,'[{\"changed\": {\"fields\": [\"Name\"]}}]',14,1),(739,'2023-11-10 19:03:49.395000','196','Intel Core i5-1240P',2,'[{\"changed\": {\"fields\": [\"Name\"]}}]',14,1),(740,'2023-11-10 19:04:29.924000','208','Intel Core i5-6200U',2,'[{\"changed\": {\"fields\": [\"Name\"]}}]',14,1),(741,'2023-11-10 19:04:35.424000','207','Intel Core i5-10210U',2,'[{\"changed\": {\"fields\": [\"Name\"]}}]',14,1),(742,'2023-11-10 19:05:09.511000','184','Intel Core i5-1335u',2,'[{\"changed\": {\"fields\": [\"Name\"]}}]',14,1),(743,'2023-11-10 19:05:16.159000','178','Intel Core i5-1340P',2,'[{\"changed\": {\"fields\": [\"Name\"]}}]',14,1),(744,'2023-11-10 19:05:22.063000','199','Intel Core i5-8250U',2,'[{\"changed\": {\"fields\": [\"Name\"]}}]',14,1),(745,'2023-11-10 19:05:49.002000','154','Intel Core i5-10300H',3,'',14,1),(746,'2023-11-10 19:06:09.112000','166','Intel Core i5-1135G7',3,'',14,1),(747,'2023-11-10 19:06:35.001000','203','Intel Core i5-1235U',3,'',14,1),(748,'2023-11-10 19:06:51.708000','204','Intel Core i5-1240P',3,'',14,1),(749,'2023-11-10 19:07:17.397000','196','Intel Core i5-1240P',3,'',14,1),(750,'2023-11-10 19:07:40.102000','159','Intel Core i5-1340P',3,'',14,1),(751,'2023-11-10 19:08:22.495000','180','Intel Core i7-1360P',2,'[{\"changed\": {\"fields\": [\"Name\"]}}]',14,1),(752,'2023-11-10 19:08:41.108000','188','Intel Core i7-8750H',2,'[{\"changed\": {\"fields\": [\"Name\"]}}]',14,1),(753,'2023-11-10 19:08:46.850000','172','Intel Core i7 8750H',3,'',14,1),(754,'2023-11-10 19:09:03.343000','181','Intel Core i7-1355U',3,'',14,1),(755,'2023-11-10 19:09:11.346000','209','Intel Core i7-1165G7',3,'',14,1),(756,'2023-11-10 19:09:24.395000','157','Intel Core i9 - 13900H',3,'',14,1),(757,'2023-11-10 19:09:59.734000','160','Intel Core i5-11300H',2,'[{\"changed\": {\"fields\": [\"Name\"]}}]',14,1),(758,'2023-11-10 19:10:10.944000','206','Intel Core i5-1135G7',2,'[{\"changed\": {\"fields\": [\"Name\"]}}]',14,1),(759,'2023-11-10 19:10:23.068000','194','Intel Core i5-1340P',2,'[{\"changed\": {\"fields\": [\"Name\"]}}]',14,1),(760,'2023-11-10 19:10:32.236000','186','Intel Core i5-13500H',2,'[{\"changed\": {\"fields\": [\"Name\"]}}]',14,1),(761,'2023-11-10 19:10:44.787000','205','Intel Core i7-1185G7',2,'[{\"changed\": {\"fields\": [\"Name\"]}}]',14,1),(762,'2023-11-10 19:10:53.385000','177','Intel Core i7-13700H',2,'[{\"changed\": {\"fields\": [\"Name\"]}}]',14,1),(763,'2023-11-10 19:11:41.085000','171','Intel Core i7-7700HQ',2,'[{\"changed\": {\"fields\": [\"Name\"]}}]',14,1),(764,'2023-11-10 19:11:55.303000','178','Intel Core i5-1340P',3,'',14,1),(765,'2023-11-10 19:12:19.818000','201','Intel Core i5-1135G7',3,'',14,1),(766,'2023-11-10 19:12:27.407000','189','Intel Core i5-11300H',3,'',14,1),(767,'2023-11-10 19:13:58.600000','229','SSD 512GB M.2 NVMe™',3,'',14,1),(768,'2023-11-10 19:14:51.674000','233','SSD 128GB NVMe',2,'[]',14,1),(769,'2023-11-10 19:15:35.779000','228','SSD 512GB NVMe',2,'[{\"changed\": {\"fields\": [\"Category\"]}}]',14,1),(770,'2023-11-10 19:16:12.246000','235','SSD 2TB NVMe',2,'[{\"changed\": {\"fields\": [\"Category\"]}}]',14,1),(771,'2023-11-10 19:16:20.991000','231','SSD 512GB M.2 NVMe™',2,'[{\"changed\": {\"fields\": [\"Category\"]}}]',14,1),(772,'2023-11-10 19:16:27.157000','236','SSD 240GB NVMe',2,'[{\"changed\": {\"fields\": [\"Category\"]}}]',14,1),(773,'2023-11-10 19:16:32.908000','230','SSD 1TB M.2 NVMe™',2,'[{\"changed\": {\"fields\": [\"Category\"]}}]',14,1),(774,'2023-11-10 19:16:37.959000','233','SSD 128GB NVMe',2,'[{\"changed\": {\"fields\": [\"Category\"]}}]',14,1),(775,'2023-11-10 19:19:36.197000','89','AMD Ryzen 5-5600X',2,'[{\"changed\": {\"fields\": [\"Name\"]}}]',14,1),(776,'2023-11-10 19:19:53.545000','88','AMD Ryzen 5-4600G',2,'[{\"changed\": {\"fields\": [\"Name\"]}}]',14,1),(777,'2023-11-10 19:20:20.894000','158','AMD Ryzen 9-7940HS',2,'[{\"changed\": {\"fields\": [\"Name\"]}}]',14,1),(778,'2023-11-10 19:20:36.465000','191','AMD Ryzen 9-6900HS',2,'[{\"changed\": {\"fields\": [\"Name\"]}}]',14,1),(779,'2023-11-10 19:21:30.163000','192','AMD Ryzen 7 PRO-6850U',2,'[{\"changed\": {\"fields\": [\"Name\"]}}]',14,1),(780,'2023-11-10 19:21:46.069000','152','AMD Ryzen 7-7735HS',2,'[{\"changed\": {\"fields\": [\"Name\"]}}]',14,1),(781,'2023-11-10 19:21:55.010000','193','AMD Ryzen 7-7730U',2,'[{\"changed\": {\"fields\": [\"Name\"]}}]',14,1),(782,'2023-11-10 19:22:02.588000','161','AMD Ryzen 5-7520U',2,'[{\"changed\": {\"fields\": [\"Name\"]}}]',14,1),(783,'2023-11-10 19:22:38.191000','190','AMD Ryzen 7 - 6800H',3,'',14,1),(784,'2023-11-10 19:23:08.633000','173','AMD Ryzen 5-3500U',2,'[{\"changed\": {\"fields\": [\"Name\"]}}]',14,1),(785,'2023-11-10 19:23:14.636000','175','AMD Ryzen 5-3450U',2,'[{\"changed\": {\"fields\": [\"Name\"]}}]',14,1),(786,'2023-11-10 19:23:19.131000','176','AMD Ryzen 3-3250U',2,'[{\"changed\": {\"fields\": [\"Name\"]}}]',14,1),(787,'2023-11-10 19:23:36.872000','192','AMD Ryzen 7-PRO 6850U',2,'[{\"changed\": {\"fields\": [\"Name\"]}}]',14,1),(788,'2023-11-10 19:23:53.158000','192','AMD Ryzen 7-6850U',2,'[{\"changed\": {\"fields\": [\"Name\"]}}]',14,1),(789,'2023-11-10 19:25:13.656000','139','Ổ cứng SSD NVMe 1000GB Kingston NV2 SNV2S',2,'[{\"changed\": {\"fields\": [\"Name\"]}}]',14,1),(790,'2023-11-10 19:25:33.258000','139','Ổ cứng SSD NVMe 1TB Kingston NV2 SNV2S',2,'[{\"changed\": {\"fields\": [\"Name\"]}}]',14,1),(791,'2023-11-10 19:26:40.105000','185','CPU AMD Ryzen 7 7840HS',2,'[{\"changed\": {\"fields\": [\"Name\"]}}]',14,1),(792,'2023-11-10 19:26:46.615000','187','CPU AMD Ryzen 5 7535HS',2,'[{\"changed\": {\"fields\": [\"Name\"]}}]',14,1),(793,'2023-11-10 19:29:47.643000','125','RAM laptop PNY Gaming 8GB DDR4 3200MHz',2,'[{\"changed\": {\"fields\": [\"Name\"]}}]',14,1),(794,'2023-11-10 19:29:58.866000','119','RAM Laptop TeamGroup Elite 8GB DDR4 3200MHz',2,'[{\"changed\": {\"fields\": [\"Name\"]}}]',14,1),(795,'2023-11-10 19:30:05.952000','105','RAM Laptop TeamGroup Elite 16GB DDR4 3200MHz',2,'[{\"changed\": {\"fields\": [\"Name\"]}}]',14,1),(796,'2023-11-10 19:31:08.858000','125','RAM laptop PNY Gaming 8GB DDR4 bus 3200MHz',2,'[{\"changed\": {\"fields\": [\"Name\"]}}]',14,1),(797,'2023-11-10 19:32:09.309000','128','RAM laptop SK Hynix DDR4 4GB bus 3200MHz',2,'[{\"changed\": {\"fields\": [\"Name\"]}}]',14,1),(798,'2023-11-10 19:32:49.428000','119','RAM Laptop TeamGroup Elite 8GB DDR4 bus 3200MHz',2,'[{\"changed\": {\"fields\": [\"Name\"]}}]',14,1),(799,'2023-11-10 19:32:57.113000','105','RAM Laptop TeamGroup Elite 16GB DDR4 bus 3200MHz',2,'[{\"changed\": {\"fields\": [\"Name\"]}}]',14,1),(800,'2023-11-10 19:33:55.309000','108','RAM Laptop Kingston DDR4 bus 3200MHz 16GB',2,'[{\"changed\": {\"fields\": [\"Name\"]}}]',14,1),(801,'2023-11-10 19:34:03.830000','126','RAM Laptop Kingston DDR4 bus 3200 4GB',2,'[{\"changed\": {\"fields\": [\"Name\"]}}]',14,1),(802,'2023-11-10 19:34:10.262000','127','RAM Laptop Kingston DDR4 bus 2666MHz 4GB',2,'[{\"changed\": {\"fields\": [\"Name\"]}}]',14,1),(803,'2023-11-10 19:34:45.474000','107','RAM Laptop Kingston DDR4 16GB bus 2666MHz',2,'[{\"changed\": {\"fields\": [\"Name\"]}}]',14,1),(804,'2023-11-10 19:35:10.091000','121','Ram Laptop DDR4 Kingston Bus 3200MHz 8GB',2,'[{\"changed\": {\"fields\": [\"Name\"]}}]',14,1),(805,'2023-11-10 19:35:24.650000','121','Ram Laptop DDR4 Kingston bus 3200MHz 8GB',2,'[{\"changed\": {\"fields\": [\"Name\"]}}]',14,1),(806,'2023-11-10 19:35:52.975000','216','RAM 32GB DDR5',2,'[{\"changed\": {\"fields\": [\"Name\"]}}]',14,1),(807,'2023-11-10 19:36:04.989000','212','RAM 16GB DDR5',3,'',14,1),(808,'2023-11-10 19:36:20.350000','217','RAM 16GB LPDDR5',2,'[{\"changed\": {\"fields\": [\"Name\"]}}]',14,1),(809,'2023-11-10 19:37:24.944000','151','Intel Core i9-13980HX',2,'[{\"changed\": {\"fields\": [\"Description\"]}}]',14,1),(810,'2023-11-10 19:37:55.255000','95','CPU Intel Celeron-G5900',2,'[{\"changed\": {\"fields\": [\"Name\"]}}]',14,1),(811,'2023-11-10 19:38:01.388000','94','CPU Intel Pentium Gold-G6405',2,'[{\"changed\": {\"fields\": [\"Name\"]}}]',14,1),(812,'2023-11-10 19:38:18.332000','185','CPU AMD Ryzen 7-7840HS',2,'[{\"changed\": {\"fields\": [\"Name\"]}}]',14,1),(813,'2023-11-10 19:38:23.628000','187','CPU AMD Ryzen 5-7535HS',2,'[{\"changed\": {\"fields\": [\"Name\"]}}]',14,1),(814,'2023-11-10 19:46:34.623000','41','Dell Inspiron G5 15 5500',3,'',14,1),(815,'2023-11-10 19:50:10.307000','65','NVIDIA® GeForce RTX™ 4060 8GB GDDR6',1,'[{\"added\": {}}]',8,1),(816,'2023-11-10 19:50:39.946000','66','NVIDIA® GeForce RTX™ 3050',1,'[{\"added\": {}}]',8,1),(817,'2023-11-10 19:50:50.257000','67','NVIDIA® GeForce RTX™ 4050 6GB GDDR6',1,'[{\"added\": {}}]',8,1),(818,'2023-11-11 05:49:45.578000','68','NVIDIA® Geforce GTX 1650',1,'[{\"added\": {}}]',8,1),(819,'2023-11-11 05:50:16.594000','69','NVIDIA® GeForce RTX™ 3060 6G DDR6',1,'[{\"added\": {}}]',8,1),(820,'2023-11-11 05:50:32.939000','70','AMD Radeon™ RX 6700S 8GB GDDR6',1,'[{\"added\": {}}]',8,1),(821,'2023-11-11 05:50:47.883000','71','NVIDIA® GeForce RTX™ 4070',1,'[{\"added\": {}}]',8,1),(822,'2023-11-11 05:50:57.166000','72','NVIDIA® GeForce RTX™ 4090',1,'[{\"added\": {}}]',8,1),(823,'2023-11-11 05:51:05.850000','73','NVIDIA® GeForce RTX™ 4060',1,'[{\"added\": {}}]',8,1),(824,'2023-11-11 05:51:16.840000','74','Intel® Iris® Xe Graphics',1,'[{\"added\": {}}]',8,1),(825,'2023-11-11 05:51:28.757000','75','AMD Radeon Vega',1,'[{\"added\": {}}]',8,1),(826,'2023-11-11 05:51:40.178000','76','Intel® UHD Graphics',1,'[{\"added\": {}}]',8,1),(827,'2023-11-11 05:51:57.370000','77','NVIDIA® GeForce MX330 2GB',1,'[{\"added\": {}}]',8,1),(828,'2023-11-11 05:52:05.696000','78','NVIDIA® GeForce RTX™ 3060',1,'[{\"added\": {}}]',8,1),(829,'2023-11-11 05:52:39.898000','79','NVIDIA® Geforce GTX 1650Ti',1,'[{\"added\": {}}]',8,1),(830,'2023-11-11 05:52:48.195000','80','NVIDIA® Geforce GTX 1050',1,'[{\"added\": {}}]',8,1),(831,'2023-11-11 05:52:57.284000','81','Intel® UHD Graphics 630',1,'[{\"added\": {}}]',8,1),(832,'2023-11-11 05:53:12.002000','82','NVIDIA® GeForce RTX™ 2060',1,'[{\"added\": {}}]',8,1),(833,'2023-11-11 05:53:24.017000','83','AMD Radeon Vega 3',1,'[{\"added\": {}}]',8,1),(834,'2023-11-11 05:53:34.162000','84','AMD Radeon Vega 8',1,'[{\"added\": {}}]',8,1),(835,'2023-11-11 05:53:56.614000','85','NVIDIA® GeForce RTX™ 40 Series',1,'[{\"added\": {}}]',8,1),(836,'2023-11-11 05:54:10.034000','86','NVIDIA® GeForce RTX™ 3050Ti',1,'[{\"added\": {}}]',8,1),(837,'2023-11-11 05:54:20.444000','87','NVIDIA® Geforce MX550 2GB GDDR6',1,'[{\"added\": {}}]',8,1),(838,'2023-11-11 05:54:36.593000','88','Intel® UHD Graphics 520',1,'[{\"added\": {}}]',8,1),(839,'2023-11-11 05:55:14.903000','89','NVIDIA GeForce RTX™ 4050 6GB GDDR6',1,'[{\"added\": {}}]',8,1),(840,'2023-11-11 05:55:29.594000','90','NVIDIA® Geforce GTX 1050 4GB',1,'[{\"added\": {}}]',8,1),(841,'2023-11-11 05:55:42.682000','91','AMD Radeon™ 680M Graphics',1,'[{\"added\": {}}]',8,1),(842,'2023-11-11 05:55:53.250000','92','AMD Radeon™ Graphics',1,'[{\"added\": {}}]',8,1),(843,'2023-11-11 05:56:06.218000','93','Intel® UHD Graphics 620',1,'[{\"added\": {}}]',8,1),(844,'2023-11-11 05:56:17.385000','94','Intel® HD Graphics 520',1,'[{\"added\": {}}]',8,1),(845,'2023-11-11 05:57:53.659000','234','HDD 1TB',2,'[{\"changed\": {\"fields\": [\"Category\"]}}]',14,1),(846,'2023-11-11 05:59:56.524000','89','CPU AMD Ryzen 5-5600X',2,'[{\"changed\": {\"fields\": [\"Name\"]}}]',14,1),(847,'2023-11-11 06:00:25.383000','88','CPU AMD Ryzen 5-4600G',2,'[{\"changed\": {\"fields\": [\"Name\"]}}]',14,1),(848,'2023-11-11 06:03:19.965000','301','AMD Radeon Vega 7',1,'[{\"added\": {}}]',14,1),(849,'2023-11-11 06:04:30.090000','302','Intel® UHD Graphics 610',1,'[{\"added\": {}}]',14,1),(850,'2023-11-11 06:04:51.353000','95','AMD Radeon Vega 7',1,'[{\"added\": {}}]',8,1),(851,'2023-11-11 06:04:58.319000','96','Intel® UHD Graphics 610',1,'[{\"added\": {}}]',8,1),(852,'2023-11-11 06:07:17.576000','2','CPU AMD Ryzen 5-4600G',1,'[{\"added\": {}}]',10,1),(853,'2023-11-11 06:10:46.608000','3','CPU AMD Ryzen 5-5600X',1,'[{\"added\": {}}]',10,1),(854,'2023-11-11 06:12:18.893000','4','CPU Intel Core i3-13100',1,'[{\"added\": {}}]',10,1),(855,'2023-11-11 06:13:53.314000','5','CPU Intel Core i5-13400',1,'[{\"added\": {}}]',10,1),(856,'2023-11-11 06:15:14.558000','6','CPU Intel Core i3-13100F',1,'[{\"added\": {}}]',10,1),(857,'2023-11-11 06:16:32.016000','7','CPU Intel Core i5-13400F',1,'[{\"added\": {}}]',10,1),(858,'2023-11-11 06:18:14.148000','8','CPU Intel Pentium Gold-G6405',1,'[{\"added\": {}}]',10,1),(859,'2023-11-11 06:19:47.154000','9','CPU Intel Celeron-G5900',1,'[{\"added\": {}}]',10,1),(860,'2023-11-11 06:21:35.865000','10','CPU Intel Core i3-9100',1,'[{\"added\": {}}]',10,1),(861,'2023-11-11 06:23:08.053000','11','CPU Intel Core i5-10400',1,'[{\"added\": {}}]',10,1),(862,'2023-11-11 06:25:50.967000','86','Laptop HP 15 dy2089ms 4W2K3UA',2,'[{\"changed\": {\"fields\": [\"Category\", \"Brand\"]}}]',14,1),(863,'2023-11-11 06:26:02.989000','85','Laptop HP Probook 640 G2',2,'[{\"changed\": {\"fields\": [\"Category\", \"Brand\"]}}]',14,1),(864,'2023-11-11 06:26:17.079000','87','Laptop HP Pavilion 15-EG2062TU 6K790PA',2,'[{\"changed\": {\"fields\": [\"Category\", \"Brand\"]}}]',14,1),(865,'2023-11-11 06:26:49.621000','17','Laptop Asus ROG Strix 2022 G17 G713RM-LL016W',2,'[{\"changed\": {\"fields\": [\"Name\"]}}]',14,1),(866,'2023-11-11 06:27:19.159000','31','Laptop HP Pavilion 14-DV2051TU 6K7G8PA',2,'[{\"changed\": {\"fields\": [\"Category\", \"Brand\"]}}]',14,1),(867,'2023-11-11 06:27:41.500000','48','Laptop Dell Alienware X16 R1 (2023)',2,'[{\"changed\": {\"fields\": [\"Name\"]}}]',14,1),(868,'2023-11-11 06:28:46.753000','84','Laptop HP Elitebook 840 G3',2,'[{\"changed\": {\"fields\": [\"Category\", \"Brand\"]}}]',14,1),(869,'2023-11-11 06:28:58.030000','83','Laptop HP Notebook 14s cr2005tu',2,'[{\"changed\": {\"fields\": [\"Category\", \"Brand\"]}}]',14,1),(870,'2023-11-11 06:29:07.434000','82','Laptop HP ProBook 440 G7',2,'[{\"changed\": {\"fields\": [\"Category\", \"Brand\"]}}]',14,1),(871,'2023-11-11 06:29:19.330000','81','Laptop HP Elitebook 840 G8',2,'[{\"changed\": {\"fields\": [\"Category\", \"Brand\"]}}]',14,1),(872,'2023-11-11 06:29:49.846000','29','Laptop Asus Vivobook K3500P',2,'[{\"changed\": {\"fields\": [\"Name\"]}}]',14,1),(873,'2023-11-11 06:29:53.725000','24','Laptop Asus TUF Gaming F15 FX507ZC',2,'[{\"changed\": {\"fields\": [\"Name\"]}}]',14,1),(874,'2023-11-11 06:30:34.433000','45','Laptop Dell Inspiron G5 15 5500',2,'[{\"changed\": {\"fields\": [\"Name\"]}}]',14,1),(875,'2023-11-11 06:30:39.056000','43','Laptop Dell Inspiron G7 7588',2,'[{\"changed\": {\"fields\": [\"Name\"]}}]',14,1),(876,'2023-11-11 06:30:44.947000','42','Laptop Dell Inspiron 5577',2,'[{\"changed\": {\"fields\": [\"Name\"]}}]',14,1),(877,'2023-11-11 06:30:52.162000','39','Laptop Dell G15 5520',2,'[{\"changed\": {\"fields\": [\"Name\"]}}]',14,1),(878,'2023-11-11 06:31:16.332000','61','Laptop Lenovo Legion Slim 5 16IRH8 82YA00BSVN',2,'[{\"changed\": {\"fields\": [\"Name\"]}}]',14,1),(879,'2023-11-11 06:31:18.817000','60','Laptop Lenovo Legion Slim 5 16IRH8 82YA008HVN',2,'[{\"changed\": {\"fields\": [\"Name\"]}}]',14,1),(880,'2023-11-11 06:34:16.262000','12','AMD Ryzen 7-7735HS',1,'[{\"added\": {}}]',10,1),(881,'2023-11-11 06:35:03.632000','13','AMD Ryzen 7-6800H',1,'[{\"added\": {}}]',10,1),(882,'2023-11-11 06:35:17.173000','14','AMD Ryzen 7-6800HS',1,'[{\"added\": {}}]',10,1),(883,'2023-11-11 06:35:24.831000','15','AMD Ryzen 9-7940HS',1,'[{\"added\": {}}]',10,1),(884,'2023-11-11 06:35:33.809000','16','AMD Ryzen 5-7520U',1,'[{\"added\": {}}]',10,1),(885,'2023-11-11 06:35:39.514000','17','AMD Ryzen 5-3500U',1,'[{\"added\": {}}]',10,1),(886,'2023-11-11 06:35:44.866000','18','AMD Ryzen 5-3450U',1,'[{\"added\": {}}]',10,1),(887,'2023-11-11 06:35:50.903000','19','AMD Ryzen 3-3250U',1,'[{\"added\": {}}]',10,1),(888,'2023-11-11 06:35:56.809000','20','AMD Ryzen 9-6900HS',1,'[{\"added\": {}}]',10,1),(889,'2023-11-11 06:36:04.931000','21','AMD Ryzen 7-6850U',1,'[{\"added\": {}}]',10,1),(890,'2023-11-11 06:36:14.498000','22','AMD Ryzen 7-7730U',1,'[{\"added\": {}}]',10,1),(891,'2023-11-11 06:36:22.146000','23','AMD Ryzen 5-5600H',1,'[{\"added\": {}}]',10,1),(892,'2023-11-11 06:36:30.941000','24','AMD Ryzen 7-5825U',1,'[{\"added\": {}}]',10,1),(893,'2023-11-11 06:38:17.346000','302','Intel® UHD Graphics 610',2,'[{\"changed\": {\"fields\": [\"Category\"]}}]',14,1),(894,'2023-11-11 06:38:52.658000','187','AMD Ryzen 5-7535HS',2,'[{\"changed\": {\"fields\": [\"Name\"]}}]',14,1),(895,'2023-11-11 06:38:57.842000','185','AMD Ryzen 7-7840HS',2,'[{\"changed\": {\"fields\": [\"Name\"]}}]',14,1),(896,'2023-11-11 06:42:03.402000','25','Intel Core i9-13980HX',1,'[{\"added\": {}}]',10,1),(897,'2023-11-11 06:42:08.129000','26','Intel Core i7-12700H',1,'[{\"added\": {}}]',10,1),(898,'2023-11-11 06:42:13.024000','27','Intel Core i5-11300H',1,'[{\"added\": {}}]',10,1),(899,'2023-11-11 06:42:19.868000','28','Intel Core i3-10110U',1,'[{\"added\": {}}]',10,1),(900,'2023-11-11 06:42:31.784000','29','Intel Core i3-1115G4',1,'[{\"added\": {}}]',10,1),(901,'2023-11-11 06:42:39.671000','30','Intel Core i5-12500H',1,'[{\"added\": {}}]',10,1),(902,'2023-11-11 06:42:47.921000','31','Intel Core i9-13900HX',1,'[{\"added\": {}}]',10,1),(903,'2023-11-11 06:42:57.026000','32','Intel Core i7-13650HX',1,'[{\"added\": {}}]',10,1),(904,'2023-11-11 06:43:06.603000','33','Intel Core i5-11400H',1,'[{\"added\": {}}]',10,1),(905,'2023-11-11 06:43:17.375000','34','Intel Core i5-10300H',1,'[{\"added\": {}}]',10,1),(906,'2023-11-11 06:43:27.534000','35','Intel Core i7-7700HQ',1,'[{\"added\": {}}]',10,1),(907,'2023-11-11 06:44:21.339000','36','Intel Core i7-10750H',1,'[{\"added\": {}}]',10,1),(908,'2023-11-11 06:44:35.657000','37','Intel Core i7-13700H',1,'[{\"added\": {}}]',10,1),(909,'2023-11-11 06:44:47.664000','38','Intel Core i5-1240P',1,'[{\"added\": {}}]',10,1),(910,'2023-11-11 06:45:01.140000','39','Intel Core i7-1360P',1,'[{\"added\": {}}]',10,1),(911,'2023-11-11 06:45:11.910000','40','Intel Core i7-1260P',1,'[{\"added\": {}}]',10,1),(912,'2023-11-11 06:45:24.808000','41','Intel Core i7-1165G7',1,'[{\"added\": {}}]',10,1),(913,'2023-11-11 06:45:43.835000','42','Intel Core i5-1335u',1,'[{\"added\": {}}]',10,1),(914,'2023-11-11 06:45:54.211000','43','Intel Core i5-13500H',1,'[{\"added\": {}}]',10,1),(915,'2023-11-11 06:46:06.735000','44','Intel Core i7-8750H',1,'[{\"added\": {}}]',10,1),(916,'2023-11-11 06:46:18.212000','45','Intel Core i5-1340P',1,'[{\"added\": {}}]',10,1),(917,'2023-11-11 06:46:29.003000','46','Intel Core i3-1005G1',1,'[{\"added\": {}}]',10,1),(918,'2023-11-11 06:46:42.808000','47','Intel Core i5-1235U',1,'[{\"added\": {}}]',10,1),(919,'2023-11-11 06:46:56.689000','48','Intel Core i5-8250U',1,'[{\"added\": {}}]',10,1),(920,'2023-11-11 06:47:14.118000','49','Intel Core i7-1355U',1,'[{\"added\": {}}]',10,1),(921,'2023-11-11 06:47:37.521000','50','Intel Core i7-1185G7',1,'[{\"added\": {}}]',10,1),(922,'2023-11-11 06:47:51.408000','51','Intel Core i5-1135G7',1,'[{\"added\": {}}]',10,1),(923,'2023-11-11 06:48:13.461000','52','Intel Core i5-10210U',1,'[{\"added\": {}}]',10,1),(924,'2023-11-11 06:48:46.702000','53','Intel Core i5-6200U',1,'[{\"added\": {}}]',10,1),(925,'2023-11-11 06:48:55.478000','54','Intel Core i3-1215U',1,'[{\"added\": {}}]',10,1),(926,'2023-11-11 08:12:05.879000','2','RAM Laptop DDR5 16GB Samsung bus 5600Mhz',1,'[{\"added\": {}}]',18,1),(927,'2023-11-11 08:12:56.920000','123','RAM Laptop 8GB DDR4 Adata AD4S32008G22-SGN',2,'[{\"changed\": {\"fields\": [\"Name\"]}}]',14,1),(928,'2023-11-11 08:19:00.566000','3','RAM Laptop DDR5 16GB Samsung bus 4800Mhz',1,'[{\"added\": {}}]',18,1),(929,'2023-11-11 08:20:01.523000','4','RAM Laptop TeamGroup Elite 16GB DDR4 bus 3200MHz',1,'[{\"added\": {}}]',18,1),(930,'2023-11-11 08:23:17.519000','5','RAM Laptop Kingston DDR4 16GB bus 2666MHz',1,'[{\"added\": {}}]',18,1),(931,'2023-11-11 08:30:53.613000','6','RAM Laptop Kingston DDR4 bus 3200MHz 16GB',1,'[{\"added\": {}}]',18,1),(932,'2023-11-11 08:52:45.287000','7','RAM Laptop DDR5 8GB Kingston bus 4800Mhz',1,'[{\"added\": {}}]',18,1),(933,'2023-11-11 08:57:53.264000','8','RAM Laptop Kingmax 16GB DDR4 bus 2666MHz',1,'[{\"added\": {}}]',18,1),(934,'2023-11-11 08:58:57.056000','9','RAM Laptop Samsung 16GB DDR4 bus 3200MHz',1,'[{\"added\": {}}]',18,1),(935,'2023-11-11 09:00:15.201000','10','RAM Laptop DDR5 8GB Crucial bus 4800Mhz',1,'[{\"added\": {}}]',18,1),(936,'2023-11-11 09:01:32.609000','11','RAM Laptop DDR4 16GB TeamGroup Elite bus 2666Mhz',1,'[{\"added\": {}}]',18,1),(937,'2023-11-11 09:02:27.876000','12','RAM Laptop Samsung 16GB DDR4 bus 2400MHz',1,'[{\"added\": {}}]',18,1),(938,'2023-11-11 09:03:25.528000','13','RAM Laptop PNY 16GB DDR4 bus 2666MHz',1,'[{\"added\": {}}]',18,1),(939,'2023-11-11 09:04:03.088000','14','RAM Laptop DDR5 8GB Samsung bus 5600Mhz',1,'[{\"added\": {}}]',18,1),(940,'2023-11-11 09:04:51.610000','15','RAM Laptop DDR5 8GB Samsung bus 4800Mhz',1,'[{\"added\": {}}]',18,1),(941,'2023-11-11 09:05:56.879000','16','RAM Laptop DDR5 8GB SK Hynix bus 4800Mhz',1,'[{\"added\": {}}]',18,1),(942,'2023-11-11 09:07:00.521000','17','RAM Laptop TeamGroup Elite 8GB DDR4 bus 3200MHz',1,'[{\"added\": {}}]',18,1),(943,'2023-11-11 09:08:07.385000','18','RAM Laptop DDR4 8GB Patriot bus 3200Mhz',1,'[{\"added\": {}}]',18,1),(944,'2023-11-11 09:09:01.540000','19','Ram Laptop DDR4 Kingston bus 3200MHz 8GB',1,'[{\"added\": {}}]',18,1),(945,'2023-11-11 09:09:51.316000','20','RAM Laptop 8GB DDR4 Micron bus 3200Mhz',1,'[{\"added\": {}}]',18,1),(946,'2023-11-11 09:10:57.829000','21','RAM Laptop 8GB DDR4 Adata AD4S32008G22-SGN',1,'[{\"added\": {}}]',18,1),(947,'2023-11-11 09:13:15.544000','22','RAM Laptop DDR4 8GB TeamGroup Elite bus 2666Mhz',1,'[{\"added\": {}}]',18,1),(948,'2023-11-11 09:15:15.101000','23','RAM laptop PNY Gaming 8GB DDR4 bus 3200MHz',1,'[{\"added\": {}}]',18,1),(949,'2023-11-11 09:16:21.182000','24','RAM Laptop Kingston DDR4 bus 3200 4GB',1,'[{\"added\": {}}]',18,1),(950,'2023-11-11 09:18:36.096000','25','RAM Laptop Kingston DDR4 bus 2666MHz 4GB',1,'[{\"added\": {}}]',18,1),(951,'2023-11-11 09:19:47.919000','26','RAM laptop SK Hynix DDR4 4GB bus 3200MHz',1,'[{\"added\": {}}]',18,1),(952,'2023-11-11 09:21:14.016000','27','RAM Laptop Samsung DDR4 4GB Bus 3200Mhz',1,'[{\"added\": {}}]',18,1),(953,'2023-11-11 09:22:09.729000','28','RAM Laptop Samsung 8GB DDR3L bus 1600Mhz',1,'[{\"added\": {}}]',18,1),(954,'2023-11-11 09:24:04.351000','29','RAM laptop 8GB DDR3L SK Hynix bus 1600Mhz',1,'[{\"added\": {}}]',18,1),(955,'2023-11-11 09:25:30.466000','30','RAM 16GB DDR5 4800MHz',1,'[{\"added\": {}}]',18,1),(956,'2023-11-11 09:25:56.674000','31','RAM 16GB DDR4',1,'[{\"added\": {}}]',18,1),(957,'2023-11-11 09:26:17.259000','32','RAM 8GB DDR4',1,'[{\"added\": {}}]',18,1),(958,'2023-11-11 09:26:43.721000','33','RAM 16GB DDR5',1,'[{\"added\": {}}]',18,1),(959,'2023-11-11 09:27:10.090000','34','RAM 32GB DDR5',1,'[{\"added\": {}}]',18,1),(960,'2023-11-11 09:28:05.140000','35','RAM 16GB LPDDR5',1,'[{\"added\": {}}]',18,1),(961,'2023-11-11 09:28:22.594000','36','RAM 32GB LPDDR5',1,'[{\"added\": {}}]',18,1),(962,'2023-11-11 09:28:47.935000','37','RAM 16GB DDR4 3200MHz',1,'[{\"added\": {}}]',18,1),(963,'2023-11-11 09:29:37.232000','38','RAM 12GB DDR4',1,'[{\"added\": {}}]',18,1),(964,'2023-11-11 09:30:07.260000','39','RAM 16GB DDR5 5200Mhz',1,'[{\"added\": {}}]',18,1),(965,'2023-11-11 09:30:31.194000','40','RAM 8GB LPDDR5 4800MHz',1,'[{\"added\": {}}]',18,1),(966,'2023-11-11 09:30:58.333000','41','RAM 8GB DDR5 4800MHz',1,'[{\"added\": {}}]',18,1),(967,'2023-11-11 09:31:27.574000','42','RAM 32GB LPDDR5 6400Mhz',1,'[{\"added\": {}}]',18,1),(968,'2023-11-11 09:31:47.548000','43','RAM 8GB LPDDR5',1,'[{\"added\": {}}]',18,1),(969,'2023-11-11 09:32:30.544000','44','RAM 8GB DDR4 3200Mhz',1,'[{\"added\": {}}]',18,1),(970,'2023-11-11 09:37:27.647000','1','Ổ cứng SSD NVMe 2TB Kingston KC2500 SKC2500M8',1,'[{\"added\": {}}]',12,1),(971,'2023-11-11 09:38:32.149000','2','Ổ cứng SSD NVMe 2TB Kingston NV2',1,'[{\"added\": {}}]',12,1),(972,'2023-11-11 09:40:07.002000','3','Ổ cứng SSD NVMe 2TB Crucial CT2000P2SSD8',1,'[{\"added\": {}}]',12,1),(973,'2023-11-11 09:41:15.381000','4','Ổ cứng SSD NVMe 1TB Samsung 990 PRO MZ',1,'[{\"added\": {}}]',12,1),(974,'2023-11-11 09:44:00.609000','5','Ổ cứng SSD 1TB Samsung PCIe NVMe',1,'[{\"added\": {}}]',12,1),(975,'2023-11-11 09:45:25.186000','6','Ổ cứng SSD NVMe 1TB Samsung 970',1,'[{\"added\": {}}]',12,1),(976,'2023-11-11 09:46:48.301000','7','Ổ cứng SSD 2.5 Inch 1TB Samsung 870',1,'[{\"added\": {}}]',12,1),(977,'2023-11-11 09:48:14.580000','8','Ổ cứng SSD NVMe 1TB Kingston NV2 SNV2S',1,'[{\"added\": {}}]',12,1),(978,'2023-11-11 09:49:41.451000','9','Ổ cứng SSD 1TB 2.5 Inch Crucial BX500 CT1000BX500SSD1',1,'[{\"added\": {}}]',12,1),(979,'2023-11-11 09:51:14.607000','10','Ổ cứng SSD NVMe 1TB Samsung PM991 M.2 2280',1,'[{\"added\": {}}]',12,1),(980,'2023-11-11 09:52:45.165000','11','HDD 2.5 Inch WD Blue 5400rpm WD20SPZX-22UA7T0',1,'[{\"added\": {}}]',12,1),(981,'2023-11-11 09:54:23.594000','12','SSD 1TB NVMe',1,'[{\"added\": {}}]',12,1),(982,'2023-11-11 09:54:59.573000','13','SSD 512GB NVMe',1,'[{\"added\": {}}]',12,1),(983,'2023-11-11 09:55:19.885000','14','SSD 1TB M.2 NVMe™',1,'[{\"added\": {}}]',12,1),(984,'2023-11-11 09:55:36.047000','15','SSD 512GB M.2 NVMe™',1,'[{\"added\": {}}]',12,1),(985,'2023-11-11 09:56:30.564000','16','SSD 256GB NVMe',1,'[{\"added\": {}}]',12,1),(986,'2023-11-11 09:56:55.179000','17','SSD 128GB NVMe',1,'[{\"added\": {}}]',12,1),(987,'2023-11-11 09:57:16.032000','18','SSD 2TB NVMe',1,'[{\"added\": {}}]',12,1),(988,'2023-11-11 09:57:39.760000','19','SSD 240GB NVMe',1,'[{\"added\": {}}]',12,1),(989,'2023-11-11 10:01:31.636000','142','Ổ cứng HDD 2.5 Inch WD Blue 5400rpm WD20SPZX-22UA7T0',2,'[{\"changed\": {\"fields\": [\"Name\"]}}]',14,1),(990,'2023-11-11 10:06:59.330000','2','Màn Hình Di Động LG Gram View 16MR70.ASDA5 16 inch QHD',1,'[{\"added\": {}}]',22,1),(991,'2023-11-11 10:07:44.621000','3','Màn hình máy tính Lenovo Legion Y27-30 - 27 Inch FHD IPS 180Hz',1,'[{\"added\": {}}]',22,1),(992,'2023-11-11 10:08:34.570000','4','Màn hình máy tính 24 Inch Acer EK241Y Full HD 75Hz',1,'[{\"added\": {}}]',22,1),(993,'2023-11-11 10:09:53.175000','5','Màn hình máy tính 27 inch Viewsonic VX2717-C-MH',1,'[{\"added\": {}}]',22,1),(994,'2023-11-11 10:11:00.969000','6','Màn hình 23.6 Inch Viewsonic VA2409-H FullHD',1,'[{\"added\": {}}]',22,1),(995,'2023-11-11 10:13:18.381000','7','Màn hình 22 Inch ViewSonic VA2223-H Full HD',1,'[{\"added\": {}}]',22,1),(996,'2023-11-11 10:14:10.915000','8','Màn hình 22 Inch Acer AOPEN 22CV1Q Full HD',1,'[{\"added\": {}}]',22,1),(997,'2023-11-11 10:16:17.274000','9','Màn hình Dell E2417H 24 Inch Cũ / Full HD / 60Hz',1,'[{\"added\": {}}]',22,1),(998,'2023-11-11 10:16:34.904000','10','16 Inch QHD+, 240Hz, 100%sRGB',1,'[{\"added\": {}}]',22,1),(999,'2023-11-11 10:16:45.569000','11','14 Inch WUXGA (1920 x 1200) 100% sRGB 144Hz',1,'[{\"added\": {}}]',22,1),(1000,'2023-11-11 10:16:56.421000','12','15.6 Inch FHD 144Hz, 100%sRGB',1,'[{\"added\": {}}]',22,1),(1001,'2023-11-11 10:17:07.787000','13','15.6 Inch Full HD 144Hz',1,'[{\"added\": {}}]',22,1),(1002,'2023-11-11 10:17:23.348000','12','15.6 Inch FHD 144Hz, 100%sRGB',2,'[{\"changed\": {\"fields\": [\"Size\"]}}]',22,1),(1003,'2023-11-11 10:17:52.455000','14','17.3 Inch WQHD (2560 x 1440) 240Hz',1,'[{\"added\": {}}]',22,1),(1004,'2023-11-11 10:18:04.340000','15','15.6 Inch 2K (2560 x1440) IPS 240Hz, 100% sRGB',1,'[{\"added\": {}}]',22,1),(1005,'2023-11-11 10:18:13.778000','16','14 Inch WQHD (2560 x 1440) 120Hz',1,'[{\"added\": {}}]',22,1),(1006,'2023-11-11 10:18:27.929000','17','16 inch QHD 100%DCI - P3, 240 Hz',1,'[{\"added\": {}}]',22,1),(1007,'2023-11-11 10:18:36.915000','18','14 inch QHD 100%DCI-P3, 165Hz miniLED',1,'[{\"added\": {}}]',22,1),(1008,'2023-11-11 10:19:01.468000','19','13.4 inch QHD+, 100% DCI-P3, 165Hz',1,'[{\"added\": {}}]',22,1),(1009,'2023-11-11 10:19:18.561000','20','14.5 inch 2.8K OLED 100% DCI-P3',1,'[{\"added\": {}}]',22,1),(1010,'2023-11-11 10:19:29.418000','21','14.0 Inch OLED WQXGA+',1,'[{\"added\": {}}]',22,1),(1011,'2023-11-11 10:19:39.978000','22','15.6 Inch Full HD OLED, 100%DCI-P3',1,'[{\"added\": {}}]',22,1),(1012,'2023-11-11 10:19:57.401000','23','14.5 Inch 2.8K OLED 100% sRGB',1,'[{\"added\": {}}]',22,1),(1013,'2023-11-11 10:20:54.923000','24','15.6 Inch 2.8K OLED',1,'[{\"added\": {}}]',22,1),(1014,'2023-11-11 10:21:08.695000','25','14 Inch Full HD',1,'[{\"added\": {}}]',22,1),(1015,'2023-11-11 10:21:22.988000','26','15.6 Inch Full HD',1,'[{\"added\": {}}]',22,1),(1016,'2023-11-11 10:21:58.107000','27','16 Inch 2K 240Hz 100% DCI-P3',1,'[{\"added\": {}}]',22,1),(1017,'2023-11-11 10:22:20.256000','28','15.6 Inch Full HD 165Hz',1,'[{\"added\": {}}]',22,1),(1018,'2023-11-11 10:22:43.432000','29','16 Inch QHD+, 165Hz, 100%sRGB',1,'[{\"added\": {}}]',22,1),(1019,'2023-11-11 10:23:09.835000','30','13.4 Inch FHD',1,'[{\"added\": {}}]',22,1),(1020,'2023-11-11 10:23:30.392000','31','16 Inch FHD',1,'[{\"added\": {}}]',22,1),(1021,'2023-11-11 10:24:02.417000','32','13.3 Inch QHD',1,'[{\"added\": {}}]',22,1),(1022,'2023-11-11 10:24:19.665000','33','16 Inch 4K',1,'[{\"added\": {}}]',22,1),(1023,'2023-11-11 10:24:35.880000','34','13.3 Inch FHD',1,'[{\"added\": {}}]',22,1),(1024,'2023-11-11 10:25:41.993000','35','15 Incn FHD, 120Mhz',1,'[{\"added\": {}}]',22,1),(1025,'2023-11-11 10:26:05.754000','36','16 Inch WQXGA (2560x1600) IPS 300nits, 100% sRGB, 165Hz',1,'[{\"added\": {}}]',22,1),(1026,'2023-11-11 10:26:15.579000','37','16 inch 2K 100% sRGB 165Hz',1,'[{\"added\": {}}]',22,1),(1027,'2023-11-11 10:26:31.441000','38','14.5 inch 3K 100% sRGB, 120Hz',1,'[{\"added\": {}}]',22,1),(1028,'2023-11-11 10:27:17.993000','39','14 Inch Full HD, 300nits, IPS 100% sRGB',1,'[{\"added\": {}}]',22,1),(1029,'2023-11-11 10:27:28.304000','40','14 Inch 2.8K 100% sRGB 120Hz 400 nits',1,'[{\"added\": {}}]',22,1),(1030,'2023-11-11 10:27:41.397000','41','16 Inch 2.5K (2560x1600), 100% sRGB',1,'[{\"added\": {}}]',22,1),(1031,'2023-11-11 10:27:54.608000','42','14 inch 2.2K 100% sRGB Touch',1,'[{\"added\": {}}]',22,1),(1032,'2023-11-11 10:29:21.691000','43','14 Inch Full HD (1920x1080) IPS 300nits',1,'[{\"added\": {}}]',22,1),(1033,'2023-11-11 10:30:20.406000','292','15 Inch FHD, 120Mhz',2,'[{\"changed\": {\"fields\": [\"Name\"]}}]',14,1),(1034,'2023-11-11 10:48:06.422000','1','Laptop ASUS ROG Strix G16 G614JV-N4261W',1,'[{\"added\": {}}]',23,1),(1035,'2023-11-11 10:50:07.184000','2','Laptop ASUS ROG Zephyrus G14 GA402NJ-L4056W',1,'[{\"added\": {}}]',23,1),(1036,'2023-11-11 11:12:46.219000','1','link https://laptop88.vn/media/product/8336_1a4ddaf8_0ec7_4d79_8847_46d5140ddc38.png',1,'[{\"added\": {}}]',24,1),(1037,'2023-11-11 11:13:57.909000','2','link https://laptop88.vn/media/product/8336_3fb10c4b_fe88_4f2c_9c90_045e39a11c78.png',1,'[{\"added\": {}}]',24,1),(1038,'2023-11-11 11:14:20.386000','3','link https://laptop88.vn/media/product/8336_57d8eb59_ad6a_4cf3_9c44_74a8c4681fd2.png',1,'[{\"added\": {}}]',24,1),(1039,'2023-11-11 11:15:42.221000','4','link https://laptop88.vn/media/product/8178_05_ga402_black_lb.png',1,'[{\"added\": {}}]',24,1),(1040,'2023-11-11 11:15:51.976000','5','link https://laptop88.vn/media/product/8178_2_30.jpg',1,'[{\"added\": {}}]',24,1),(1041,'2023-11-11 11:16:09.198000','6','link https://laptop88.vn/media/product/8178_6_34.jpg',1,'[{\"added\": {}}]',24,1),(1042,'2023-11-11 11:18:33.021000','7','link https://laptop88.vn/media/product/8477_photo_2023_10_04_15_03_29.jpg',1,'[{\"added\": {}}]',24,1),(1043,'2023-11-11 11:19:14.019000','8','link https://laptop88.vn/media/product/8477_photo_2023_10_04_15_03_40.jpg',1,'[{\"added\": {}}]',24,1),(1044,'2023-11-11 11:20:06.385000','9','link Laptop ASUS TUF Gaming F15 FX507ZU4 LP054W',1,'[{\"added\": {}}]',24,1),(1045,'2023-11-11 11:21:32.809000','10','link Laptop Asus TUF Gaming F15 FX506LHB-HN188W',1,'[{\"added\": {}}]',24,1),(1046,'2023-11-11 11:22:01.097000','11','link Laptop Asus TUF Gaming F15 FX506LHB-HN188W',1,'[{\"added\": {}}]',24,1),(1047,'2023-11-11 11:22:19.914000','12','link Laptop Asus TUF Gaming F15 FX506LHB-HN188W',1,'[{\"added\": {}}]',24,1),(1048,'2023-11-11 11:22:39.141000','13','link Laptop Asus ROG Strix 2022 G17 G713RM-LL016W',1,'[{\"added\": {}}]',24,1),(1049,'2023-11-11 11:24:22.849000','14','link Laptop Asus ROG Strix 2022 G17 G713RM-LL016W',1,'[{\"added\": {}}]',24,1),(1050,'2023-11-11 11:25:02.850000','15','link Laptop Asus ROG Strix 2022 G17 G713RM-LL016W',1,'[{\"added\": {}}]',24,1),(1051,'2023-11-11 11:25:38.983000','16','link Laptop Asus ROG Zephyrus G15 GA503RM-LN006W',1,'[{\"added\": {}}]',24,1),(1052,'2023-11-11 11:26:09.567000','17','link Laptop Asus ROG Zephyrus G15 GA503RM-LN006W',1,'[{\"added\": {}}]',24,1),(1053,'2023-11-11 11:26:28.921000','18','link Laptop Asus ROG Zephyrus G15 GA503RM-LN006W',1,'[{\"added\": {}}]',24,1),(1054,'2023-11-11 11:26:44.459000','19','link Laptop ASUS ROG Zephyrus G14 GA402RJ-L8030W',1,'[{\"added\": {}}]',24,1),(1055,'2023-11-11 11:27:42.418000','20','link Laptop ASUS ROG Zephyrus G14 GA402RJ-L8030W',1,'[{\"added\": {}}]',24,1),(1056,'2023-11-11 11:27:59.923000','21','link Laptop ASUS ROG Zephyrus G14 GA402RJ-L8030W',1,'[{\"added\": {}}]',24,1),(1057,'2023-11-11 11:28:18.659000','22','link Laptop Gaming ASUS ROG FLOW X16 2023',1,'[{\"added\": {}}]',24,1),(1058,'2023-11-11 11:28:49.764000','23','link Laptop Gaming ASUS ROG FLOW X16 2023',1,'[{\"added\": {}}]',24,1),(1059,'2023-11-11 11:29:05.913000','24','link Laptop Gaming ASUS ROG FLOW X16 2023',1,'[{\"added\": {}}]',24,1),(1060,'2023-11-11 11:29:30.681000','25','link Laptop Gaming ASUS ROG Zephyrus G14 2023',1,'[{\"added\": {}}]',24,1),(1061,'2023-11-11 11:30:21.749000','26','link Laptop Gaming ASUS ROG Zephyrus G14 2023',1,'[{\"added\": {}}]',24,1),(1062,'2023-11-11 11:30:50.538000','27','link Laptop Gaming ASUS ROG Zephyrus G14 2023',1,'[{\"added\": {}}]',24,1),(1063,'2023-11-11 11:31:26.947000','28','link Laptop Gaming ASUS ROG Flow X13 2023 GV302XI',1,'[{\"added\": {}}]',24,1),(1064,'2023-11-11 11:34:42.247000','29','link Laptop Gaming ASUS ROG Flow X13 2023 GV302XI',1,'[{\"added\": {}}]',24,1),(1065,'2023-11-11 11:35:06.783000','30','link Laptop Gaming ASUS ROG Flow X13 2023 GV302XI',1,'[{\"added\": {}}]',24,1),(1066,'2023-11-11 11:35:35.462000','31','link Laptop Gaming ASUS ROG FLOW Z13 2023 GZ301',1,'[{\"added\": {}}]',24,1),(1067,'2023-11-11 11:37:03.433000','32','link Laptop Asus TUF Gaming F15 FX507ZC',1,'[{\"added\": {}}]',24,1),(1068,'2023-11-11 11:37:32.027000','33','link Laptop Asus TUF Gaming F15 FX507ZC',1,'[{\"added\": {}}]',24,1),(1069,'2023-11-11 11:37:54.286000','34','link Laptop Asus TUF Gaming F15 FX507ZC',1,'[{\"added\": {}}]',24,1),(1070,'2023-11-11 11:38:53.322000','35','link Laptop ASUS Zenbook Pro 14 OLED UX6404VV-P4069W',1,'[{\"added\": {}}]',24,1),(1071,'2023-11-11 11:39:39.114000','36','link Laptop ASUS Zenbook Pro 14 OLED UX6404VV-P4069W',1,'[{\"added\": {}}]',24,1),(1072,'2023-11-11 11:40:05.722000','37','link Laptop ASUS Zenbook Pro 14 OLED UX6404VV-P4069W',1,'[{\"added\": {}}]',24,1),(1073,'2023-11-11 11:41:18.627000','38','link Laptop Asus Zenbook 14 OLED UX3402VA-KM085W',1,'[{\"added\": {}}]',24,1),(1074,'2023-11-11 11:41:46.331000','39','link Laptop Asus Zenbook 14 OLED UX3402VA-KM085W',1,'[{\"added\": {}}]',24,1),(1075,'2023-11-11 11:42:01.171000','40','link Laptop Asus Zenbook 14 OLED UX3402VA-KM085W',1,'[{\"added\": {}}]',24,1),(1076,'2023-11-11 11:42:42.662000','41','link Laptop Asus Vivobook 15X OLED S3504VA L1226W',1,'[{\"added\": {}}]',24,1),(1077,'2023-11-11 11:43:29.986000','42','link Laptop Asus Vivobook 15X OLED S3504VA L1226W',1,'[{\"added\": {}}]',24,1),(1078,'2023-11-11 11:43:48.924000','43','link Laptop Asus Vivobook 15X OLED S3504VA L1226W',1,'[{\"added\": {}}]',24,1),(1079,'2023-11-11 11:44:15.989000','44','link Laptop Asus Vivobook S5402ZA-IS74-M003Y0',1,'[{\"added\": {}}]',24,1),(1080,'2023-11-11 11:44:43.345000','45','link Laptop Asus Vivobook S5402ZA-IS74-M003Y0',1,'[{\"added\": {}}]',24,1),(1081,'2023-11-11 11:44:56.665000','46','link Laptop Asus Vivobook S5402ZA-IS74-M003Y0',1,'[{\"added\": {}}]',24,1),(1082,'2023-11-11 11:45:11.543000','47','link Laptop Asus Vivobook K3500P',1,'[{\"added\": {}}]',24,1),(1083,'2023-11-11 11:45:34.842000','48','link Laptop Asus Vivobook K3500P',1,'[{\"added\": {}}]',24,1),(1084,'2023-11-11 11:45:52.460000','49','link Laptop Asus Vivobook K3500P',1,'[{\"added\": {}}]',24,1),(1085,'2023-11-11 11:46:15.263000','50','link Laptop ASUS Vivobook Go 14 E1404FA-NK177W',1,'[{\"added\": {}}]',24,1),(1086,'2023-11-11 11:47:09.278000','51','link Laptop ASUS Vivobook Go 14 E1404FA-NK177W',1,'[{\"added\": {}}]',24,1),(1087,'2023-11-11 11:47:22.989000','52','link Laptop ASUS Vivobook Go 14 E1404FA-NK177W',1,'[{\"added\": {}}]',24,1),(1088,'2023-11-11 11:47:55.023000','53','link Laptop HP Pavilion 14-DV2051TU 6K7G8PA',1,'[{\"added\": {}}]',24,1),(1089,'2023-11-11 11:48:29.258000','54','link Laptop HP Pavilion 14-DV2051TU 6K7G8PA',1,'[{\"added\": {}}]',24,1),(1090,'2023-11-11 11:48:58.376000','55','link Laptop HP Pavilion 14-DV2051TU 6K7G8PA',1,'[{\"added\": {}}]',24,1),(1091,'2023-11-11 11:49:25.834000','56','link Laptop Asus Expert Book P2451FA-BV3022',1,'[{\"added\": {}}]',24,1),(1092,'2023-11-11 11:50:22.758000','57','link Laptop Asus Expert Book P2451FA-BV3022',1,'[{\"added\": {}}]',24,1),(1093,'2023-11-11 11:50:51.186000','58','link Laptop Asus Expert Book P2451FA-BV3022',1,'[{\"added\": {}}]',24,1),(1094,'2023-11-11 11:51:15.218000','59','link Laptop Asus Vivobook 15 A515EA-BQ1530W',1,'[{\"added\": {}}]',24,1),(1095,'2023-11-11 11:53:45.476000','60','link Laptop Asus Vivobook 15 A515EA-BQ1530W',1,'[{\"added\": {}}]',24,1),(1096,'2023-11-11 11:54:34.778000','61','link Laptop Asus Vivobook 15 A515EA-BQ1530W',1,'[{\"added\": {}}]',24,1),(1097,'2023-11-11 11:54:59.222000','62','link Laptop Asus Vivobook 14X OLED A1403ZA-KM161W',1,'[{\"added\": {}}]',24,1),(1098,'2023-11-11 11:55:38.683000','63','link Laptop Asus Vivobook 14X OLED A1403ZA-KM161W',1,'[{\"added\": {}}]',24,1),(1099,'2023-11-11 11:55:57.018000','64','link Laptop Asus Vivobook 14X OLED A1403ZA-KM161W',1,'[{\"added\": {}}]',24,1),(1100,'2023-11-11 11:56:10.311000','65','link Laptop Asus Vivobook X515EP EJ405W',1,'[{\"added\": {}}]',24,1),(1101,'2023-11-11 11:57:02.728000','66','link Laptop Asus Vivobook X515EP EJ405W',1,'[{\"added\": {}}]',24,1),(1102,'2023-11-11 11:57:22.375000','67','link Laptop Asus Vivobook X515EP EJ405W',1,'[{\"added\": {}}]',24,1),(1103,'2023-11-11 11:57:33.596000','68','link Laptop Asus Vivobook A15 A515EA L12033T',1,'[{\"added\": {}}]',24,1),(1104,'2023-11-11 11:58:44.965000','69','link Laptop Asus Vivobook A15 A515EA L12033T',1,'[{\"added\": {}}]',24,1),(1105,'2023-11-11 11:59:02.600000','70','link Laptop Asus Vivobook A15 A515EA L12033T',1,'[{\"added\": {}}]',24,1),(1106,'2023-11-11 12:06:54.625000','71','link Laptop Dell Gaming G16 7630 R1948W',1,'[{\"added\": {}}]',24,1),(1107,'2023-11-11 12:07:29.624000','72','link Laptop Dell Gaming G16 7630 R1948W',1,'[{\"added\": {}}]',24,1),(1108,'2023-11-11 12:07:48.589000','73','link Laptop Dell Gaming G16 7630 R1948W',1,'[{\"added\": {}}]',24,1),(1109,'2023-11-11 12:08:07.565000','74','link Laptop Dell Gaming G15 5530 i7H165W11GR4060',1,'[{\"added\": {}}]',24,1),(1110,'2023-11-11 12:08:54.094000','75','link Laptop Dell Gaming G15 5530 i7H165W11GR4060',1,'[{\"added\": {}}]',24,1),(1111,'2023-11-11 12:09:17.325000','76','link Laptop Dell Gaming G15 5530 i7H165W11GR4060',1,'[{\"added\": {}}]',24,1),(1112,'2023-11-11 13:51:03.149000','77','link Laptop Dell G15 5520',1,'[{\"added\": {}}]',24,1),(1113,'2023-11-11 13:51:43.809000','78','link Laptop Dell G15 5520',1,'[{\"added\": {}}]',24,1),(1114,'2023-11-11 13:52:01.567000','79','link Laptop Dell G15 5520',1,'[{\"added\": {}}]',24,1),(1115,'2023-11-11 13:52:17.142000','80','link Laptop Dell G15 5511',1,'[{\"added\": {}}]',24,1),(1116,'2023-11-11 13:53:05.309000','81','link Laptop Dell G15 5511',1,'[{\"added\": {}}]',24,1),(1117,'2023-11-11 13:53:23.281000','82','link Laptop Dell G15 5511',1,'[{\"added\": {}}]',24,1),(1118,'2023-11-11 13:54:58.474000','83','link Laptop Dell Inspiron 5577',1,'[{\"added\": {}}]',24,1),(1119,'2023-11-11 13:56:56.068000','84','link Laptop Dell Inspiron 5577',1,'[{\"added\": {}}]',24,1),(1120,'2023-11-11 13:57:37.459000','85','link Laptop Dell Inspiron 5577',1,'[{\"added\": {}}]',24,1),(1121,'2023-11-11 13:58:49.900000','86','link Laptop Dell Inspiron 5577',1,'[{\"added\": {}}]',24,1),(1122,'2023-11-11 14:00:25.328000','87','link Laptop Dell Inspiron G7 7588',1,'[{\"added\": {}}]',24,1),(1123,'2023-11-11 14:04:28.391000','88','link Laptop Dell Inspiron G7 7588',1,'[{\"added\": {}}]',24,1),(1124,'2023-11-11 14:04:54.551000','89','link Laptop Dell Inspiron G7 7588',1,'[{\"added\": {}}]',24,1),(1125,'2023-11-11 14:05:30.522000','90','link Laptop Dell Vostro 3405-R1505D',1,'[{\"added\": {}}]',24,1),(1126,'2023-11-11 14:06:37.128000','91','link Laptop Dell Vostro 3405-R1505D',1,'[{\"added\": {}}]',24,1),(1127,'2023-11-11 14:07:08.936000','92','link Laptop Dell Vostro 3405-R1505D',1,'[{\"added\": {}}]',24,1),(1128,'2023-11-11 14:07:39.697000','93','link Laptop Dell Inspiron G5 15 5500',1,'[{\"added\": {}}]',24,1),(1129,'2023-11-11 14:08:52.398000','94','link Laptop Dell Inspiron G5 15 5500',1,'[{\"added\": {}}]',24,1),(1130,'2023-11-11 14:09:51.425000','95','link Laptop Dell Inspiron G5 15 5500',1,'[{\"added\": {}}]',24,1),(1131,'2023-11-11 14:10:16.449000','96','link Laptop Dell Inspiron 3505-0M1T4',1,'[{\"added\": {}}]',24,1),(1132,'2023-11-11 14:10:59.517000','97','link Laptop Dell Inspiron 3505-0M1T4',1,'[{\"added\": {}}]',24,1),(1133,'2023-11-11 14:11:21.346000','98','link Laptop Dell Inspiron 3505-0M1T4',1,'[{\"added\": {}}]',24,1),(1134,'2023-11-11 14:11:50.682000','99','link Laptop Dell Inspiron N3505 Y1N1T1',1,'[{\"added\": {}}]',24,1),(1135,'2023-11-11 14:12:30.300000','100','link Laptop Dell Inspiron N3505 Y1N1T1',1,'[{\"added\": {}}]',24,1),(1136,'2023-11-11 14:12:53.530000','101','link Laptop Dell Inspiron N3505 Y1N1T1',1,'[{\"added\": {}}]',24,1),(1137,'2023-11-11 14:13:08.908000','102','link Laptop Dell Alienware X16 R1 (2023)',1,'[{\"added\": {}}]',24,1),(1138,'2023-11-11 14:14:00.166000','103','link Laptop Dell Alienware X16 R1 (2023)',1,'[{\"added\": {}}]',24,1),(1139,'2023-11-11 14:14:21.007000','104','link Laptop Dell Alienware X16 R1 (2023)',1,'[{\"added\": {}}]',24,1),(1140,'2023-11-11 14:14:44.624000','105','link Laptop Dell G16 7620',1,'[{\"added\": {}}]',24,1),(1141,'2023-11-11 14:15:57.629000','106','link Laptop Dell G16 7620',1,'[{\"added\": {}}]',24,1),(1142,'2023-11-11 14:18:38.377000','107','link Laptop Dell G16 7620',1,'[{\"added\": {}}]',24,1),(1143,'2023-11-11 14:19:11.310000','108','link Laptop Dell Inspiron 14 5430 i5P165W11SLD2',1,'[{\"added\": {}}]',24,1),(1144,'2023-11-11 14:21:18.028000','109','link Laptop Dell Inspiron 14 5430 i5P165W11SLD2',1,'[{\"added\": {}}]',24,1),(1145,'2023-11-11 14:21:43.516000','110','link Laptop Dell Inspiron 14 5430 i5P165W11SLD2',1,'[{\"added\": {}}]',24,1),(1146,'2023-11-11 14:22:05.452000','111','link Laptop Dell XPS 13 Plus 9320',1,'[{\"added\": {}}]',24,1),(1147,'2023-11-11 14:23:14.924000','112','link Laptop Dell XPS 13 Plus 9320',1,'[{\"added\": {}}]',24,1),(1148,'2023-11-11 14:23:34.908000','113','link Laptop Dell XPS 13 Plus 9320',1,'[{\"added\": {}}]',24,1),(1149,'2023-11-11 14:24:25.716000','114','link Laptop Dell Vostro 5630 i5P085W11GRU',1,'[{\"added\": {}}]',24,1),(1150,'2023-11-11 14:28:00.398000','115','link Laptop Dell Vostro 5630 i5P085W11GRU',1,'[{\"added\": {}}]',24,1),(1151,'2023-11-11 14:28:34.788000','116','link Laptop Dell Vostro 5630 i5P085W11GRU',1,'[{\"added\": {}}]',24,1),(1152,'2023-11-11 14:28:55.768000','117','link Laptop Dell Inspiron 13 5330 R1808S',1,'[{\"added\": {}}]',24,1),(1153,'2023-11-11 14:30:28.306000','118','link Laptop Dell Inspiron 13 5330 R1808S',1,'[{\"added\": {}}]',24,1),(1154,'2023-11-11 14:30:53.867000','119','link Laptop Dell Inspiron 13 5330 R1808S',1,'[{\"added\": {}}]',24,1),(1155,'2023-11-11 14:31:20.183000','120','link Laptop Dell Inspiron 14 7430 2 in 1 CN29D',1,'[{\"added\": {}}]',24,1),(1156,'2023-11-11 14:31:54.160000','121','link Laptop Dell Inspiron 14 7430 2 in 1 CN29D',1,'[{\"added\": {}}]',24,1),(1157,'2023-11-11 14:32:20.016000','122','link Laptop Dell Inspiron 14 7430 2 in 1 CN29D',1,'[{\"added\": {}}]',24,1),(1158,'2023-11-11 14:32:37.946000','123','link Laptop Dell Inspiron 16 7620',1,'[{\"added\": {}}]',24,1),(1159,'2023-11-11 14:33:40.522000','124','link Laptop Dell Inspiron 16 7620',1,'[{\"added\": {}}]',24,1),(1160,'2023-11-11 14:34:13.678000','125','link Laptop Dell Inspiron 16 7620',1,'[{\"added\": {}}]',24,1),(1161,'2023-11-11 14:34:35.358000','126','link Laptop Dell XPS 13 9305',1,'[{\"added\": {}}]',24,1),(1162,'2023-11-11 14:35:09.970000','127','link Laptop Dell XPS 13 9305',1,'[{\"added\": {}}]',24,1),(1163,'2023-11-11 14:35:47.713000','128','link Laptop Dell XPS 13 9305',1,'[{\"added\": {}}]',24,1),(1164,'2023-11-11 14:36:02.166000','129','link Laptop Dell Vostro 15 3530 80GG9',1,'[{\"added\": {}}]',24,1),(1165,'2023-11-11 14:36:52.466000','130','link Laptop Dell Vostro 15 3530 80GG9',1,'[{\"added\": {}}]',24,1),(1166,'2023-11-11 14:37:21.920000','131','link Laptop Dell Vostro 15 3530 80GG9',1,'[{\"added\": {}}]',24,1),(1167,'2023-11-11 15:42:46.075000','132','link Laptop Lenovo Legion Slim 5 16IRH8 82YA00BUVN',1,'[{\"added\": {}}]',24,1),(1168,'2023-11-11 15:44:33.700000','133','link Laptop Lenovo Legion Slim 5 16IRH8 82YA00BUVN',1,'[{\"added\": {}}]',24,1),(1169,'2023-11-11 15:44:57.227000','134','link Laptop Lenovo Legion Slim 5 16IRH8 82YA00BUVN',1,'[{\"added\": {}}]',24,1),(1170,'2023-11-11 15:45:38.373000','135','link Laptop LENOVO Legion Slim 5 16APH8 82Y9002YVN',1,'[{\"added\": {}}]',24,1),(1171,'2023-11-11 15:46:49.759000','136','link Laptop LENOVO Legion Slim 5 16APH8 82Y9002YVN',1,'[{\"added\": {}}]',24,1),(1172,'2023-11-11 15:47:14.883000','137','link Laptop LENOVO Legion Slim 5 16APH8 82Y9002YVN',1,'[{\"added\": {}}]',24,1),(1173,'2023-11-11 15:47:34.539000','138','link Laptop Lenovo Legion Slim 5 16IRH8 82YA008HVN',1,'[{\"added\": {}}]',24,1),(1174,'2023-11-11 15:48:35.049000','139','link Laptop Lenovo Legion Slim 5 16IRH8 82YA008HVN',1,'[{\"added\": {}}]',24,1),(1175,'2023-11-11 15:49:03.735000','140','link Laptop Lenovo Legion Slim 5 16IRH8 82YA008HVN',1,'[{\"added\": {}}]',24,1),(1176,'2023-11-11 15:50:57.729000','141','link Laptop Lenovo Legion Slim 5 16IRH8 82YA00BSVN',1,'[{\"added\": {}}]',24,1),(1177,'2023-11-11 15:52:58.457000','142','link Laptop Lenovo Legion Slim 5 16IRH8 82YA00BSVN',1,'[{\"added\": {}}]',24,1),(1178,'2023-11-11 15:54:13.194000','141','link Laptop Lenovo Legion Slim 5 16IRH8 82YA00BSVN',2,'[{\"changed\": {\"fields\": [\"Image\"]}}]',24,1),(1179,'2023-11-11 15:54:33.508000','143','link Laptop Lenovo Legion Slim 5 16IRH8 82YA00BSVN',1,'[{\"added\": {}}]',24,1),(1180,'2023-11-11 15:56:42.742000','144','link Laptop Lenovo Legion Slim 5 16IRH8 82YA00BSVN',1,'[{\"added\": {}}]',24,1),(1181,'2023-11-11 15:57:57.770000','144','link Laptop Lenovo Legion Slim 5 16IRH8 82YA00BSVN',2,'[{\"changed\": {\"fields\": [\"Image\"]}}]',24,1),(1182,'2023-11-11 15:58:35.066000','144','link Laptop Lenovo Legion Slim 5 16IRH8 82YA00BSVN',3,'',24,1),(1183,'2023-11-11 16:04:27.712000','145','link Laptop Lenovo Ideapad Gaming 3 15ARH7 82SB00JUVN',1,'[{\"added\": {}}]',24,1),(1184,'2023-11-11 16:05:57.070000','146','link Laptop Lenovo Ideapad Gaming 3 15ARH7 82SB00JUVN',1,'[{\"added\": {}}]',24,1),(1185,'2023-11-11 16:06:24.154000','147','link Laptop Lenovo Ideapad Gaming 3 15ARH7 82SB00JUVN',1,'[{\"added\": {}}]',24,1),(1186,'2023-11-11 16:07:56.071000','148','link Laptop Gaming Mới Legion Y530',1,'[{\"added\": {}}]',24,1),(1187,'2023-11-11 16:10:09.965000','149','link Laptop Gaming Mới Legion Y530',1,'[{\"added\": {}}]',24,1),(1188,'2023-11-11 16:10:30.407000','150','link Laptop Gaming Mới Legion Y530',1,'[{\"added\": {}}]',24,1),(1189,'2023-11-11 16:14:34.670000','151','link Laptop Lenovo Ideapad Gaming 3 15IHU6 82K100LNUS',1,'[{\"added\": {}}]',24,1),(1190,'2023-11-11 16:15:45.367000','152','link Laptop Lenovo Ideapad Gaming 3 15IHU6 82K100LNUS',1,'[{\"added\": {}}]',24,1),(1191,'2023-11-11 16:16:10.220000','153','link Laptop Lenovo Ideapad Gaming 3 15IHU6 82K100LNUS',1,'[{\"added\": {}}]',24,1),(1192,'2023-11-11 16:18:47.111000','154','link Laptop LENOVO Legion 5 15ARH7 82RE0035VN 2022',1,'[{\"added\": {}}]',24,1),(1193,'2023-11-11 16:19:54.662000','155','link Laptop LENOVO Legion 5 15ARH7 82RE0035VN 2022',1,'[{\"added\": {}}]',24,1),(1194,'2023-11-11 16:20:13.835000','156','link Laptop LENOVO Legion 5 15ARH7 82RE0035VN 2022',1,'[{\"added\": {}}]',24,1),(1195,'2023-11-11 16:20:55.092000','157','link Laptop Lenovo Slim 7 ProX 14ARH7 82V20003US',1,'[{\"added\": {}}]',24,1),(1196,'2023-11-11 16:22:39.709000','158','link Laptop Lenovo Slim 7 ProX 14ARH7 82V20003US',1,'[{\"added\": {}}]',24,1),(1197,'2023-11-11 16:23:18.912000','159','link Laptop Lenovo Slim 7 ProX 14ARH7 82V20003US',1,'[{\"added\": {}}]',24,1),(1198,'2023-11-11 16:26:13.832000','160','link Laptop Lenovo ThinkPad T16 Gen 1 21CH000JUS',1,'[{\"added\": {}}]',24,1),(1199,'2023-11-11 16:28:55.865000','161','link Laptop Lenovo ThinkPad T16 Gen 1 21CH000JUS',1,'[{\"added\": {}}]',24,1),(1200,'2023-11-11 16:29:24.395000','162','link Laptop Lenovo ThinkPad T16 Gen 1 21CH000JUS',1,'[{\"added\": {}}]',24,1),(1201,'2023-11-11 16:34:29.149000','163','link Laptop Lenovo IdeaPad Slim 5 Light 14ABR8 82XS0007VN',1,'[{\"added\": {}}]',24,1),(1202,'2023-11-11 16:34:50.269000','164','link Laptop Lenovo IdeaPad Slim 5 Light 14ABR8 82XS0007VN',1,'[{\"added\": {}}]',24,1),(1203,'2023-11-11 16:35:20.437000','165','link Laptop Lenovo IdeaPad Slim 5 Light 14ABR8 82XS0007VN',1,'[{\"added\": {}}]',24,1),(1204,'2023-11-11 16:36:31.544000','166','link Laptop Lenovo Slim 7 14IRP8 83A40005US - Intel Core i5-1340P',1,'[{\"added\": {}}]',24,1),(1205,'2023-11-11 16:37:29.261000','167','link Laptop Lenovo Slim 7 14IRP8 83A40005US - Intel Core i5-1340P',1,'[{\"added\": {}}]',24,1),(1206,'2023-11-11 16:37:59.077000','168','link Laptop Lenovo Slim 7 14IRP8 83A40005US - Intel Core i5-1340P',1,'[{\"added\": {}}]',24,1),(1207,'2023-11-11 16:45:44.708000','169','link Laptop Lenovo IdeaPad 5 Pro 16ACH6 82L500F5US',1,'[{\"added\": {}}]',24,1),(1208,'2023-11-11 16:47:23.973000','170','link Laptop Lenovo IdeaPad 5 Pro 16ACH6 82L500F5US',1,'[{\"added\": {}}]',24,1),(1209,'2023-11-11 16:47:57.534000','171','link Laptop Lenovo IdeaPad 5 Pro 16ACH6 82L500F5US',1,'[{\"added\": {}}]',24,1),(1210,'2023-11-11 16:50:56.313000','172','link Laptop Lenovo Ideapad 5 Pro 14IAP7 82SH0004US',1,'[{\"added\": {}}]',24,1),(1211,'2023-11-11 16:52:06.025000','173','link Laptop Lenovo Ideapad 5 Pro 14IAP7 82SH0004US',1,'[{\"added\": {}}]',24,1),(1212,'2023-11-11 16:53:18.638000','174','link Laptop Lenovo Ideapad 5 Pro 14IAP7 82SH0004US',1,'[{\"added\": {}}]',24,1),(1213,'2023-11-11 16:53:42.999000','175','link Laptop Lenovo IdeaPad 3 14IIL05 81WD00BFVN',1,'[{\"added\": {}}]',24,1),(1214,'2023-11-11 16:54:30.973000','176','link Laptop Lenovo IdeaPad 3 14IIL05 81WD00BFVN',1,'[{\"added\": {}}]',24,1),(1215,'2023-11-11 16:54:59.163000','177','link Laptop Lenovo IdeaPad 3 14IIL05 81WD00BFVN',1,'[{\"added\": {}}]',24,1),(1216,'2023-11-11 16:55:42.138000','178','link Laptop Lenovo V14 G3 IAP 82TS00AXVN',1,'[{\"added\": {}}]',24,1),(1217,'2023-11-11 17:32:47.468000','179','link Laptop Lenovo V14 G3 IAP 82TS00AXVN',1,'[{\"added\": {}}]',24,1),(1218,'2023-11-11 17:33:04.812000','180','link Laptop Lenovo V14 G3 IAP 82TS00AXVN',1,'[{\"added\": {}}]',24,1),(1219,'2023-11-11 17:36:59.575000','181','link Laptop Lenovo Thinkpad L480',1,'[{\"added\": {}}]',24,1),(1220,'2023-11-11 17:37:47.027000','182','link Laptop Lenovo Thinkpad L480',1,'[{\"added\": {}}]',24,1),(1221,'2023-11-11 17:38:10.086000','183','link Laptop Lenovo Thinkpad L480',1,'[{\"added\": {}}]',24,1),(1222,'2023-11-11 17:38:27.172000','184','link Laptop Lenovo IdeaPad 3 14ABA7 82RM003UVN (2022)',1,'[{\"added\": {}}]',24,1),(1223,'2023-11-11 17:38:58.625000','185','link Laptop Lenovo IdeaPad 3 14ABA7 82RM003UVN (2022)',1,'[{\"added\": {}}]',24,1),(1224,'2023-11-11 17:39:29.376000','186','link Laptop Lenovo Thinkpad E14 Gen 2-ITU 20TA002LVA',1,'[{\"added\": {}}]',24,1),(1225,'2023-11-11 17:40:01.382000','187','link Laptop Lenovo Thinkpad E14 Gen 2-ITU 20TA002LVA',1,'[{\"added\": {}}]',24,1),(1226,'2023-11-11 17:40:58.234000','188','link Laptop Lenovo Thinkpad E14 Gen 2-ITU 20TA002LVA',1,'[{\"added\": {}}]',24,1),(1227,'2023-11-11 17:42:36.390000','189','link Laptop HP Envy x360 2 in 1 15-fe0053dx 7H9Y3UA',1,'[{\"added\": {}}]',24,1),(1228,'2023-11-11 17:43:15.261000','190','link Laptop HP Envy x360 2 in 1 15-fe0053dx 7H9Y3UA',1,'[{\"added\": {}}]',24,1),(1229,'2023-11-11 17:43:32.937000','191','link Laptop HP Envy x360 2 in 1 15-fe0053dx 7H9Y3UA',1,'[{\"added\": {}}]',24,1),(1230,'2023-11-11 17:44:17.672000','192','link Laptop HP Pavilion X360 14-EK0057TU 6K7E0PA',1,'[{\"added\": {}}]',24,1),(1231,'2023-11-11 17:45:17.965000','193','link Laptop HP Pavilion X360 14-EK0057TU 6K7E0PA',1,'[{\"added\": {}}]',24,1),(1232,'2023-11-11 17:45:37.988000','194','link Laptop HP Pavilion X360 14-EK0057TU 6K7E0PA',1,'[{\"added\": {}}]',24,1),(1233,'2023-11-11 17:45:53.866000','195','link Laptop HP Pavilion 15 EG2084TU 7C0Q6PA',1,'[{\"added\": {}}]',24,1),(1234,'2023-11-11 17:46:52.494000','196','link Laptop HP Pavilion 15 EG2084TU 7C0Q6PA',1,'[{\"added\": {}}]',24,1),(1235,'2023-11-11 17:47:25.368000','197','link Laptop HP Pavilion 15 EG2084TU 7C0Q6PA',1,'[{\"added\": {}}]',24,1),(1236,'2023-11-11 17:47:56.766000','198','link Laptop HP 15s-fq5163TU 7C135PA',1,'[{\"added\": {}}]',24,1),(1237,'2023-11-11 17:49:05.281000','199','link Laptop HP 15s-fq5163TU 7C135PA',1,'[{\"added\": {}}]',24,1),(1238,'2023-11-11 17:49:31.173000','200','link Laptop HP 15s-fq5163TU 7C135PA',1,'[{\"added\": {}}]',24,1),(1239,'2023-11-11 17:50:08.995000','201','link Laptop HP Elitebook 840 G8',1,'[{\"added\": {}}]',24,1),(1240,'2023-11-11 17:50:54.560000','202','link Laptop HP Elitebook 840 G8',1,'[{\"added\": {}}]',24,1),(1241,'2023-11-11 17:51:26.388000','203','link Laptop HP Elitebook 840 G8',1,'[{\"added\": {}}]',24,1),(1242,'2023-11-11 17:52:22.814000','204','link Laptop HP ProBook 440 G7',1,'[{\"added\": {}}]',24,1),(1243,'2023-11-11 17:53:06.460000','205','link Laptop HP ProBook 440 G7',1,'[{\"added\": {}}]',24,1),(1244,'2023-11-11 17:53:27.140000','206','link Laptop HP ProBook 440 G7',1,'[{\"added\": {}}]',24,1),(1245,'2023-11-11 17:54:24.653000','207','link Laptop HP Notebook 14s cr2005tu',1,'[{\"added\": {}}]',24,1),(1246,'2023-11-11 17:54:57.062000','208','link Laptop HP Notebook 14s cr2005tu',1,'[{\"added\": {}}]',24,1),(1247,'2023-11-11 17:55:19.114000','209','link Laptop HP Notebook 14s cr2005tu',1,'[{\"added\": {}}]',24,1),(1248,'2023-11-11 17:55:39.108000','210','link Laptop HP Elitebook 840 G3',1,'[{\"added\": {}}]',24,1),(1249,'2023-11-11 17:56:15.598000','211','link Laptop HP Elitebook 840 G3',1,'[{\"added\": {}}]',24,1),(1250,'2023-11-11 17:56:44.171000','212','link Laptop HP Elitebook 840 G3',1,'[{\"added\": {}}]',24,1),(1251,'2023-11-11 17:59:07.538000','213','link Laptop HP Probook 640 G2',1,'[{\"added\": {}}]',24,1),(1252,'2023-11-11 17:59:44.453000','214','link Laptop HP Probook 640 G2',1,'[{\"added\": {}}]',24,1),(1253,'2023-11-11 18:00:04.188000','215','link Laptop HP Probook 640 G2',1,'[{\"added\": {}}]',24,1),(1254,'2023-11-11 18:03:39.253000','216','link Laptop HP 15 dy2089ms 4W2K3UA',1,'[{\"added\": {}}]',24,1),(1255,'2023-11-11 18:04:19.966000','217','link Laptop HP 15 dy2089ms 4W2K3UA',1,'[{\"added\": {}}]',24,1),(1256,'2023-11-11 18:04:38.574000','218','link Laptop HP 15 dy2089ms 4W2K3UA',1,'[{\"added\": {}}]',24,1),(1257,'2023-11-11 18:04:51.810000','219','link Laptop HP Pavilion 15-EG2062TU 6K790PA',1,'[{\"added\": {}}]',24,1),(1258,'2023-11-11 18:06:06.646000','220','link Laptop HP Pavilion 15-EG2062TU 6K790PA',1,'[{\"added\": {}}]',24,1),(1259,'2023-11-11 18:06:23.679000','221','link Laptop HP Pavilion 15-EG2062TU 6K790PA',1,'[{\"added\": {}}]',24,1),(1260,'2023-11-11 18:10:14.928000','222','link CPU AMD Ryzen 5-4600G',1,'[{\"added\": {}}]',24,1),(1261,'2023-11-11 18:11:09.943000','223','link CPU AMD Ryzen 5-4600G',1,'[{\"added\": {}}]',24,1),(1262,'2023-11-11 18:11:26.698000','224','link CPU AMD Ryzen 5-4600G',1,'[{\"added\": {}}]',24,1),(1263,'2023-11-11 18:13:19.067000','225','link CPU AMD Ryzen 5-5600X',1,'[{\"added\": {}}]',24,1),(1264,'2023-11-11 18:14:13.800000','226','link CPU Intel Core i3-13100',1,'[{\"added\": {}}]',24,1),(1265,'2023-11-11 18:14:59.097000','227','link CPU Intel Core i3-13100',1,'[{\"added\": {}}]',24,1),(1266,'2023-11-11 18:15:18.644000','228','link CPU Intel Core i3-13100',1,'[{\"added\": {}}]',24,1),(1267,'2023-11-11 18:15:29.505000','229','link CPU Intel Core i5-13400',1,'[{\"added\": {}}]',24,1),(1268,'2023-11-11 18:16:07.529000','230','link CPU Intel Core i5-13400',1,'[{\"added\": {}}]',24,1),(1269,'2023-11-11 18:16:19.763000','231','link CPU Intel Core i5-13400',1,'[{\"added\": {}}]',24,1),(1270,'2023-11-11 18:17:39.156000','232','link CPU Intel Core i3-13100F',1,'[{\"added\": {}}]',24,1),(1271,'2023-11-11 18:18:07.705000','233','link CPU Intel Core i3-13100F',1,'[{\"added\": {}}]',24,1),(1272,'2023-11-11 18:18:54.438000','234','link CPU Intel Core i5-13400F',1,'[{\"added\": {}}]',24,1),(1273,'2023-11-11 18:19:21.739000','235','link CPU Intel Core i5-13400F',1,'[{\"added\": {}}]',24,1),(1274,'2023-11-11 18:20:41.739000','236','link CPU Intel Pentium Gold-G6405',1,'[{\"added\": {}}]',24,1),(1275,'2023-11-11 18:21:14.176000','237','link CPU Intel Pentium Gold-G6405',1,'[{\"added\": {}}]',24,1),(1276,'2023-11-11 18:21:28.276000','238','link CPU Intel Pentium Gold-G6405',1,'[{\"added\": {}}]',24,1),(1277,'2023-11-11 18:23:16.658000','239','link CPU Intel Celeron-G5900',1,'[{\"added\": {}}]',24,1),(1278,'2023-11-11 18:23:44.899000','240','link CPU Intel Celeron-G5900',1,'[{\"added\": {}}]',24,1),(1279,'2023-11-11 18:23:57.934000','241','link CPU Intel Celeron-G5900',1,'[{\"added\": {}}]',24,1),(1280,'2023-11-11 18:24:07.807000','242','link CPU Intel Core i3-9100',1,'[{\"added\": {}}]',24,1),(1281,'2023-11-11 18:24:40.495000','243','link CPU Intel Core i3-9100',1,'[{\"added\": {}}]',24,1),(1282,'2023-11-11 18:26:11.048000','244','link CPU Intel Core i5-10400',1,'[{\"added\": {}}]',24,1),(1283,'2023-11-11 18:26:51.822000','245','link CPU Intel Core i5-10400',1,'[{\"added\": {}}]',24,1),(1284,'2023-11-11 18:27:13.438000','246','link CPU Intel Core i5-10400',1,'[{\"added\": {}}]',24,1),(1285,'2023-11-11 18:29:54.228000','247','link Card đồ họa VGA RTX 3060',1,'[{\"added\": {}}]',24,1),(1286,'2023-11-11 18:30:24.381000','248','link Card đồ họa VGA RTX 3060',1,'[{\"added\": {}}]',24,1),(1287,'2023-11-11 18:30:44.244000','249','link Card đồ họa VGA RTX 3060',1,'[{\"added\": {}}]',24,1),(1288,'2023-11-11 18:31:09.088000','250','link Card đồ họa VGA Asus Phoenix GTX 1650',1,'[{\"added\": {}}]',24,1),(1289,'2023-11-11 18:31:46.985000','251','link Card đồ họa VGA Asus Phoenix GTX 1650',1,'[{\"added\": {}}]',24,1),(1290,'2023-11-11 18:32:05.850000','252','link Card đồ họa VGA Asus Phoenix GTX 1650',1,'[{\"added\": {}}]',24,1),(1291,'2023-11-11 18:32:21.403000','253','link Card đồ họa VGA Gigabyte Geforce GT 710',1,'[{\"added\": {}}]',24,1),(1292,'2023-11-11 18:32:57.080000','254','link Card đồ họa VGA Gigabyte Geforce GT 710',1,'[{\"added\": {}}]',24,1),(1293,'2023-11-11 18:33:16.153000','255','link Card đồ họa VGA Gigabyte Geforce GT 710',1,'[{\"added\": {}}]',24,1),(1294,'2023-11-11 18:33:54.785000','256','link Card đồ họa VGA ASUS TUF GTX 1660',1,'[{\"added\": {}}]',24,1),(1295,'2023-11-11 18:34:39.232000','257','link Card đồ họa VGA ASUS TUF GTX 1660',1,'[{\"added\": {}}]',24,1),(1296,'2023-11-11 18:35:14.752000','258','link Card đồ họa VGA ASUS TUF GTX 1660',1,'[{\"added\": {}}]',24,1),(1297,'2023-11-11 18:36:42.908000','259','link Card đồ họa VGA Asus TUF GTX 1650',1,'[{\"added\": {}}]',24,1),(1298,'2023-11-11 18:37:14.658000','260','link Card đồ họa VGA Asus TUF GTX 1650',1,'[{\"added\": {}}]',24,1),(1299,'2023-11-11 18:37:32.636000','261','link Card đồ họa VGA Asus TUF GTX 1650',1,'[{\"added\": {}}]',24,1),(1300,'2023-11-11 18:37:43.495000','262','link Card đồ họa VGA Gigabyte GTX 1650',1,'[{\"added\": {}}]',24,1),(1301,'2023-11-11 18:38:15.390000','263','link Card đồ họa VGA Gigabyte GTX 1650',1,'[{\"added\": {}}]',24,1),(1302,'2023-11-11 18:38:34.788000','264','link Card đồ họa VGA Gigabyte GTX 1650',1,'[{\"added\": {}}]',24,1),(1303,'2023-11-11 18:49:14.692000','265','link RAM Laptop DDR5 16GB Samsung bus 5600Mhz',1,'[{\"added\": {}}]',24,1),(1304,'2023-11-11 18:50:11.297000','266','link RAM Laptop DDR5 16GB Samsung bus 5600Mhz',1,'[{\"added\": {}}]',24,1),(1305,'2023-11-11 18:50:16.251000','267','link RAM Laptop DDR5 16GB Samsung bus 5600Mhz',1,'[{\"added\": {}}]',24,1),(1306,'2023-11-11 18:50:24.566000','268','link RAM Laptop TeamGroup Elite 16GB DDR4 bus 3200MHz',1,'[{\"added\": {}}]',24,1),(1307,'2023-11-11 18:50:27.877000','269','link RAM Laptop TeamGroup Elite 16GB DDR4 bus 3200MHz',1,'[{\"added\": {}}]',24,1),(1308,'2023-11-11 18:50:31.131000','270','link RAM Laptop TeamGroup Elite 16GB DDR4 bus 3200MHz',1,'[{\"added\": {}}]',24,1),(1309,'2023-11-11 18:50:59.864000','271','link RAM Laptop DDR5 16GB Samsung bus 4800Mhz',1,'[{\"added\": {}}]',24,1),(1310,'2023-11-11 18:51:03.908000','272','link RAM Laptop DDR5 16GB Samsung bus 4800Mhz',1,'[{\"added\": {}}]',24,1),(1311,'2023-11-11 18:51:11.094000','273','link RAM Laptop DDR5 16GB Samsung bus 4800Mhz',1,'[{\"added\": {}}]',24,1),(1312,'2023-11-11 18:51:26.131000','268','link RAM Laptop TeamGroup Elite 16GB DDR4 bus 3200MHz',2,'[{\"changed\": {\"fields\": [\"Image\"]}}]',24,1),(1313,'2023-11-11 18:51:35.207000','269','link RAM Laptop TeamGroup Elite 16GB DDR4 bus 3200MHz',2,'[{\"changed\": {\"fields\": [\"Image\"]}}]',24,1),(1314,'2023-11-11 18:51:39.836000','270','link RAM Laptop TeamGroup Elite 16GB DDR4 bus 3200MHz',2,'[{\"changed\": {\"fields\": [\"Image\"]}}]',24,1),(1315,'2023-11-11 18:52:34.482000','274','link RAM Laptop Kingston DDR4 16GB bus 2666MHz',1,'[{\"added\": {}}]',24,1),(1316,'2023-11-11 18:52:38.317000','275','link RAM Laptop Kingston DDR4 16GB bus 2666MHz',1,'[{\"added\": {}}]',24,1),(1317,'2023-11-11 18:52:42.275000','276','link RAM Laptop Kingston DDR4 16GB bus 2666MHz',1,'[{\"added\": {}}]',24,1),(1318,'2023-11-11 18:52:55.286000','277','link RAM Laptop Kingston DDR4 bus 3200MHz 16GB',1,'[{\"added\": {}}]',24,1),(1319,'2023-11-11 18:53:02.292000','278','link RAM Laptop Kingston DDR4 bus 3200MHz 16GB',1,'[{\"added\": {}}]',24,1),(1320,'2023-11-11 18:53:08.309000','279','link RAM Laptop Kingston DDR4 bus 3200MHz 16GB',1,'[{\"added\": {}}]',24,1),(1321,'2023-11-11 18:53:33.417000','280','link RAM Laptop DDR5 8GB Kingston bus 4800Mhz',1,'[{\"added\": {}}]',24,1),(1322,'2023-11-11 18:53:39.805000','281','link RAM Laptop DDR5 8GB Kingston bus 4800Mhz',1,'[{\"added\": {}}]',24,1),(1323,'2023-11-11 18:53:46.562000','282','link RAM Laptop DDR5 8GB Kingston bus 4800Mhz',1,'[{\"added\": {}}]',24,1),(1324,'2023-11-11 18:55:08.022000','283','link RAM Laptop Kingmax 16GB DDR4 bus 2666MHz',1,'[{\"added\": {}}]',24,1),(1325,'2023-11-11 18:55:16.295000','284','link RAM Laptop Kingmax 16GB DDR4 bus 2666MHz',1,'[{\"added\": {}}]',24,1),(1326,'2023-11-11 18:55:26.688000','285','link RAM Laptop Kingmax 16GB DDR4 bus 2666MHz',1,'[{\"added\": {}}]',24,1),(1327,'2023-11-11 18:56:14.281000','286','link RAM Laptop Samsung 16GB DDR4 bus 3200MHz',1,'[{\"added\": {}}]',24,1),(1328,'2023-11-11 18:56:26.615000','287','link RAM Laptop Samsung 16GB DDR4 bus 3200MHz',1,'[{\"added\": {}}]',24,1),(1329,'2023-11-11 18:56:38.934000','288','link RAM Laptop Samsung 16GB DDR4 bus 3200MHz',1,'[{\"added\": {}}]',24,1),(1330,'2023-11-11 18:57:25.293000','289','link RAM Laptop DDR5 8GB Crucial bus 4800Mhz',1,'[{\"added\": {}}]',24,1),(1331,'2023-11-11 18:57:36.746000','290','link RAM Laptop DDR5 8GB Crucial bus 4800Mhz',1,'[{\"added\": {}}]',24,1),(1332,'2023-11-11 18:57:45.947000','291','link RAM Laptop DDR5 8GB Crucial bus 4800Mhz',1,'[{\"added\": {}}]',24,1),(1333,'2023-11-11 18:58:19.258000','292','link RAM Laptop DDR4 16GB TeamGroup Elite bus 2666Mhz',1,'[{\"added\": {}}]',24,1),(1334,'2023-11-11 18:58:28.314000','293','link RAM Laptop DDR4 16GB TeamGroup Elite bus 2666Mhz',1,'[{\"added\": {}}]',24,1),(1335,'2023-11-11 18:58:42.904000','294','link RAM Laptop DDR4 16GB TeamGroup Elite bus 2666Mhz',1,'[{\"added\": {}}]',24,1),(1336,'2023-11-11 19:00:04.073000','295','link RAM Laptop Samsung 16GB DDR4 bus 2400MHz',1,'[{\"added\": {}}]',24,1),(1337,'2023-11-11 19:00:19.975000','296','link RAM Laptop Samsung 16GB DDR4 bus 2400MHz',1,'[{\"added\": {}}]',24,1),(1338,'2023-11-11 19:00:35.914000','297','link RAM Laptop Samsung 16GB DDR4 bus 2400MHz',1,'[{\"added\": {}}]',24,1),(1339,'2023-11-11 19:01:20.986000','298','link RAM Laptop PNY 16GB DDR4 bus 2666MHz',1,'[{\"added\": {}}]',24,1),(1340,'2023-11-11 19:01:30.118000','299','link RAM Laptop PNY 16GB DDR4 bus 2666MHz',1,'[{\"added\": {}}]',24,1),(1341,'2023-11-11 19:01:43.502000','300','link RAM Laptop PNY 16GB DDR4 bus 2666MHz',1,'[{\"added\": {}}]',24,1),(1342,'2023-11-11 19:02:20.927000','301','link RAM Laptop DDR5 8GB Samsung bus 5600Mhz',1,'[{\"added\": {}}]',24,1),(1343,'2023-11-11 19:02:37.984000','302','link RAM Laptop DDR5 8GB Samsung bus 5600Mhz',1,'[{\"added\": {}}]',24,1),(1344,'2023-11-11 19:02:48.861000','303','link RAM Laptop DDR5 8GB Samsung bus 5600Mhz',1,'[{\"added\": {}}]',24,1),(1345,'2023-11-11 19:03:22.225000','304','link RAM Laptop DDR5 8GB Samsung bus 4800Mhz',1,'[{\"added\": {}}]',24,1),(1346,'2023-11-11 19:03:31.999000','305','link RAM Laptop DDR5 8GB Samsung bus 4800Mhz',1,'[{\"added\": {}}]',24,1),(1347,'2023-11-11 19:03:42.679000','306','link RAM Laptop DDR5 8GB Samsung bus 4800Mhz',1,'[{\"added\": {}}]',24,1),(1348,'2023-11-11 19:05:11.372000','307','link RAM Laptop DDR5 8GB SK Hynix bus 4800Mhz',1,'[{\"added\": {}}]',24,1),(1349,'2023-11-11 19:05:19.690000','308','link RAM Laptop DDR5 8GB SK Hynix bus 4800Mhz',1,'[{\"added\": {}}]',24,1),(1350,'2023-11-11 19:05:29.192000','309','link RAM Laptop DDR5 8GB SK Hynix bus 4800Mhz',1,'[{\"added\": {}}]',24,1),(1351,'2023-11-11 19:07:04.335000','310','link RAM Laptop TeamGroup Elite 8GB DDR4 bus 3200MHz',1,'[{\"added\": {}}]',24,1),(1352,'2023-11-11 19:07:31.907000','311','link RAM Laptop TeamGroup Elite 8GB DDR4 bus 3200MHz',1,'[{\"added\": {}}]',24,1),(1353,'2023-11-11 19:07:55.032000','312','link RAM Laptop TeamGroup Elite 8GB DDR4 bus 3200MHz',1,'[{\"added\": {}}]',24,1),(1354,'2023-11-11 19:08:20.207000','313','link RAM Laptop DDR4 8GB Patriot bus 3200Mhz',1,'[{\"added\": {}}]',24,1),(1355,'2023-11-11 19:08:28.814000','314','link RAM Laptop DDR4 8GB Patriot bus 3200Mhz',1,'[{\"added\": {}}]',24,1),(1356,'2023-11-11 19:08:39.478000','315','link RAM Laptop DDR4 8GB Patriot bus 3200Mhz',1,'[{\"added\": {}}]',24,1),(1357,'2023-11-11 19:09:16.840000','316','link Ram Laptop DDR4 Kingston bus 3200MHz 8GB',1,'[{\"added\": {}}]',24,1),(1358,'2023-11-11 19:09:31.607000','317','link Ram Laptop DDR4 Kingston bus 3200MHz 8GB',1,'[{\"added\": {}}]',24,1),(1359,'2023-11-11 19:09:45.216000','318','link Ram Laptop DDR4 Kingston bus 3200MHz 8GB',1,'[{\"added\": {}}]',24,1),(1360,'2023-11-11 19:10:53.912000','319','link RAM Laptop 8GB DDR4 Micron bus 3200Mhz',1,'[{\"added\": {}}]',24,1),(1361,'2023-11-11 19:11:16.252000','320','link RAM Laptop 8GB DDR4 Micron bus 3200Mhz',1,'[{\"added\": {}}]',24,1),(1362,'2023-11-11 19:11:30.323000','321','link RAM Laptop 8GB DDR4 Micron bus 3200Mhz',1,'[{\"added\": {}}]',24,1),(1363,'2023-11-11 19:12:07.865000','322','link RAM Laptop 8GB DDR4 Adata AD4S32008G22-SGN',1,'[{\"added\": {}}]',24,1),(1364,'2023-11-11 19:12:36.480000','323','link RAM Laptop 8GB DDR4 Adata AD4S32008G22-SGN',1,'[{\"added\": {}}]',24,1),(1365,'2023-11-11 19:12:51.644000','324','link RAM Laptop 8GB DDR4 Adata AD4S32008G22-SGN',1,'[{\"added\": {}}]',24,1),(1366,'2023-11-11 19:15:15.658000','325','link RAM Laptop DDR4 8GB TeamGroup Elite bus 2666Mhz',1,'[{\"added\": {}}]',24,1),(1367,'2023-11-11 19:15:28.349000','326','link RAM Laptop DDR4 8GB TeamGroup Elite bus 2666Mhz',1,'[{\"added\": {}}]',24,1),(1368,'2023-11-11 19:16:24.260000','327','link RAM Laptop DDR4 8GB TeamGroup Elite bus 2666Mhz',1,'[{\"added\": {}}]',24,1),(1369,'2023-11-11 19:17:10.624000','328','link RAM laptop PNY Gaming 8GB DDR4 bus 3200MHz',1,'[{\"added\": {}}]',24,1),(1370,'2023-11-11 19:17:25.250000','329','link RAM laptop PNY Gaming 8GB DDR4 bus 3200MHz',1,'[{\"added\": {}}]',24,1),(1371,'2023-11-11 19:18:08.288000','330','link RAM laptop PNY Gaming 8GB DDR4 bus 3200MHz',1,'[{\"added\": {}}]',24,1),(1372,'2023-11-11 19:19:12.002000','331','link RAM Laptop Kingston DDR4 bus 3200 4GB',1,'[{\"added\": {}}]',24,1),(1373,'2023-11-11 19:19:47.944000','332','link RAM Laptop Kingston DDR4 bus 3200 4GB',1,'[{\"added\": {}}]',24,1),(1374,'2023-11-11 19:20:29.090000','333','link RAM Laptop Kingston DDR4 bus 3200 4GB',1,'[{\"added\": {}}]',24,1),(1375,'2023-11-11 19:21:08.995000','334','link RAM Laptop Kingston DDR4 bus 2666MHz 4GB',1,'[{\"added\": {}}]',24,1),(1376,'2023-11-11 19:21:23.869000','335','link RAM Laptop Kingston DDR4 bus 2666MHz 4GB',1,'[{\"added\": {}}]',24,1),(1377,'2023-11-11 19:21:31.201000','336','link RAM Laptop Kingston DDR4 bus 2666MHz 4GB',1,'[{\"added\": {}}]',24,1),(1378,'2023-11-11 19:22:09.616000','337','link RAM laptop SK Hynix DDR4 4GB bus 3200MHz',1,'[{\"added\": {}}]',24,1),(1379,'2023-11-11 19:22:25.383000','338','link RAM laptop SK Hynix DDR4 4GB bus 3200MHz',1,'[{\"added\": {}}]',24,1),(1380,'2023-11-11 19:22:34.526000','339','link RAM laptop SK Hynix DDR4 4GB bus 3200MHz',1,'[{\"added\": {}}]',24,1),(1381,'2023-11-11 19:24:25.577000','340','link RAM Laptop Samsung DDR4 4GB Bus 3200Mhz',1,'[{\"added\": {}}]',24,1),(1382,'2023-11-11 19:24:37.195000','341','link RAM Laptop Samsung DDR4 4GB Bus 3200Mhz',1,'[{\"added\": {}}]',24,1),(1383,'2023-11-11 19:24:46.448000','342','link RAM Laptop Samsung DDR4 4GB Bus 3200Mhz',1,'[{\"added\": {}}]',24,1),(1384,'2023-11-11 19:25:03.573000','343','link RAM Laptop Samsung 8GB DDR3L bus 1600Mhz',1,'[{\"added\": {}}]',24,1),(1385,'2023-11-11 19:25:12.698000','344','link RAM Laptop Samsung 8GB DDR3L bus 1600Mhz',1,'[{\"added\": {}}]',24,1),(1386,'2023-11-11 19:25:22.345000','345','link RAM Laptop Samsung 8GB DDR3L bus 1600Mhz',1,'[{\"added\": {}}]',24,1),(1387,'2023-11-11 19:26:56.076000','346','link RAM laptop 8GB DDR3L SK Hynix bus 1600Mhz',1,'[{\"added\": {}}]',24,1),(1388,'2023-11-11 19:27:26.033000','347','link RAM laptop 8GB DDR3L SK Hynix bus 1600Mhz',1,'[{\"added\": {}}]',24,1),(1389,'2023-11-11 19:27:35.104000','348','link RAM laptop 8GB DDR3L SK Hynix bus 1600Mhz',1,'[{\"added\": {}}]',24,1),(1390,'2023-11-11 19:38:51.750000','349','link Ổ cứng SSD NVMe 2TB Kingston KC2500 SKC2500M8',1,'[{\"added\": {}}]',24,1),(1391,'2023-11-11 19:38:58.998000','350','link Ổ cứng SSD NVMe 2TB Kingston KC2500 SKC2500M8',1,'[{\"added\": {}}]',24,1),(1392,'2023-11-11 19:39:11.433000','351','link Ổ cứng SSD NVMe 2TB Kingston KC2500 SKC2500M8',1,'[{\"added\": {}}]',24,1),(1393,'2023-11-11 19:39:43.668000','352','link Ổ cứng SSD NVMe 2TB Kingston NV2',1,'[{\"added\": {}}]',24,1),(1394,'2023-11-11 19:39:50.619000','353','link Ổ cứng SSD NVMe 2TB Kingston NV2',1,'[{\"added\": {}}]',24,1),(1395,'2023-11-11 19:39:59.552000','354','link Ổ cứng SSD NVMe 2TB Kingston NV2',1,'[{\"added\": {}}]',24,1),(1396,'2023-11-11 19:41:09.064000','355','link Ổ cứng SSD NVMe 2TB Crucial CT2000P2SSD8',1,'[{\"added\": {}}]',24,1),(1397,'2023-11-11 19:41:23.883000','356','link Ổ cứng SSD NVMe 2TB Crucial CT2000P2SSD8',1,'[{\"added\": {}}]',24,1),(1398,'2023-11-11 19:41:39.854000','357','link Ổ cứng SSD NVMe 2TB Crucial CT2000P2SSD8',1,'[{\"added\": {}}]',24,1),(1399,'2023-11-11 19:43:14.880000','358','link Ổ cứng SSD NVMe 1TB Samsung 990 PRO MZ',1,'[{\"added\": {}}]',24,1),(1400,'2023-11-11 19:43:29.385000','359','link Ổ cứng SSD NVMe 1TB Samsung 990 PRO MZ',1,'[{\"added\": {}}]',24,1),(1401,'2023-11-11 19:43:37.178000','360','link Ổ cứng SSD NVMe 1TB Samsung 990 PRO MZ',1,'[{\"added\": {}}]',24,1),(1402,'2023-11-11 19:44:16.175000','361','link Ổ cứng SSD 1TB Samsung PCIe NVMe',1,'[{\"added\": {}}]',24,1),(1403,'2023-11-11 19:44:29.230000','362','link Ổ cứng SSD 1TB Samsung PCIe NVMe',1,'[{\"added\": {}}]',24,1),(1404,'2023-11-11 19:44:41.632000','363','link Ổ cứng SSD 1TB Samsung PCIe NVMe',1,'[{\"added\": {}}]',24,1),(1405,'2023-11-11 19:46:06.034000','364','link Ổ cứng SSD NVMe 1TB Samsung 970',1,'[{\"added\": {}}]',24,1),(1406,'2023-11-11 19:46:32.823000','365','link Ổ cứng SSD NVMe 1TB Samsung 970',1,'[{\"added\": {}}]',24,1),(1407,'2023-11-11 19:46:50.843000','366','link Ổ cứng SSD NVMe 1TB Samsung 970',1,'[{\"added\": {}}]',24,1),(1408,'2023-11-11 19:48:40.981000','367','link Ổ cứng SSD 2.5 Inch 1TB Samsung 870',1,'[{\"added\": {}}]',24,1),(1409,'2023-11-11 19:48:50.814000','368','link Ổ cứng SSD 2.5 Inch 1TB Samsung 870',1,'[{\"added\": {}}]',24,1),(1410,'2023-11-11 19:49:03.147000','369','link Ổ cứng SSD 2.5 Inch 1TB Samsung 870',1,'[{\"added\": {}}]',24,1),(1411,'2023-11-11 19:49:59.502000','370','link Ổ cứng SSD NVMe 1TB Kingston NV2 SNV2S',1,'[{\"added\": {}}]',24,1),(1412,'2023-11-11 19:50:06.508000','371','link Ổ cứng SSD NVMe 1TB Kingston NV2 SNV2S',1,'[{\"added\": {}}]',24,1),(1413,'2023-11-11 19:50:26.970000','372','link Ổ cứng SSD NVMe 1TB Kingston NV2 SNV2S',1,'[{\"added\": {}}]',24,1),(1414,'2023-11-11 19:50:50.318000','373','link Ổ cứng SSD 1TB 2.5 Inch Crucial BX500 CT1000BX500SSD1',1,'[{\"added\": {}}]',24,1),(1415,'2023-11-11 19:50:58.687000','374','link Ổ cứng SSD 1TB 2.5 Inch Crucial BX500 CT1000BX500SSD1',1,'[{\"added\": {}}]',24,1),(1416,'2023-11-11 19:51:05.400000','375','link Ổ cứng SSD 1TB 2.5 Inch Crucial BX500 CT1000BX500SSD1',1,'[{\"added\": {}}]',24,1),(1417,'2023-11-11 19:51:25.701000','376','link Ổ cứng SSD NVMe 1TB Samsung PM991 M.2 2280',1,'[{\"added\": {}}]',24,1),(1418,'2023-11-11 19:51:32.789000','377','link Ổ cứng SSD NVMe 1TB Samsung PM991 M.2 2280',1,'[{\"added\": {}}]',24,1),(1419,'2023-11-11 19:51:45.094000','378','link Ổ cứng SSD NVMe 1TB Samsung PM991 M.2 2280',1,'[{\"added\": {}}]',24,1),(1420,'2023-11-11 19:52:42.739000','379','link Ổ cứng HDD 2.5 Inch WD Blue 5400rpm WD20SPZX-22UA7T0',1,'[{\"added\": {}}]',24,1),(1421,'2023-11-11 19:52:51.694000','380','link Ổ cứng HDD 2.5 Inch WD Blue 5400rpm WD20SPZX-22UA7T0',1,'[{\"added\": {}}]',24,1),(1422,'2023-11-11 19:53:06.030000','381','link Ổ cứng HDD 2.5 Inch WD Blue 5400rpm WD20SPZX-22UA7T0',1,'[{\"added\": {}}]',24,1),(1423,'2023-11-11 19:54:08.148000','382','link Màn Hình Di Động LG Gram View 16MR70.ASDA5 16 inch QHD',1,'[{\"added\": {}}]',24,1),(1424,'2023-11-11 19:54:11.537000','383','link Màn Hình Di Động LG Gram View 16MR70.ASDA5 16 inch QHD',1,'[{\"added\": {}}]',24,1),(1425,'2023-11-11 19:54:14.793000','384','link Màn Hình Di Động LG Gram View 16MR70.ASDA5 16 inch QHD',1,'[{\"added\": {}}]',24,1),(1426,'2023-11-11 19:54:24.213000','385','link Màn hình máy tính Lenovo Legion Y27-30 - 27 Inch FHD IPS 180Hz',1,'[{\"added\": {}}]',24,1),(1427,'2023-11-11 19:54:29.072000','386','link Màn hình máy tính Lenovo Legion Y27-30 - 27 Inch FHD IPS 180Hz',1,'[{\"added\": {}}]',24,1),(1428,'2023-11-11 19:54:32.582000','387','link Màn hình máy tính Lenovo Legion Y27-30 - 27 Inch FHD IPS 180Hz',1,'[{\"added\": {}}]',24,1),(1429,'2023-11-11 19:54:47.701000','388','link Màn hình máy tính 24 Inch Acer EK241Y Full HD 75Hz',1,'[{\"added\": {}}]',24,1),(1430,'2023-11-11 19:54:52.057000','389','link Màn hình máy tính 24 Inch Acer EK241Y Full HD 75Hz',1,'[{\"added\": {}}]',24,1),(1431,'2023-11-11 19:54:56.101000','390','link Màn hình máy tính 24 Inch Acer EK241Y Full HD 75Hz',1,'[{\"added\": {}}]',24,1),(1432,'2023-11-11 19:56:19.447000','391','link Màn hình máy tính 27 inch Viewsonic VX2717-C-MH',1,'[{\"added\": {}}]',24,1),(1433,'2023-11-11 19:56:26.028000','392','link Màn hình máy tính 27 inch Viewsonic VX2717-C-MH',1,'[{\"added\": {}}]',24,1),(1434,'2023-11-11 19:56:30.341000','393','link Màn hình máy tính 27 inch Viewsonic VX2717-C-MH',1,'[{\"added\": {}}]',24,1),(1435,'2023-11-11 19:59:11.637000','394','link Màn hình 23.6 Inch Viewsonic VA2409-H FullHD',1,'[{\"added\": {}}]',24,1),(1436,'2023-11-11 19:59:18.465000','395','link Màn hình 23.6 Inch Viewsonic VA2409-H FullHD',1,'[{\"added\": {}}]',24,1),(1437,'2023-11-11 19:59:25.025000','396','link Màn hình 23.6 Inch Viewsonic VA2409-H FullHD',1,'[{\"added\": {}}]',24,1),(1438,'2023-11-11 20:01:35.735000','397','link Màn hình 22 Inch ViewSonic VA2223-H Full HD',1,'[{\"added\": {}}]',24,1),(1439,'2023-11-11 20:01:45.179000','398','link Màn hình 22 Inch ViewSonic VA2223-H Full HD',1,'[{\"added\": {}}]',24,1),(1440,'2023-11-11 20:01:51.791000','399','link Màn hình 22 Inch ViewSonic VA2223-H Full HD',1,'[{\"added\": {}}]',24,1),(1441,'2023-11-11 20:03:28.406000','400','link Màn hình 22 Inch Acer AOPEN 22CV1Q Full HD',1,'[{\"added\": {}}]',24,1),(1442,'2023-11-11 20:03:36.894000','401','link Màn hình 22 Inch Acer AOPEN 22CV1Q Full HD',1,'[{\"added\": {}}]',24,1),(1443,'2023-11-11 20:03:44.447000','402','link Màn hình 22 Inch Acer AOPEN 22CV1Q Full HD',1,'[{\"added\": {}}]',24,1),(1444,'2023-11-11 20:04:05.614000','403','link Màn hình Dell E2417H 24 Inch Cũ / Full HD / 60Hz',1,'[{\"added\": {}}]',24,1),(1445,'2023-11-11 20:04:15.175000','404','link Màn hình Dell E2417H 24 Inch Cũ / Full HD / 60Hz',1,'[{\"added\": {}}]',24,1),(1446,'2023-11-11 20:04:21.865000','405','link Màn hình Dell E2417H 24 Inch Cũ / Full HD / 60Hz',1,'[{\"added\": {}}]',24,1),(1447,'2023-11-11 20:10:45.881000','9','Card đồ họa VGA Gigabyte GTX 1650',2,'[{\"changed\": {\"fields\": [\"Image\"]}}]',8,1),(1448,'2023-11-11 20:15:15.856000','8','Card đồ họa VGA Asus TUF GTX 1650',2,'[{\"changed\": {\"fields\": [\"Image\"]}}]',8,1),(1449,'2023-11-11 20:15:29.781000','7','Card đồ họa VGA ASUS TUF GTX 1660',2,'[{\"changed\": {\"fields\": [\"Image\"]}}]',8,1),(1450,'2023-11-11 20:15:42.959000','6','Card đồ họa VGA Gigabyte Geforce GT 710',2,'[{\"changed\": {\"fields\": [\"Image\"]}}]',8,1),(1451,'2023-11-11 20:15:54.365000','5','Card đồ họa VGA Asus Phoenix GTX 1650',2,'[{\"changed\": {\"fields\": [\"Image\"]}}]',8,1),(1452,'2023-11-11 20:16:14.000000','4','Card đồ họa VGA RTX 3060',2,'[{\"changed\": {\"fields\": [\"Image\"]}}]',8,1),(1453,'2023-11-12 05:25:23.141000','2','CPU AMD Ryzen 5-4600G',2,'[{\"changed\": {\"fields\": [\"Image\"]}}]',10,1),(1454,'2023-11-12 05:25:40.325000','3','CPU AMD Ryzen 5-5600X',2,'[{\"changed\": {\"fields\": [\"Image\"]}}]',10,1),(1455,'2023-11-12 05:25:52.295000','4','CPU Intel Core i3-13100',2,'[{\"changed\": {\"fields\": [\"Image\"]}}]',10,1),(1456,'2023-11-12 05:26:01.786000','5','CPU Intel Core i5-13400',2,'[{\"changed\": {\"fields\": [\"Image\"]}}]',10,1),(1457,'2023-11-12 05:26:12.442000','6','CPU Intel Core i3-13100F',2,'[{\"changed\": {\"fields\": [\"Image\"]}}]',10,1),(1458,'2023-11-12 05:26:23.901000','7','CPU Intel Core i5-13400F',2,'[{\"changed\": {\"fields\": [\"Image\"]}}]',10,1),(1459,'2023-11-12 05:26:36.490000','8','CPU Intel Pentium Gold-G6405',2,'[{\"changed\": {\"fields\": [\"Image\"]}}]',10,1),(1460,'2023-11-12 05:27:05.855000','9','CPU Intel Celeron-G5900',2,'[{\"changed\": {\"fields\": [\"Image\"]}}]',10,1),(1461,'2023-11-12 05:27:25.714000','10','CPU Intel Core i3-9100',2,'[{\"changed\": {\"fields\": [\"Image\"]}}]',10,1),(1462,'2023-11-12 05:27:46.305000','11','CPU Intel Core i5-10400',2,'[{\"changed\": {\"fields\": [\"Image\"]}}]',10,1),(1463,'2023-11-12 05:33:22.123000','1','Ổ cứng SSD NVMe 2TB Kingston KC2500 SKC2500M8',2,'[{\"changed\": {\"fields\": [\"Image\"]}}]',12,1),(1464,'2023-11-12 05:33:44.624000','2','Ổ cứng SSD NVMe 2TB Kingston NV2',2,'[{\"changed\": {\"fields\": [\"Image\"]}}]',12,1),(1465,'2023-11-12 05:34:01.495000','3','Ổ cứng SSD NVMe 2TB Crucial CT2000P2SSD8',2,'[{\"changed\": {\"fields\": [\"Image\"]}}]',12,1),(1466,'2023-11-12 05:37:01.033000','4','Ổ cứng SSD NVMe 1TB Samsung 990 PRO MZ',2,'[{\"changed\": {\"fields\": [\"Image\"]}}]',12,1),(1467,'2023-11-12 05:37:27.700000','5','Ổ cứng SSD 1TB Samsung PCIe NVMe',2,'[{\"changed\": {\"fields\": [\"Image\"]}}]',12,1),(1468,'2023-11-12 05:37:46.222000','6','Ổ cứng SSD NVMe 1TB Samsung 970',2,'[{\"changed\": {\"fields\": [\"Image\"]}}]',12,1),(1469,'2023-11-12 05:38:03.493000','7','Ổ cứng SSD 2.5 Inch 1TB Samsung 870',2,'[{\"changed\": {\"fields\": [\"Image\"]}}]',12,1),(1470,'2023-11-12 05:38:20.860000','8','Ổ cứng SSD NVMe 1TB Kingston NV2 SNV2S',2,'[{\"changed\": {\"fields\": [\"Image\"]}}]',12,1),(1471,'2023-11-12 05:38:43.424000','9','Ổ cứng SSD 1TB 2.5 Inch Crucial BX500 CT1000BX500SSD1',2,'[{\"changed\": {\"fields\": [\"Image\"]}}]',12,1),(1472,'2023-11-12 05:38:59.630000','10','Ổ cứng SSD NVMe 1TB Samsung PM991 M.2 2280',2,'[{\"changed\": {\"fields\": [\"Image\"]}}]',12,1),(1473,'2023-11-12 05:39:10.946000','11','Ổ cứng HDD 2.5 Inch WD Blue 5400rpm WD20SPZX-22UA7T0',2,'[{\"changed\": {\"fields\": [\"Image\"]}}]',12,1),(1474,'2023-11-12 05:51:13.116000','2','Màn Hình Di Động LG Gram View 16MR70.ASDA5 16 inch QHD',2,'[{\"changed\": {\"fields\": [\"Image\"]}}]',22,1),(1475,'2023-11-12 05:51:23.797000','3','Màn hình máy tính Lenovo Legion Y27-30 - 27 Inch FHD IPS 180Hz',2,'[{\"changed\": {\"fields\": [\"Image\"]}}]',22,1),(1476,'2023-11-12 05:52:04.897000','4','Màn hình máy tính 24 Inch Acer EK241Y Full HD 75Hz',2,'[{\"changed\": {\"fields\": [\"Image\"]}}]',22,1),(1477,'2023-11-12 05:52:17.421000','5','Màn hình máy tính 27 inch Viewsonic VX2717-C-MH',2,'[{\"changed\": {\"fields\": [\"Image\"]}}]',22,1),(1478,'2023-11-12 05:52:34.186000','6','Màn hình 23.6 Inch Viewsonic VA2409-H FullHD',2,'[{\"changed\": {\"fields\": [\"Image\"]}}]',22,1),(1479,'2023-11-12 05:52:47.110000','7','Màn hình 22 Inch ViewSonic VA2223-H Full HD',2,'[{\"changed\": {\"fields\": [\"Image\"]}}]',22,1),(1480,'2023-11-12 05:53:47.279000','8','Màn hình 22 Inch Acer AOPEN 22CV1Q Full HD',2,'[{\"changed\": {\"fields\": [\"Image\"]}}]',22,1),(1481,'2023-11-12 05:54:00.199000','9','Màn hình Dell E2417H 24 Inch Cũ / Full HD / 60Hz',2,'[{\"changed\": {\"fields\": [\"Image\"]}}]',22,1),(1482,'2023-11-12 06:00:11.408000','2','RAM Laptop DDR5 16GB Samsung bus 5600Mhz',2,'[{\"changed\": {\"fields\": [\"Image\"]}}]',18,1),(1483,'2023-11-12 06:00:27.458000','3','RAM Laptop DDR5 16GB Samsung bus 4800Mhz',2,'[{\"changed\": {\"fields\": [\"Image\"]}}]',18,1),(1484,'2023-11-12 06:00:35.347000','4','RAM Laptop TeamGroup Elite 16GB DDR4 bus 3200MHz',2,'[{\"changed\": {\"fields\": [\"Image\"]}}]',18,1),(1485,'2023-11-12 06:00:49.479000','5','RAM Laptop Kingston DDR4 16GB bus 2666MHz',2,'[{\"changed\": {\"fields\": [\"Image\"]}}]',18,1),(1486,'2023-11-12 06:01:11.290000','6','RAM Laptop Kingston DDR4 bus 3200MHz 16GB',2,'[{\"changed\": {\"fields\": [\"Image\"]}}]',18,1),(1487,'2023-11-12 06:01:32.675000','7','RAM Laptop DDR5 8GB Kingston bus 4800Mhz',2,'[{\"changed\": {\"fields\": [\"Image\"]}}]',18,1),(1488,'2023-11-12 06:01:57.506000','8','RAM Laptop Kingmax 16GB DDR4 bus 2666MHz',2,'[{\"changed\": {\"fields\": [\"Image\"]}}]',18,1),(1489,'2023-11-12 06:02:24.203000','9','RAM Laptop Samsung 16GB DDR4 bus 3200MHz',2,'[{\"changed\": {\"fields\": [\"Image\"]}}]',18,1),(1490,'2023-11-12 06:02:45.906000','10','RAM Laptop DDR5 8GB Crucial bus 4800Mhz',2,'[{\"changed\": {\"fields\": [\"Image\"]}}]',18,1),(1491,'2023-11-12 06:03:12.465000','11','RAM Laptop DDR4 16GB TeamGroup Elite bus 2666Mhz',2,'[{\"changed\": {\"fields\": [\"Image\"]}}]',18,1),(1492,'2023-11-12 06:03:35.448000','12','RAM Laptop Samsung 16GB DDR4 bus 2400MHz',2,'[{\"changed\": {\"fields\": [\"Image\"]}}]',18,1),(1493,'2023-11-12 06:04:00.303000','13','RAM Laptop PNY 16GB DDR4 bus 2666MHz',2,'[{\"changed\": {\"fields\": [\"Image\"]}}]',18,1),(1494,'2023-11-12 06:04:39.991000','14','RAM Laptop DDR5 8GB Samsung bus 5600Mhz',2,'[{\"changed\": {\"fields\": [\"Image\"]}}]',18,1),(1495,'2023-11-12 06:05:13.567000','15','RAM Laptop DDR5 8GB Samsung bus 4800Mhz',2,'[{\"changed\": {\"fields\": [\"Image\"]}}]',18,1),(1496,'2023-11-12 06:05:39.256000','16','RAM Laptop DDR5 8GB SK Hynix bus 4800Mhz',2,'[{\"changed\": {\"fields\": [\"Image\"]}}]',18,1),(1497,'2023-11-12 06:06:11.359000','17','RAM Laptop TeamGroup Elite 8GB DDR4 bus 3200MHz',2,'[{\"changed\": {\"fields\": [\"Image\"]}}]',18,1),(1498,'2023-11-12 06:06:45.588000','18','RAM Laptop DDR4 8GB Patriot bus 3200Mhz',2,'[{\"changed\": {\"fields\": [\"Image\"]}}]',18,1),(1499,'2023-11-12 06:07:24.266000','19','Ram Laptop DDR4 Kingston bus 3200MHz 8GB',2,'[{\"changed\": {\"fields\": [\"Image\"]}}]',18,1),(1500,'2023-11-12 06:07:52.658000','20','RAM Laptop 8GB DDR4 Micron bus 3200Mhz',2,'[{\"changed\": {\"fields\": [\"Image\"]}}]',18,1),(1501,'2023-11-12 06:08:10.377000','21','RAM Laptop 8GB DDR4 Adata AD4S32008G22-SGN',2,'[{\"changed\": {\"fields\": [\"Image\"]}}]',18,1),(1502,'2023-11-12 06:08:39.193000','22','RAM Laptop DDR4 8GB TeamGroup Elite bus 2666Mhz',2,'[{\"changed\": {\"fields\": [\"Image\"]}}]',18,1),(1503,'2023-11-12 06:09:06.043000','23','RAM laptop PNY Gaming 8GB DDR4 bus 3200MHz',2,'[{\"changed\": {\"fields\": [\"Image\"]}}]',18,1),(1504,'2023-11-12 06:09:35.679000','24','RAM Laptop Kingston DDR4 bus 3200 4GB',2,'[{\"changed\": {\"fields\": [\"Image\"]}}]',18,1),(1505,'2023-11-12 06:09:55.976000','25','RAM Laptop Kingston DDR4 bus 2666MHz 4GB',2,'[{\"changed\": {\"fields\": [\"Image\"]}}]',18,1),(1506,'2023-11-12 06:10:19.448000','26','RAM laptop SK Hynix DDR4 4GB bus 3200MHz',2,'[{\"changed\": {\"fields\": [\"Image\"]}}]',18,1),(1507,'2023-11-12 06:10:48.590000','27','RAM Laptop Samsung DDR4 4GB Bus 3200Mhz',2,'[{\"changed\": {\"fields\": [\"Image\"]}}]',18,1),(1508,'2023-11-12 06:11:18.800000','28','RAM Laptop Samsung 8GB DDR3L bus 1600Mhz',2,'[{\"changed\": {\"fields\": [\"Image\"]}}]',18,1),(1509,'2023-11-12 06:11:33.520000','29','RAM laptop 8GB DDR3L SK Hynix bus 1600Mhz',2,'[{\"changed\": {\"fields\": [\"Image\"]}}]',18,1),(1510,'2023-11-12 08:12:14.486000','1','Laptop ASUS ROG Strix G16 G614JV-N4261W',2,'[{\"changed\": {\"fields\": [\"Image\"]}}]',23,1),(1511,'2023-11-12 08:12:33.099000','2','Laptop ASUS ROG Zephyrus G14 GA402NJ-L4056W',2,'[{\"changed\": {\"fields\": [\"Image\"]}}]',23,1),(1512,'2023-11-12 08:14:49.575000','3','Laptop ASUS TUF Gaming F15 FX507ZU4 LP054W',1,'[{\"added\": {}}]',23,1),(1513,'2023-11-12 08:17:16.718000','4','Laptop Asus TUF Gaming F15 FX506LHB-HN188W',1,'[{\"added\": {}}]',23,1),(1514,'2023-11-12 08:19:17.443000','5','Laptop Asus ROG Strix 2022 G17 G713RM-LL016W',1,'[{\"added\": {}}]',23,1),(1515,'2023-11-12 08:23:50.509000','6','Laptop Asus ROG Zephyrus G15 GA503RM-LN006W',1,'[{\"added\": {}}]',23,1),(1516,'2023-11-12 08:26:05.186000','7','Laptop ASUS ROG Zephyrus G14 GA402RJ-L8030W',1,'[{\"added\": {}}]',23,1),(1517,'2023-11-12 08:30:47.522000','8','Laptop Gaming ASUS ROG FLOW X16 2023',1,'[{\"added\": {}}]',23,1),(1518,'2023-11-12 08:33:26.564000','9','Laptop Gaming ASUS ROG Zephyrus G14 2023',1,'[{\"added\": {}}]',23,1),(1519,'2023-11-12 08:35:04.491000','10','Laptop Gaming ASUS ROG Flow X13 2023 GV302XI',1,'[{\"added\": {}}]',23,1),(1520,'2023-11-12 08:41:03.118000','11','Laptop Gaming ASUS ROG FLOW Z13 2023 GZ301',1,'[{\"added\": {}}]',23,1),(1521,'2023-11-12 08:42:26.692000','12','Laptop Asus TUF Gaming F15 FX507ZC',1,'[{\"added\": {}}]',23,1),(1522,'2023-11-12 08:45:00.461000','13','Laptop ASUS Zenbook Pro 14 OLED UX6404VV-P4069W',1,'[{\"added\": {}}]',23,1),(1523,'2023-11-12 08:48:52.750000','14','Laptop Asus Zenbook 14 OLED UX3402VA-KM085W',1,'[{\"added\": {}}]',23,1),(1524,'2023-11-12 08:51:17.193000','15','Laptop Asus Vivobook 15X OLED S3504VA L1226W',1,'[{\"added\": {}}]',23,1),(1525,'2023-11-12 08:53:13.672000','16','Laptop Asus Vivobook S5402ZA-IS74-M003Y0',1,'[{\"added\": {}}]',23,1),(1526,'2023-11-12 08:54:43.821000','17','Laptop Asus Vivobook K3500P',1,'[{\"added\": {}}]',23,1),(1527,'2023-11-12 08:57:04.654000','18','Laptop ASUS Vivobook Go 14 E1404FA-NK177W',1,'[{\"added\": {}}]',23,1),(1528,'2023-11-12 08:59:07.309000','19','Laptop HP Pavilion 14-DV2051TU 6K7G8PA',1,'[{\"added\": {}}]',23,1),(1529,'2023-11-12 09:01:43.493000','20','Laptop Asus Expert Book P2451FA-BV3022',1,'[{\"added\": {}}]',23,1),(1530,'2023-11-12 09:05:03.108000','21','Laptop Asus Vivobook 15 A515EA-BQ1530W',1,'[{\"added\": {}}]',23,1),(1531,'2023-11-12 09:08:33.382000','22','Laptop Asus Vivobook 14X OLED A1403ZA-KM161W',1,'[{\"added\": {}}]',23,1),(1532,'2023-11-12 09:11:34.156000','23','Laptop Asus Vivobook X515EP EJ405W',1,'[{\"added\": {}}]',23,1),(1533,'2023-11-12 09:13:31.243000','24','Laptop Asus Vivobook A15 A515EA L12033T',1,'[{\"added\": {}}]',23,1),(1534,'2023-11-12 09:17:01.635000','25','Laptop Dell Gaming G16 7630 R1948W',1,'[{\"added\": {}}]',23,1),(1535,'2023-11-12 09:19:17.296000','26','Laptop Dell Gaming G15 5530 i7H165W11GR4060',1,'[{\"added\": {}}]',23,1),(1536,'2023-11-12 09:25:12.681000','27','Laptop Dell G15 5520',1,'[{\"added\": {}}]',23,1),(1537,'2023-11-12 09:27:01.341000','28','Laptop Dell G15 5511',1,'[{\"added\": {}}]',23,1),(1538,'2023-11-12 09:29:14.474000','29','Laptop Dell Inspiron 5577',1,'[{\"added\": {}}]',23,1),(1539,'2023-11-12 09:30:58.393000','30','Laptop Dell Inspiron G7 7588',1,'[{\"added\": {}}]',23,1),(1540,'2023-11-12 09:33:36.669000','31','Laptop Dell Vostro 3405-R1505D',1,'[{\"added\": {}}]',23,1),(1541,'2023-11-12 09:36:46.626000','32','Laptop Dell Inspiron G5 15 5500',1,'[{\"added\": {}}]',23,1),(1542,'2023-11-12 09:38:28.913000','33','Laptop Dell Inspiron 3505-0M1T4',1,'[{\"added\": {}}]',23,1),(1543,'2023-11-12 09:40:24.773000','34','Laptop Dell Inspiron N3505 Y1N1T1',1,'[{\"added\": {}}]',23,1),(1544,'2023-11-12 09:44:43.911000','35','Laptop Dell Alienware X16 R1 (2023)',1,'[{\"added\": {}}]',23,1),(1545,'2023-11-12 09:47:19.316000','36','Laptop Dell G16 7620',1,'[{\"added\": {}}]',23,1),(1546,'2023-11-12 09:51:19.301000','37','Laptop Dell Inspiron 14 5430 i5P165W11SLD2',1,'[{\"added\": {}}]',23,1),(1547,'2023-11-12 09:53:09.463000','38','Laptop Dell XPS 13 Plus 9320',1,'[{\"added\": {}}]',23,1),(1548,'2023-11-12 09:56:12.178000','39','Laptop Dell Vostro 5630 i5P085W11GRU',1,'[{\"added\": {}}]',23,1),(1549,'2023-11-12 09:58:25.446000','40','Laptop Dell Inspiron 13 5330 R1808S',1,'[{\"added\": {}}]',23,1),(1550,'2023-11-12 10:00:30.344000','41','Laptop Dell Inspiron 14 7430 2 in 1 CN29D',1,'[{\"added\": {}}]',23,1),(1551,'2023-11-12 10:02:28.258000','42','Laptop Dell Inspiron 16 7620',1,'[{\"added\": {}}]',23,1),(1552,'2023-11-12 10:04:51.786000','43','Laptop Dell XPS 13 9305',1,'[{\"added\": {}}]',23,1),(1553,'2023-11-12 10:06:58.954000','44','Laptop Dell Vostro 15 3530 80GG9',1,'[{\"added\": {}}]',23,1),(1554,'2023-11-12 10:12:35.511000','45','Laptop Lenovo Legion Slim 5 16IRH8 82YA00BUVN',1,'[{\"added\": {}}]',23,1),(1555,'2023-11-12 10:15:17.927000','46','Laptop LENOVO Legion Slim 5 16APH8 82Y9002YVN',1,'[{\"added\": {}}]',23,1),(1556,'2023-11-12 10:19:48.453000','47','Laptop Lenovo Legion Slim 5 16IRH8 82YA008HVN',1,'[{\"added\": {}}]',23,1),(1557,'2023-11-12 10:26:51.207000','48','Laptop Lenovo Legion Slim 5 16IRH8 82YA00BSVN',1,'[{\"added\": {}}]',23,1),(1558,'2023-11-12 10:30:04.836000','49','Laptop Lenovo Ideapad Gaming 3 15ARH7 82SB00JUVN',1,'[{\"added\": {}}]',23,1),(1559,'2023-11-12 11:06:00.732000','50','Laptop Gaming Mới Legion Y530',1,'[{\"added\": {}}]',23,1),(1560,'2023-11-12 11:08:54.346000','51','Laptop Lenovo Ideapad Gaming 3 15IHU6 82K100LNUS',1,'[{\"added\": {}}]',23,1),(1561,'2023-11-12 11:11:25.495000','52','Laptop LENOVO Legion 5 15ARH7 82RE0035VN 2022',1,'[{\"added\": {}}]',23,1),(1562,'2023-11-12 11:37:03.307000','53','Laptop Lenovo Slim 7 ProX 14ARH7 82V20003US',1,'[{\"added\": {}}]',23,1),(1563,'2023-11-12 11:40:19.960000','54','Laptop Lenovo ThinkPad T16 Gen 1 21CH000JUS',1,'[{\"added\": {}}]',23,1),(1564,'2023-11-12 11:43:56.949000','55','Laptop Lenovo IdeaPad Slim 5 Light 14ABR8 82XS0007VN',1,'[{\"added\": {}}]',23,1),(1565,'2023-11-12 11:46:45.946000','56','Laptop Lenovo Slim 7 14IRP8 83A40005US - Intel Core i5-1340P',1,'[{\"added\": {}}]',23,1),(1566,'2023-11-12 11:49:43.454000','57','Laptop Lenovo IdeaPad 5 Pro 16ACH6 82L500F5US',1,'[{\"added\": {}}]',23,1),(1567,'2023-11-12 11:51:48.925000','58','Laptop Lenovo Ideapad 5 Pro 14IAP7 82SH0004US',1,'[{\"added\": {}}]',23,1),(1568,'2023-11-12 11:53:35.958000','59','Laptop Lenovo IdeaPad 3 14IIL05 81WD00BFVN',1,'[{\"added\": {}}]',23,1),(1569,'2023-11-12 11:55:37.081000','60','Laptop Lenovo V14 G3 IAP 82TS00AXVN',1,'[{\"added\": {}}]',23,1),(1570,'2023-11-12 11:57:15.838000','61','Laptop Lenovo Thinkpad L480',1,'[{\"added\": {}}]',23,1),(1571,'2023-11-12 11:58:46.924000','62','Laptop Lenovo IdeaPad 3 14ABA7 82RM003UVN (2022)',1,'[{\"added\": {}}]',23,1),(1572,'2023-11-12 12:00:19.403000','63','Laptop Lenovo Thinkpad E14 Gen 2-ITU 20TA002LVA',1,'[{\"added\": {}}]',23,1),(1573,'2023-11-12 12:02:34.577000','64','Laptop HP Envy x360 2 in 1 15-fe0053dx 7H9Y3UA',1,'[{\"added\": {}}]',23,1),(1574,'2023-11-12 12:04:07.016000','65','Laptop HP Pavilion X360 14-EK0057TU 6K7E0PA',1,'[{\"added\": {}}]',23,1),(1575,'2023-11-12 13:06:47.605000','66','Laptop HP Pavilion 15 EG2084TU 7C0Q6PA',1,'[{\"added\": {}}]',23,1),(1576,'2023-11-12 13:08:44.788000','67','Laptop HP 15s-fq5163TU 7C135PA',1,'[{\"added\": {}}]',23,1),(1577,'2023-11-12 13:12:01.204000','68','Laptop HP Elitebook 840 G8',1,'[{\"added\": {}}]',23,1),(1578,'2023-11-12 13:15:56.476000','69','Laptop HP ProBook 440 G7',1,'[{\"added\": {}}]',23,1),(1579,'2023-11-12 13:19:50.722000','70','Laptop HP Notebook 14s cr2005tu',1,'[{\"added\": {}}]',23,1),(1580,'2023-11-12 13:25:06.161000','71','Laptop HP Elitebook 840 G3',1,'[{\"added\": {}}]',23,1),(1581,'2023-11-12 13:27:24.900000','72','Laptop HP Probook 640 G2',1,'[{\"added\": {}}]',23,1),(1582,'2023-11-12 13:39:06.964000','73','Laptop HP 15 dy2089ms 4W2K3UA',1,'[{\"added\": {}}]',23,1),(1583,'2023-11-12 13:44:54.942000','74','Laptop HP Pavilion 15-EG2062TU 6K790PA',1,'[{\"added\": {}}]',23,1),(1584,'2023-11-12 16:24:49.707000','3','Laptop Gaming',2,'[{\"changed\": {\"fields\": [\"Loai\"]}}]',13,1),(1585,'2023-11-12 16:24:56.050000','4','Laptop Văn Phòng',2,'[{\"changed\": {\"fields\": [\"Loai\"]}}]',13,1),(1586,'2023-11-12 16:25:02.555000','5','Laptop Sinh Viên',2,'[{\"changed\": {\"fields\": [\"Loai\"]}}]',13,1),(1587,'2023-11-12 16:25:09.065000','6','Laptop Mỏng Nhẹ',2,'[{\"changed\": {\"fields\": [\"Loai\"]}}]',13,1),(1588,'2023-11-12 16:25:57.069000','7','Laptop Đồ Họa',2,'[{\"changed\": {\"fields\": [\"Loai\"]}}]',13,1),(1589,'2023-11-12 17:00:55.199000','1','Asus',2,'[{\"changed\": {\"fields\": [\"Image\"]}}]',7,1),(1590,'2023-11-12 17:01:02.626000','2','Dell',2,'[{\"changed\": {\"fields\": [\"Image\"]}}]',7,1),(1591,'2023-11-12 17:02:32.999000','3','HP',2,'[{\"changed\": {\"fields\": [\"Image\"]}}]',7,1),(1592,'2023-11-12 17:02:43.480000','5','Lenovo',2,'[{\"changed\": {\"fields\": [\"Image\"]}}]',7,1),(1593,'2023-11-12 17:02:52.655000','12','Intel',2,'[{\"changed\": {\"fields\": [\"Image\"]}}]',7,1),(1594,'2023-11-12 17:03:01.927000','11','AMD',2,'[{\"changed\": {\"fields\": [\"Image\"]}}]',7,1),(1595,'2023-11-13 05:14:56.595000','6','Laptop Mới',2,'[{\"changed\": {\"fields\": [\"Image\"]}}]',9,1),(1596,'2023-11-13 05:15:16.298000','7','Laptop Cũ',2,'[{\"changed\": {\"fields\": [\"Image\"]}}]',9,1),(1597,'2023-11-13 05:15:36.989000','8','Linh Kiện PC Laptop',2,'[{\"changed\": {\"fields\": [\"Image\"]}}]',9,1),(1598,'2023-11-13 05:15:59.716000','9','PC Máy Tính Để Bàn',2,'[{\"changed\": {\"fields\": [\"Image\"]}}]',9,1),(1599,'2023-11-13 05:16:30.308000','10','Màn Hình Máy Tính',2,'[{\"changed\": {\"fields\": [\"Image\"]}}]',9,1),(1600,'2023-11-13 05:16:45.454000','11','Bảo Hành',2,'[{\"changed\": {\"fields\": [\"Image\"]}}]',9,1),(1601,'2023-11-13 05:16:58.841000','12','Phụ Kiện Máy Tinh',2,'[{\"changed\": {\"fields\": [\"Image\"]}}]',9,1),(1602,'2023-11-13 05:17:12.412000','13','Cho Thuê Laptop',2,'[{\"changed\": {\"fields\": [\"Image\"]}}]',9,1),(1603,'2023-11-13 17:26:30.190000','13','Laptop ASUS ROG Strix G16 G614JV-N4261W',2,'[{\"changed\": {\"fields\": [\"Discount\"]}}]',14,1),(1604,'2023-11-13 17:27:04.662000','15','Laptop ASUS TUF Gaming F15 FX507ZU4 LP054W',2,'[{\"changed\": {\"fields\": [\"Discount\"]}}]',14,1),(1605,'2023-11-13 17:28:32.396000','25','Laptop ASUS Zenbook Pro 14 OLED UX6404VV-P4069W',2,'[{\"changed\": {\"fields\": [\"Discount\"]}}]',14,1),(1606,'2023-11-13 17:29:29.255000','26','Laptop Asus Zenbook 14 OLED UX3402VA-KM085W',2,'[{\"changed\": {\"fields\": [\"Discount\"]}}]',14,1),(1607,'2023-11-13 17:29:40.780000','27','Laptop Asus Vivobook 15X OLED S3504VA L1226W',2,'[{\"changed\": {\"fields\": [\"Discount\"]}}]',14,1),(1608,'2023-11-13 17:29:58.652000','28','Laptop Asus Vivobook S5402ZA-IS74-M003Y0',2,'[{\"changed\": {\"fields\": [\"Discount\"]}}]',14,1),(1609,'2023-11-13 17:30:20.908000','30','Laptop ASUS Vivobook Go 14 E1404FA-NK177W',2,'[{\"changed\": {\"fields\": [\"Discount\"]}}]',14,1),(1610,'2023-11-13 17:30:32.363000','29','Laptop Asus Vivobook K3500P',2,'[{\"changed\": {\"fields\": [\"Discount\"]}}]',14,1),(1611,'2023-11-13 17:30:44.771000','31','Laptop HP Pavilion 14-DV2051TU 6K7G8PA',2,'[{\"changed\": {\"fields\": [\"Discount\"]}}]',14,1),(1612,'2023-11-13 17:33:01.114000','37','Laptop Dell Gaming G16 7630 R1948W',2,'[{\"changed\": {\"fields\": [\"Discount\"]}}]',14,1),(1613,'2023-11-13 17:33:14.151000','38','Laptop Dell Gaming G15 5530 i7H165W11GR4060',2,'[{\"changed\": {\"fields\": [\"Discount\"]}}]',14,1),(1614,'2023-11-13 17:33:23.197000','39','Laptop Dell G15 5520',2,'[{\"changed\": {\"fields\": [\"Discount\"]}}]',14,1),(1615,'2023-11-13 17:33:32.788000','40','Laptop Dell G15 5511',2,'[{\"changed\": {\"fields\": [\"Discount\"]}}]',14,1),(1616,'2023-11-13 17:33:56.197000','42','Laptop Dell Inspiron 5577',2,'[{\"changed\": {\"fields\": [\"Discount\"]}}]',14,1),(1617,'2023-11-13 17:34:05.917000','43','Laptop Dell Inspiron G7 7588',2,'[{\"changed\": {\"fields\": [\"Discount\"]}}]',14,1),(1618,'2023-11-13 17:34:28.174000','44','Laptop Dell Vostro 3405-R1505D',2,'[{\"changed\": {\"fields\": [\"Discount\"]}}]',14,1),(1619,'2023-11-13 17:36:38.799000','50','Laptop Dell Inspiron 14 5430 i5P165W11SLD2',2,'[{\"changed\": {\"fields\": [\"Discount\"]}}]',14,1),(1620,'2023-11-13 17:36:47.566000','51','Laptop Dell XPS 13 Plus 9320',2,'[{\"changed\": {\"fields\": [\"Discount\"]}}]',14,1),(1621,'2023-11-13 17:36:57.581000','52','Laptop Dell Vostro 5630 i5P085W11GRU',2,'[{\"changed\": {\"fields\": [\"Discount\"]}}]',14,1),(1622,'2023-11-13 17:37:14.631000','53','Laptop Dell Inspiron 13 5330 R1808S',2,'[{\"changed\": {\"fields\": [\"Discount\"]}}]',14,1),(1623,'2023-11-13 17:37:25.117000','54','Laptop Dell Inspiron 14 7430 2 in 1 CN29D',2,'[{\"changed\": {\"fields\": [\"Discount\"]}}]',14,1),(1624,'2023-11-13 17:37:34.551000','55','Laptop Dell Inspiron 16 7620',2,'[{\"changed\": {\"fields\": [\"Discount\"]}}]',14,1),(1625,'2023-11-13 17:37:42.790000','56','Laptop Dell XPS 13 9305',2,'[{\"changed\": {\"fields\": [\"Discount\"]}}]',14,1),(1626,'2023-11-13 17:37:50.276000','57','Laptop Dell Vostro 15 3530 80GG9',2,'[{\"changed\": {\"fields\": [\"Discount\"]}}]',14,1),(1627,'2023-11-13 17:39:00.929000','58','Laptop Lenovo Legion Slim 5 16IRH8 82YA00BUVN',2,'[{\"changed\": {\"fields\": [\"Discount\"]}}]',14,1),(1628,'2023-11-13 17:39:09.114000','59','Laptop LENOVO Legion Slim 5 16APH8 82Y9002YVN',2,'[{\"changed\": {\"fields\": [\"Discount\"]}}]',14,1),(1629,'2023-11-13 17:39:18.198000','60','Laptop Lenovo Legion Slim 5 16IRH8 82YA008HVN',2,'[{\"changed\": {\"fields\": [\"Discount\"]}}]',14,1),(1630,'2023-11-13 17:39:29.788000','61','Laptop Lenovo Legion Slim 5 16IRH8 82YA00BSVN',2,'[{\"changed\": {\"fields\": [\"Discount\"]}}]',14,1),(1631,'2023-11-13 17:39:41.838000','62','Laptop Lenovo Ideapad Gaming 3 15ARH7 82SB00JUVN',2,'[{\"changed\": {\"fields\": [\"Discount\"]}}]',14,1),(1632,'2023-11-13 17:40:22.869000','64','Laptop Lenovo Ideapad Gaming 3 15IHU6 82K100LNUS',2,'[{\"changed\": {\"fields\": [\"Discount\"]}}]',14,1),(1633,'2023-11-13 17:41:39.066000','66','Laptop Lenovo Slim 7 ProX 14ARH7 82V20003US',2,'[{\"changed\": {\"fields\": [\"Discount\"]}}]',14,1),(1634,'2023-11-13 17:41:47.004000','67','Laptop Lenovo ThinkPad T16 Gen 1 21CH000JUS',2,'[{\"changed\": {\"fields\": [\"Discount\"]}}]',14,1),(1635,'2023-11-13 17:41:56.187000','68','Laptop Lenovo IdeaPad Slim 5 Light 14ABR8 82XS0007VN',2,'[{\"changed\": {\"fields\": [\"Discount\"]}}]',14,1),(1636,'2023-11-13 17:42:08.903000','69','Laptop Lenovo Slim 7 14IRP8 83A40005US - Intel Core i5-1340P',2,'[{\"changed\": {\"fields\": [\"Discount\"]}}]',14,1),(1637,'2023-11-13 17:42:22.036000','70','Laptop Lenovo IdeaPad 5 Pro 16ACH6 82L500F5US',2,'[{\"changed\": {\"fields\": [\"Discount\"]}}]',14,1),(1638,'2023-11-13 17:42:31.564000','71','Laptop Lenovo Ideapad 5 Pro 14IAP7 82SH0004US',2,'[{\"changed\": {\"fields\": [\"Discount\"]}}]',14,1),(1639,'2023-11-13 17:43:32.038000','73','Laptop Lenovo V14 G3 IAP 82TS00AXVN',2,'[{\"changed\": {\"fields\": [\"Discount\"]}}]',14,1),(1640,'2023-11-13 17:43:42.125000','74','Laptop Lenovo Thinkpad L480',2,'[{\"changed\": {\"fields\": [\"Discount\"]}}]',14,1),(1641,'2023-11-13 17:45:04.985000','77','Laptop HP Envy x360 2 in 1 15-fe0053dx 7H9Y3UA',2,'[{\"changed\": {\"fields\": [\"Discount\"]}}]',14,1),(1642,'2023-11-13 17:45:15.291000','78','Laptop HP Pavilion X360 14-EK0057TU 6K7E0PA',2,'[{\"changed\": {\"fields\": [\"Discount\"]}}]',14,1),(1643,'2023-11-13 17:45:22.427000','79','Laptop HP Pavilion 15 EG2084TU 7C0Q6PA',2,'[{\"changed\": {\"fields\": [\"Discount\"]}}]',14,1),(1644,'2023-11-13 17:45:31.481000','80','Laptop HP 15s-fq5163TU 7C135PA',2,'[{\"changed\": {\"fields\": [\"Discount\"]}}]',14,1),(1645,'2023-11-13 17:45:43.468000','81','Laptop HP Elitebook 840 G8',2,'[{\"changed\": {\"fields\": [\"Discount\"]}}]',14,1),(1646,'2023-11-13 17:45:54.007000','82','Laptop HP ProBook 440 G7',2,'[{\"changed\": {\"fields\": [\"Discount\"]}}]',14,1),(1647,'2023-11-13 17:46:02.178000','83','Laptop HP Notebook 14s cr2005tu',2,'[{\"changed\": {\"fields\": [\"Discount\"]}}]',14,1),(1648,'2023-11-13 17:46:15.771000','84','Laptop HP Elitebook 840 G3',2,'[{\"changed\": {\"fields\": [\"Discount\"]}}]',14,1),(1649,'2023-11-13 17:46:25.760000','85','Laptop HP Probook 640 G2',2,'[{\"changed\": {\"fields\": [\"Discount\"]}}]',14,1),(1650,'2023-11-13 17:46:58.968000','89','CPU AMD Ryzen 5-5600X',2,'[{\"changed\": {\"fields\": [\"Discount\"]}}]',14,1),(1651,'2023-11-13 17:52:22.208000','91','CPU Intel Core i5-13400',2,'[{\"changed\": {\"fields\": [\"Discount\"]}}]',14,1),(1652,'2023-11-13 17:52:30.076000','92','CPU Intel Core i3-13100F',2,'[{\"changed\": {\"fields\": [\"Discount\"]}}]',14,1),(1653,'2023-11-13 17:52:39.157000','93','CPU Intel Core i5-13400F',2,'[{\"changed\": {\"fields\": [\"Discount\"]}}]',14,1),(1654,'2023-11-13 17:52:59.680000','95','CPU Intel Celeron-G5900',2,'[{\"changed\": {\"fields\": [\"Discount\"]}}]',14,1),(1655,'2023-11-13 17:53:10.062000','96','CPU Intel Core i3-9100',2,'[{\"changed\": {\"fields\": [\"Discount\"]}}]',14,1),(1656,'2023-11-13 17:53:17.130000','97','CPU Intel Core i5-10400',2,'[{\"changed\": {\"fields\": [\"Discount\"]}}]',14,1),(1657,'2023-11-13 17:53:31.698000','94','CPU Intel Pentium Gold-G6405',2,'[{\"changed\": {\"fields\": [\"Discount\"]}}]',14,1),(1658,'2023-11-13 17:57:21.828000','98','Card đồ họa VGA RTX 3060',2,'[{\"changed\": {\"fields\": [\"Discount\"]}}]',14,1),(1659,'2023-11-13 17:57:29.160000','99','Card đồ họa VGA Asus Phoenix GTX 1650',2,'[{\"changed\": {\"fields\": [\"Discount\"]}}]',14,1),(1660,'2023-11-13 17:57:36.224000','100','Card đồ họa VGA Gigabyte Geforce GT 710',2,'[{\"changed\": {\"fields\": [\"Discount\"]}}]',14,1),(1661,'2023-11-13 17:57:43.355000','101','Card đồ họa VGA ASUS TUF GTX 1660',2,'[{\"changed\": {\"fields\": [\"Discount\"]}}]',14,1),(1662,'2023-11-13 17:57:47.483000','102','Card đồ họa VGA Asus TUF GTX 1650',2,'[{\"changed\": {\"fields\": [\"Discount\"]}}]',14,1),(1663,'2023-11-13 17:57:54.134000','103','Card đồ họa VGA Gigabyte GTX 1650',2,'[{\"changed\": {\"fields\": [\"Discount\"]}}]',14,1),(1664,'2023-11-13 18:00:43.960000','104','RAM Laptop DDR5 16GB Samsung bus 5600Mhz',2,'[{\"changed\": {\"fields\": [\"Discount\"]}}]',14,1),(1665,'2023-11-13 18:01:01.880000','105','RAM Laptop TeamGroup Elite 16GB DDR4 bus 3200MHz',2,'[{\"changed\": {\"fields\": [\"Discount\"]}}]',14,1),(1666,'2023-11-13 18:01:11.420000','106','RAM Laptop DDR5 16GB Samsung bus 4800Mhz',2,'[{\"changed\": {\"fields\": [\"Discount\"]}}]',14,1),(1667,'2023-11-13 18:01:20.803000','107','RAM Laptop Kingston DDR4 16GB bus 2666MHz',2,'[{\"changed\": {\"fields\": [\"Discount\"]}}]',14,1),(1668,'2023-11-13 18:01:40.109000','108','RAM Laptop Kingston DDR4 bus 3200MHz 16GB',2,'[{\"changed\": {\"fields\": [\"Discount\"]}}]',14,1),(1669,'2023-11-13 18:01:50.308000','109','RAM Laptop DDR5 8GB Kingston bus 4800Mhz',2,'[{\"changed\": {\"fields\": [\"Discount\"]}}]',14,1),(1670,'2023-11-13 18:02:17.401000','110','RAM Laptop Kingmax 16GB DDR4 bus 2666MHz',2,'[{\"changed\": {\"fields\": [\"Discount\"]}}]',14,1),(1671,'2023-11-13 18:03:05.295000','111','RAM Laptop Samsung 16GB DDR4 bus 3200MHz',2,'[{\"changed\": {\"fields\": [\"Discount\"]}}]',14,1),(1672,'2023-11-13 18:03:13.719000','112','RAM Laptop DDR5 8GB Crucial bus 4800Mhz',2,'[{\"changed\": {\"fields\": [\"Discount\"]}}]',14,1),(1673,'2023-11-13 18:03:28.219000','113','RAM Laptop DDR4 16GB TeamGroup Elite bus 2666Mhz',2,'[{\"changed\": {\"fields\": [\"Discount\"]}}]',14,1),(1674,'2023-11-13 18:03:36.331000','114','RAM Laptop Samsung 16GB DDR4 bus 2400MHz',2,'[{\"changed\": {\"fields\": [\"Discount\"]}}]',14,1),(1675,'2023-11-13 18:03:43.513000','115','RAM Laptop PNY 16GB DDR4 bus 2666MHz',2,'[{\"changed\": {\"fields\": [\"Discount\"]}}]',14,1),(1676,'2023-11-13 18:03:50.738000','116','RAM Laptop DDR5 8GB Samsung bus 5600Mhz',2,'[{\"changed\": {\"fields\": [\"Discount\"]}}]',14,1),(1677,'2023-11-13 18:03:58.371000','117','RAM Laptop DDR5 8GB Samsung bus 4800Mhz',2,'[{\"changed\": {\"fields\": [\"Discount\"]}}]',14,1),(1678,'2023-11-13 18:04:05.968000','118','RAM Laptop DDR5 8GB SK Hynix bus 4800Mhz',2,'[{\"changed\": {\"fields\": [\"Discount\"]}}]',14,1),(1679,'2023-11-13 18:04:14.660000','119','RAM Laptop TeamGroup Elite 8GB DDR4 bus 3200MHz',2,'[{\"changed\": {\"fields\": [\"Discount\"]}}]',14,1),(1680,'2023-11-13 18:04:25.050000','120','RAM Laptop DDR4 8GB Patriot bus 3200Mhz',2,'[{\"changed\": {\"fields\": [\"Discount\"]}}]',14,1),(1681,'2023-11-13 18:04:34.154000','121','Ram Laptop DDR4 Kingston bus 3200MHz 8GB',2,'[{\"changed\": {\"fields\": [\"Discount\"]}}]',14,1),(1682,'2023-11-13 18:04:44.711000','122','RAM Laptop 8GB DDR4 Micron bus 3200Mhz',2,'[{\"changed\": {\"fields\": [\"Discount\"]}}]',14,1),(1683,'2023-11-13 18:04:53.529000','123','RAM Laptop 8GB DDR4 Adata AD4S32008G22-SGN',2,'[{\"changed\": {\"fields\": [\"Discount\"]}}]',14,1),(1684,'2023-11-13 18:05:01.063000','124','RAM Laptop DDR4 8GB TeamGroup Elite bus 2666Mhz',2,'[{\"changed\": {\"fields\": [\"Discount\"]}}]',14,1),(1685,'2023-11-13 18:05:13.086000','125','RAM laptop PNY Gaming 8GB DDR4 bus 3200MHz',2,'[{\"changed\": {\"fields\": [\"Discount\"]}}]',14,1),(1686,'2023-11-13 18:05:20.541000','126','RAM Laptop Kingston DDR4 bus 3200 4GB',2,'[{\"changed\": {\"fields\": [\"Discount\"]}}]',14,1),(1687,'2023-11-13 18:05:40.623000','127','RAM Laptop Kingston DDR4 bus 2666MHz 4GB',2,'[{\"changed\": {\"fields\": [\"Discount\"]}}]',14,1),(1688,'2023-11-13 18:05:47.205000','128','RAM laptop SK Hynix DDR4 4GB bus 3200MHz',2,'[{\"changed\": {\"fields\": [\"Discount\"]}}]',14,1),(1689,'2023-11-13 18:05:58.855000','129','RAM Laptop Samsung DDR4 4GB Bus 3200Mhz',2,'[{\"changed\": {\"fields\": [\"Discount\"]}}]',14,1),(1690,'2023-11-13 18:06:06.132000','130','RAM Laptop Samsung 8GB DDR3L bus 1600Mhz',2,'[{\"changed\": {\"fields\": [\"Discount\"]}}]',14,1),(1691,'2023-11-13 18:06:13.338000','131','RAM laptop 8GB DDR3L SK Hynix bus 1600Mhz',2,'[{\"changed\": {\"fields\": [\"Discount\"]}}]',14,1),(1692,'2023-11-13 18:07:36.760000','132','Ổ cứng SSD NVMe 2TB Kingston KC2500 SKC2500M8',2,'[{\"changed\": {\"fields\": [\"Discount\"]}}]',14,1),(1693,'2023-11-13 18:07:43.567000','133','Ổ cứng SSD NVMe 2TB Kingston NV2',2,'[{\"changed\": {\"fields\": [\"Discount\"]}}]',14,1),(1694,'2023-11-13 18:07:53.078000','134','Ổ cứng SSD NVMe 2TB Crucial CT2000P2SSD8',2,'[{\"changed\": {\"fields\": [\"Discount\"]}}]',14,1),(1695,'2023-11-13 18:08:01.312000','135','Ổ cứng SSD NVMe 1TB Samsung 990 PRO MZ',2,'[{\"changed\": {\"fields\": [\"Discount\"]}}]',14,1),(1696,'2023-11-13 18:08:09.603000','136','Ổ cứng SSD 1TB Samsung PCIe NVMe',2,'[{\"changed\": {\"fields\": [\"Discount\"]}}]',14,1),(1697,'2023-11-13 18:08:18.338000','137','Ổ cứng SSD NVMe 1TB Samsung 970',2,'[{\"changed\": {\"fields\": [\"Discount\"]}}]',14,1),(1698,'2023-11-13 18:08:34.147000','138','Ổ cứng SSD 2.5 Inch 1TB Samsung 870',2,'[{\"changed\": {\"fields\": [\"Discount\"]}}]',14,1),(1699,'2023-11-13 18:08:46.809000','139','Ổ cứng SSD NVMe 1TB Kingston NV2 SNV2S',2,'[{\"changed\": {\"fields\": [\"Discount\"]}}]',14,1),(1700,'2023-11-13 18:08:54.587000','140','Ổ cứng SSD 1TB 2.5 Inch Crucial BX500 CT1000BX500SSD1',2,'[{\"changed\": {\"fields\": [\"Discount\"]}}]',14,1),(1701,'2023-11-13 18:10:27.048000','145','Màn hình máy tính 24 Inch Acer EK241Y Full HD 75Hz',2,'[{\"changed\": {\"fields\": [\"Discount\"]}}]',14,1),(1702,'2023-11-13 18:10:37.233000','147','Màn hình 23.6 Inch Viewsonic VA2409-H FullHD',2,'[{\"changed\": {\"fields\": [\"Discount\"]}}]',14,1),(1703,'2023-11-13 18:10:46.313000','148','Màn hình 22 Inch ViewSonic VA2223-H Full HD',2,'[{\"changed\": {\"fields\": [\"Discount\"]}}]',14,1),(1704,'2023-11-13 18:10:54.113000','149','Màn hình 22 Inch Acer AOPEN 22CV1Q Full HD',2,'[{\"changed\": {\"fields\": [\"Discount\"]}}]',14,1),(1705,'2023-11-13 18:11:02.344000','150','Màn hình Dell E2417H 24 Inch Cũ / Full HD / 60Hz',2,'[{\"changed\": {\"fields\": [\"Discount\"]}}]',14,1),(1706,'2023-11-20 11:39:46.978000','1','cpu, ram, harddrive, card, manhinh',1,'[{\"added\": {}}]',29,1),(1707,'2023-11-20 11:40:50.239000','2','size, resolution, panels, frequency, connector',1,'[{\"added\": {}}]',29,1),(1708,'2023-11-20 11:41:28.530000','3','loai, standard, size, memory',1,'[{\"added\": {}}]',29,1),(1709,'2023-11-20 11:42:08.165000','4','standram, capacity, speed',1,'[{\"added\": {}}]',29,1),(1710,'2023-11-20 11:42:56.997000','5','socket, core, speed, cache, TDP, card',1,'[{\"added\": {}}]',29,1),(1711,'2023-11-20 11:44:09.087000','6','chip, memory, connector, socketsupport, psu',1,'[{\"added\": {}}]',29,1),(1712,'2023-11-20 11:45:33.157000','149','Màn hình 22 Inch Acer AOPEN 22CV1Q Full HD',2,'[{\"changed\": {\"fields\": [\"Detail\"]}}]',14,1),(1713,'2023-11-20 11:45:59.124000','148','Màn hình 22 Inch ViewSonic VA2223-H Full HD',2,'[{\"changed\": {\"fields\": [\"Detail\"]}}]',14,1),(1714,'2023-11-20 11:46:04.704000','147','Màn hình 23.6 Inch Viewsonic VA2409-H FullHD',2,'[{\"changed\": {\"fields\": [\"Detail\"]}}]',14,1),(1715,'2023-11-20 11:46:11.354000','146','Màn hình máy tính 27 inch Viewsonic VX2717-C-MH',2,'[{\"changed\": {\"fields\": [\"Detail\"]}}]',14,1),(1716,'2023-11-20 11:46:18.592000','145','Màn hình máy tính 24 Inch Acer EK241Y Full HD 75Hz',2,'[{\"changed\": {\"fields\": [\"Detail\"]}}]',14,1),(1717,'2023-11-20 11:46:25.872000','144','Màn hình máy tính Lenovo Legion Y27-30 - 27 Inch FHD IPS 180Hz',2,'[{\"changed\": {\"fields\": [\"Detail\"]}}]',14,1),(1718,'2023-11-20 11:46:31.697000','143','Màn Hình Di Động LG Gram View 16MR70.ASDA5 16 inch QHD',2,'[{\"changed\": {\"fields\": [\"Detail\"]}}]',14,1),(1719,'2023-11-20 11:47:21.686000','142','Ổ cứng HDD 2.5 Inch WD Blue 5400rpm WD20SPZX-22UA7T0',2,'[{\"changed\": {\"fields\": [\"Detail\"]}}]',14,1),(1720,'2023-11-20 11:47:27.295000','141','Ổ cứng SSD NVMe 1TB Samsung PM991 M.2 2280',2,'[{\"changed\": {\"fields\": [\"Detail\"]}}]',14,1),(1721,'2023-11-20 11:47:32.127000','140','Ổ cứng SSD 1TB 2.5 Inch Crucial BX500 CT1000BX500SSD1',2,'[{\"changed\": {\"fields\": [\"Detail\"]}}]',14,1),(1722,'2023-11-20 11:47:38.087000','139','Ổ cứng SSD NVMe 1TB Kingston NV2 SNV2S',2,'[{\"changed\": {\"fields\": [\"Detail\"]}}]',14,1),(1723,'2023-11-20 11:47:44.000000','138','Ổ cứng SSD 2.5 Inch 1TB Samsung 870',2,'[{\"changed\": {\"fields\": [\"Detail\"]}}]',14,1),(1724,'2023-11-20 11:47:49.647000','137','Ổ cứng SSD NVMe 1TB Samsung 970',2,'[{\"changed\": {\"fields\": [\"Detail\"]}}]',14,1),(1725,'2023-11-20 11:47:55.650000','136','Ổ cứng SSD 1TB Samsung PCIe NVMe',2,'[{\"changed\": {\"fields\": [\"Detail\"]}}]',14,1),(1726,'2023-11-20 11:48:01.833000','135','Ổ cứng SSD NVMe 1TB Samsung 990 PRO MZ',2,'[{\"changed\": {\"fields\": [\"Detail\"]}}]',14,1),(1727,'2023-11-20 11:48:10.440000','134','Ổ cứng SSD NVMe 2TB Crucial CT2000P2SSD8',2,'[{\"changed\": {\"fields\": [\"Detail\"]}}]',14,1),(1728,'2023-11-20 11:48:16.782000','133','Ổ cứng SSD NVMe 2TB Kingston NV2',2,'[{\"changed\": {\"fields\": [\"Detail\"]}}]',14,1),(1729,'2023-11-20 11:48:24.098000','132','Ổ cứng SSD NVMe 2TB Kingston KC2500 SKC2500M8',2,'[{\"changed\": {\"fields\": [\"Detail\"]}}]',14,1),(1730,'2023-11-20 11:49:36.530000','131','RAM laptop 8GB DDR3L SK Hynix bus 1600Mhz',2,'[{\"changed\": {\"fields\": [\"Detail\"]}}]',14,1),(1731,'2023-11-20 11:49:43.569000','130','RAM Laptop Samsung 8GB DDR3L bus 1600Mhz',2,'[{\"changed\": {\"fields\": [\"Detail\"]}}]',14,1),(1732,'2023-11-20 11:49:50.136000','129','RAM Laptop Samsung DDR4 4GB Bus 3200Mhz',2,'[{\"changed\": {\"fields\": [\"Detail\"]}}]',14,1),(1733,'2023-11-20 11:49:58.669000','128','RAM laptop SK Hynix DDR4 4GB bus 3200MHz',2,'[{\"changed\": {\"fields\": [\"Detail\"]}}]',14,1),(1734,'2023-11-20 11:50:05.618000','127','RAM Laptop Kingston DDR4 bus 2666MHz 4GB',2,'[{\"changed\": {\"fields\": [\"Detail\"]}}]',14,1),(1735,'2023-11-20 11:50:12.311000','126','RAM Laptop Kingston DDR4 bus 3200 4GB',2,'[{\"changed\": {\"fields\": [\"Detail\"]}}]',14,1),(1736,'2023-11-20 11:50:17.908000','125','RAM laptop PNY Gaming 8GB DDR4 bus 3200MHz',2,'[{\"changed\": {\"fields\": [\"Detail\"]}}]',14,1),(1737,'2023-11-20 11:50:23.022000','124','RAM Laptop DDR4 8GB TeamGroup Elite bus 2666Mhz',2,'[{\"changed\": {\"fields\": [\"Detail\"]}}]',14,1),(1738,'2023-11-20 11:50:28.452000','123','RAM Laptop 8GB DDR4 Adata AD4S32008G22-SGN',2,'[{\"changed\": {\"fields\": [\"Detail\"]}}]',14,1),(1739,'2023-11-20 11:50:34.306000','122','RAM Laptop 8GB DDR4 Micron bus 3200Mhz',2,'[{\"changed\": {\"fields\": [\"Detail\"]}}]',14,1),(1740,'2023-11-20 11:50:39.939000','121','Ram Laptop DDR4 Kingston bus 3200MHz 8GB',2,'[{\"changed\": {\"fields\": [\"Detail\"]}}]',14,1),(1741,'2023-11-20 11:50:47.448000','120','RAM Laptop DDR4 8GB Patriot bus 3200Mhz',2,'[{\"changed\": {\"fields\": [\"Detail\"]}}]',14,1),(1742,'2023-11-20 11:50:53.061000','119','RAM Laptop TeamGroup Elite 8GB DDR4 bus 3200MHz',2,'[{\"changed\": {\"fields\": [\"Detail\"]}}]',14,1),(1743,'2023-11-20 11:50:59.848000','118','RAM Laptop DDR5 8GB SK Hynix bus 4800Mhz',2,'[{\"changed\": {\"fields\": [\"Detail\"]}}]',14,1),(1744,'2023-11-20 11:51:05.578000','117','RAM Laptop DDR5 8GB Samsung bus 4800Mhz',2,'[{\"changed\": {\"fields\": [\"Detail\"]}}]',14,1),(1745,'2023-11-20 11:51:12.342000','116','RAM Laptop DDR5 8GB Samsung bus 5600Mhz',2,'[{\"changed\": {\"fields\": [\"Detail\"]}}]',14,1),(1746,'2023-11-20 11:51:18.407000','115','RAM Laptop PNY 16GB DDR4 bus 2666MHz',2,'[{\"changed\": {\"fields\": [\"Detail\"]}}]',14,1),(1747,'2023-11-20 11:51:24.772000','114','RAM Laptop Samsung 16GB DDR4 bus 2400MHz',2,'[{\"changed\": {\"fields\": [\"Detail\"]}}]',14,1),(1748,'2023-11-20 11:51:32.796000','113','RAM Laptop DDR4 16GB TeamGroup Elite bus 2666Mhz',2,'[{\"changed\": {\"fields\": [\"Detail\"]}}]',14,1),(1749,'2023-11-20 11:51:39.835000','112','RAM Laptop DDR5 8GB Crucial bus 4800Mhz',2,'[{\"changed\": {\"fields\": [\"Detail\"]}}]',14,1),(1750,'2023-11-20 11:51:46.383000','111','RAM Laptop Samsung 16GB DDR4 bus 3200MHz',2,'[{\"changed\": {\"fields\": [\"Detail\"]}}]',14,1),(1751,'2023-11-20 11:51:53.197000','110','RAM Laptop Kingmax 16GB DDR4 bus 2666MHz',2,'[{\"changed\": {\"fields\": [\"Detail\"]}}]',14,1),(1752,'2023-11-20 11:51:59.254000','109','RAM Laptop DDR5 8GB Kingston bus 4800Mhz',2,'[{\"changed\": {\"fields\": [\"Detail\"]}}]',14,1),(1753,'2023-11-20 11:52:06.056000','108','RAM Laptop Kingston DDR4 bus 3200MHz 16GB',2,'[{\"changed\": {\"fields\": [\"Detail\"]}}]',14,1),(1754,'2023-11-20 11:52:11.878000','107','RAM Laptop Kingston DDR4 16GB bus 2666MHz',2,'[{\"changed\": {\"fields\": [\"Detail\"]}}]',14,1),(1755,'2023-11-20 11:52:18.352000','106','RAM Laptop DDR5 16GB Samsung bus 4800Mhz',2,'[{\"changed\": {\"fields\": [\"Detail\"]}}]',14,1),(1756,'2023-11-20 11:52:24.719000','105','RAM Laptop TeamGroup Elite 16GB DDR4 bus 3200MHz',2,'[{\"changed\": {\"fields\": [\"Detail\"]}}]',14,1),(1757,'2023-11-20 11:52:31.234000','104','RAM Laptop DDR5 16GB Samsung bus 5600Mhz',2,'[{\"changed\": {\"fields\": [\"Detail\"]}}]',14,1),(1758,'2023-11-20 11:52:59.028000','103','Card đồ họa VGA Gigabyte GTX 1650',2,'[{\"changed\": {\"fields\": [\"Detail\"]}}]',14,1),(1759,'2023-11-20 11:53:03.561000','102','Card đồ họa VGA Asus TUF GTX 1650',2,'[{\"changed\": {\"fields\": [\"Detail\"]}}]',14,1),(1760,'2023-11-20 11:53:08.694000','101','Card đồ họa VGA ASUS TUF GTX 1660',2,'[{\"changed\": {\"fields\": [\"Detail\"]}}]',14,1),(1761,'2023-11-20 11:53:14.169000','100','Card đồ họa VGA Gigabyte Geforce GT 710',2,'[{\"changed\": {\"fields\": [\"Detail\"]}}]',14,1),(1762,'2023-11-20 11:53:19.745000','99','Card đồ họa VGA Asus Phoenix GTX 1650',2,'[{\"changed\": {\"fields\": [\"Detail\"]}}]',14,1),(1763,'2023-11-20 11:53:25.540000','98','Card đồ họa VGA RTX 3060',2,'[{\"changed\": {\"fields\": [\"Detail\"]}}]',14,1),(1764,'2023-11-20 11:53:57.688000','97','CPU Intel Core i5-10400',2,'[{\"changed\": {\"fields\": [\"Detail\"]}}]',14,1),(1765,'2023-11-20 11:54:03.241000','96','CPU Intel Core i3-9100',2,'[{\"changed\": {\"fields\": [\"Detail\"]}}]',14,1),(1766,'2023-11-20 11:54:09.158000','95','CPU Intel Celeron-G5900',2,'[{\"changed\": {\"fields\": [\"Detail\"]}}]',14,1),(1767,'2023-11-20 11:54:14.735000','94','CPU Intel Pentium Gold-G6405',2,'[{\"changed\": {\"fields\": [\"Detail\"]}}]',14,1),(1768,'2023-11-20 11:54:20.185000','93','CPU Intel Core i5-13400F',2,'[{\"changed\": {\"fields\": [\"Detail\"]}}]',14,1),(1769,'2023-11-20 11:54:25.878000','92','CPU Intel Core i3-13100F',2,'[{\"changed\": {\"fields\": [\"Detail\"]}}]',14,1),(1770,'2023-11-20 11:54:31.529000','91','CPU Intel Core i5-13400',2,'[{\"changed\": {\"fields\": [\"Detail\"]}}]',14,1),(1771,'2023-11-20 11:54:36.920000','90','CPU Intel Core i3-13100',2,'[{\"changed\": {\"fields\": [\"Detail\"]}}]',14,1),(1772,'2023-11-20 11:54:42.736000','89','CPU AMD Ryzen 5-5600X',2,'[{\"changed\": {\"fields\": [\"Detail\"]}}]',14,1),(1773,'2023-11-20 11:54:47.008000','88','CPU AMD Ryzen 5-4600G',2,'[{\"changed\": {\"fields\": [\"Detail\"]}}]',14,1),(1774,'2023-11-20 11:56:23.184000','87','Laptop HP Pavilion 15-EG2062TU 6K790PA',2,'[{\"changed\": {\"fields\": [\"Detail\"]}}]',14,1),(1775,'2023-11-20 11:56:28.119000','86','Laptop HP 15 dy2089ms 4W2K3UA',2,'[{\"changed\": {\"fields\": [\"Detail\"]}}]',14,1),(1776,'2023-11-20 11:56:43.594000','80','Laptop HP 15s-fq5163TU 7C135PA',2,'[{\"changed\": {\"fields\": [\"Detail\"]}}]',14,1),(1777,'2023-11-20 11:56:49.551000','79','Laptop HP Pavilion 15 EG2084TU 7C0Q6PA',2,'[{\"changed\": {\"fields\": [\"Detail\"]}}]',14,1),(1778,'2023-11-20 11:56:54.371000','78','Laptop HP Pavilion X360 14-EK0057TU 6K7E0PA',2,'[{\"changed\": {\"fields\": [\"Detail\"]}}]',14,1),(1779,'2023-11-20 11:57:04.825000','77','Laptop HP Envy x360 2 in 1 15-fe0053dx 7H9Y3UA',2,'[{\"changed\": {\"fields\": [\"Detail\"]}}]',14,1),(1780,'2023-11-20 11:57:46.171000','76','Laptop Lenovo Thinkpad E14 Gen 2-ITU 20TA002LVA',2,'[{\"changed\": {\"fields\": [\"Detail\"]}}]',14,1),(1781,'2023-11-20 11:57:52.540000','75','Laptop Lenovo IdeaPad 3 14ABA7 82RM003UVN (2022)',2,'[{\"changed\": {\"fields\": [\"Detail\"]}}]',14,1),(1782,'2023-11-20 11:57:57.826000','73','Laptop Lenovo V14 G3 IAP 82TS00AXVN',2,'[{\"changed\": {\"fields\": [\"Detail\"]}}]',14,1),(1783,'2023-11-20 11:58:03.279000','72','Laptop Lenovo IdeaPad 3 14IIL05 81WD00BFVN',2,'[{\"changed\": {\"fields\": [\"Detail\"]}}]',14,1),(1784,'2023-11-20 11:58:08.431000','71','Laptop Lenovo Ideapad 5 Pro 14IAP7 82SH0004US',2,'[{\"changed\": {\"fields\": [\"Detail\"]}}]',14,1),(1785,'2023-11-20 11:58:14.049000','70','Laptop Lenovo IdeaPad 5 Pro 16ACH6 82L500F5US',2,'[{\"changed\": {\"fields\": [\"Detail\"]}}]',14,1),(1786,'2023-11-20 11:58:19.697000','69','Laptop Lenovo Slim 7 14IRP8 83A40005US - Intel Core i5-1340P',2,'[{\"changed\": {\"fields\": [\"Detail\"]}}]',14,1),(1787,'2023-11-20 11:58:27.343000','68','Laptop Lenovo IdeaPad Slim 5 Light 14ABR8 82XS0007VN',2,'[{\"changed\": {\"fields\": [\"Detail\"]}}]',14,1),(1788,'2023-11-20 11:58:33.277000','67','Laptop Lenovo ThinkPad T16 Gen 1 21CH000JUS',2,'[{\"changed\": {\"fields\": [\"Detail\"]}}]',14,1),(1789,'2023-11-20 11:58:38.382000','66','Laptop Lenovo Slim 7 ProX 14ARH7 82V20003US',2,'[{\"changed\": {\"fields\": [\"Detail\"]}}]',14,1),(1790,'2023-11-20 11:58:44.446000','65','Laptop LENOVO Legion 5 15ARH7 82RE0035VN 2022',2,'[{\"changed\": {\"fields\": [\"Detail\"]}}]',14,1),(1791,'2023-11-20 11:58:49.770000','64','Laptop Lenovo Ideapad Gaming 3 15IHU6 82K100LNUS',2,'[{\"changed\": {\"fields\": [\"Detail\"]}}]',14,1),(1792,'2023-11-20 11:58:55.813000','63','Laptop Gaming Mới Legion Y530',2,'[{\"changed\": {\"fields\": [\"Detail\"]}}]',14,1),(1793,'2023-11-20 11:59:00.921000','62','Laptop Lenovo Ideapad Gaming 3 15ARH7 82SB00JUVN',2,'[{\"changed\": {\"fields\": [\"Detail\"]}}]',14,1),(1794,'2023-11-20 11:59:06.549000','61','Laptop Lenovo Legion Slim 5 16IRH8 82YA00BSVN',2,'[{\"changed\": {\"fields\": [\"Detail\"]}}]',14,1),(1795,'2023-11-20 11:59:13.560000','60','Laptop Lenovo Legion Slim 5 16IRH8 82YA008HVN',2,'[{\"changed\": {\"fields\": [\"Detail\"]}}]',14,1),(1796,'2023-11-20 11:59:18.867000','59','Laptop LENOVO Legion Slim 5 16APH8 82Y9002YVN',2,'[{\"changed\": {\"fields\": [\"Detail\"]}}]',14,1),(1797,'2023-11-20 11:59:23.952000','58','Laptop Lenovo Legion Slim 5 16IRH8 82YA00BUVN',2,'[{\"changed\": {\"fields\": [\"Detail\"]}}]',14,1),(1798,'2023-11-20 12:00:06.413000','57','Laptop Dell Vostro 15 3530 80GG9',2,'[{\"changed\": {\"fields\": [\"Detail\"]}}]',14,1),(1799,'2023-11-20 12:00:12.153000','56','Laptop Dell XPS 13 9305',2,'[{\"changed\": {\"fields\": [\"Detail\"]}}]',14,1),(1800,'2023-11-20 12:00:19.575000','55','Laptop Dell Inspiron 16 7620',2,'[{\"changed\": {\"fields\": [\"Detail\"]}}]',14,1),(1801,'2023-11-20 12:00:24.649000','54','Laptop Dell Inspiron 14 7430 2 in 1 CN29D',2,'[{\"changed\": {\"fields\": [\"Detail\"]}}]',14,1),(1802,'2023-11-20 12:00:31.977000','53','Laptop Dell Inspiron 13 5330 R1808S',2,'[{\"changed\": {\"fields\": [\"Detail\"]}}]',14,1),(1803,'2023-11-20 12:00:37.224000','52','Laptop Dell Vostro 5630 i5P085W11GRU',2,'[{\"changed\": {\"fields\": [\"Detail\"]}}]',14,1),(1804,'2023-11-20 12:00:42.272000','51','Laptop Dell XPS 13 Plus 9320',2,'[{\"changed\": {\"fields\": [\"Detail\"]}}]',14,1),(1805,'2023-11-20 12:00:49.740000','50','Laptop Dell Inspiron 14 5430 i5P165W11SLD2',2,'[{\"changed\": {\"fields\": [\"Detail\"]}}]',14,1),(1806,'2023-11-20 12:00:55.364000','49','Laptop Dell G16 7620',2,'[{\"changed\": {\"fields\": [\"Detail\"]}}]',14,1),(1807,'2023-11-20 12:01:02.733000','48','Laptop Dell Alienware X16 R1 (2023)',2,'[{\"changed\": {\"fields\": [\"Detail\"]}}]',14,1),(1808,'2023-11-20 12:01:10.152000','47','Laptop Dell Inspiron N3505 Y1N1T1',2,'[{\"changed\": {\"fields\": [\"Detail\"]}}]',14,1),(1809,'2023-11-20 12:01:18.833000','46','Laptop Dell Inspiron 3505-0M1T4',2,'[{\"changed\": {\"fields\": [\"Detail\"]}}]',14,1),(1810,'2023-11-20 12:01:25.366000','44','Laptop Dell Vostro 3405-R1505D',2,'[{\"changed\": {\"fields\": [\"Detail\"]}}]',14,1),(1811,'2023-11-20 12:01:32.715000','40','Laptop Dell G15 5511',2,'[{\"changed\": {\"fields\": [\"Detail\"]}}]',14,1),(1812,'2023-11-20 12:01:38.659000','38','Laptop Dell Gaming G15 5530 i7H165W11GR4060',2,'[{\"changed\": {\"fields\": [\"Detail\"]}}]',14,1),(1813,'2023-11-20 12:01:44.769000','37','Laptop Dell Gaming G16 7630 R1948W',2,'[{\"changed\": {\"fields\": [\"Detail\"]}}]',14,1),(1814,'2023-11-20 12:03:28.177000','36','Laptop Asus Vivobook A15 A515EA L12033T',2,'[{\"changed\": {\"fields\": [\"Detail\"]}}]',14,1),(1815,'2023-11-20 12:03:36.868000','35','Laptop Asus Vivobook X515EP EJ405W',2,'[{\"changed\": {\"fields\": [\"Detail\"]}}]',14,1),(1816,'2023-11-20 12:03:43.036000','34','Laptop Asus Vivobook 14X OLED A1403ZA-KM161W',2,'[{\"changed\": {\"fields\": [\"Detail\"]}}]',14,1),(1817,'2023-11-20 12:03:49.412000','33','Laptop Asus Vivobook 15 A515EA-BQ1530W',2,'[{\"changed\": {\"fields\": [\"Detail\"]}}]',14,1),(1818,'2023-11-20 12:03:57.178000','32','Laptop Asus Expert Book P2451FA-BV3022',2,'[{\"changed\": {\"fields\": [\"Detail\"]}}]',14,1),(1819,'2023-11-20 12:04:03.144000','31','Laptop HP Pavilion 14-DV2051TU 6K7G8PA',2,'[{\"changed\": {\"fields\": [\"Detail\"]}}]',14,1),(1820,'2023-11-20 12:04:08.631000','30','Laptop ASUS Vivobook Go 14 E1404FA-NK177W',2,'[{\"changed\": {\"fields\": [\"Detail\"]}}]',14,1),(1821,'2023-11-20 12:04:14.607000','28','Laptop Asus Vivobook S5402ZA-IS74-M003Y0',2,'[{\"changed\": {\"fields\": [\"Detail\"]}}]',14,1),(1822,'2023-11-20 12:04:21.633000','27','Laptop Asus Vivobook 15X OLED S3504VA L1226W',2,'[{\"changed\": {\"fields\": [\"Detail\"]}}]',14,1),(1823,'2023-11-20 12:04:29.668000','26','Laptop Asus Zenbook 14 OLED UX3402VA-KM085W',2,'[{\"changed\": {\"fields\": [\"Detail\"]}}]',14,1),(1824,'2023-11-20 12:04:36.784000','25','Laptop ASUS Zenbook Pro 14 OLED UX6404VV-P4069W',2,'[{\"changed\": {\"fields\": [\"Detail\"]}}]',14,1),(1825,'2023-11-20 12:04:41.642000','23','Laptop Gaming ASUS ROG FLOW Z13 2023 GZ301',2,'[{\"changed\": {\"fields\": [\"Detail\"]}}]',14,1),(1826,'2023-11-20 12:04:47.269000','22','Laptop Gaming ASUS ROG Flow X13 2023 GV302XI',2,'[{\"changed\": {\"fields\": [\"Detail\"]}}]',14,1),(1827,'2023-11-20 12:04:53.227000','21','Laptop Gaming ASUS ROG Zephyrus G14 2023',2,'[{\"changed\": {\"fields\": [\"Detail\"]}}]',14,1),(1828,'2023-11-20 12:04:58.643000','20','Laptop Gaming ASUS ROG FLOW X16 2023',2,'[{\"changed\": {\"fields\": [\"Detail\"]}}]',14,1),(1829,'2023-11-20 12:05:03.919000','19','Laptop ASUS ROG Zephyrus G14 GA402RJ-L8030W',2,'[{\"changed\": {\"fields\": [\"Detail\"]}}]',14,1),(1830,'2023-11-20 12:05:09.717000','18','Laptop Asus ROG Zephyrus G15 GA503RM-LN006W',2,'[{\"changed\": {\"fields\": [\"Detail\"]}}]',14,1),(1831,'2023-11-20 12:05:14.609000','17','Laptop Asus ROG Strix 2022 G17 G713RM-LL016W',2,'[{\"changed\": {\"fields\": [\"Detail\"]}}]',14,1),(1832,'2023-11-20 12:05:20.589000','16','Laptop Asus TUF Gaming F15 FX506LHB-HN188W',2,'[{\"changed\": {\"fields\": [\"Detail\"]}}]',14,1),(1833,'2023-11-20 12:05:25.855000','15','Laptop ASUS TUF Gaming F15 FX507ZU4 LP054W',2,'[{\"changed\": {\"fields\": [\"Detail\"]}}]',14,1),(1834,'2023-11-20 12:05:31.113000','14','Laptop ASUS ROG Zephyrus G14 GA402NJ-L4056W',2,'[{\"changed\": {\"fields\": [\"Detail\"]}}]',14,1),(1835,'2023-11-20 12:05:37.885000','13','Laptop ASUS ROG Strix G16 G614JV-N4261W',2,'[{\"changed\": {\"fields\": [\"Detail\"]}}]',14,1),(1836,'2023-11-20 12:05:43.420000','150','Màn hình Dell E2417H 24 Inch Cũ / Full HD / 60Hz',2,'[{\"changed\": {\"fields\": [\"Detail\"]}}]',14,1),(1837,'2023-11-20 12:05:48.854000','85','Laptop HP Probook 640 G2',2,'[{\"changed\": {\"fields\": [\"Detail\"]}}]',14,1),(1838,'2023-11-20 12:05:54.436000','84','Laptop HP Elitebook 840 G3',2,'[{\"changed\": {\"fields\": [\"Detail\"]}}]',14,1),(1839,'2023-11-20 12:05:59.986000','83','Laptop HP Notebook 14s cr2005tu',2,'[{\"changed\": {\"fields\": [\"Detail\"]}}]',14,1),(1840,'2023-11-20 12:06:05.893000','82','Laptop HP ProBook 440 G7',2,'[{\"changed\": {\"fields\": [\"Detail\"]}}]',14,1),(1841,'2023-11-20 12:06:10.932000','81','Laptop HP Elitebook 840 G8',2,'[{\"changed\": {\"fields\": [\"Detail\"]}}]',14,1),(1842,'2023-11-20 12:06:17.516000','74','Laptop Lenovo Thinkpad L480',2,'[{\"changed\": {\"fields\": [\"Detail\"]}}]',14,1),(1843,'2023-11-20 12:06:23.574000','45','Laptop Dell Inspiron G5 15 5500',2,'[{\"changed\": {\"fields\": [\"Detail\"]}}]',14,1),(1844,'2023-11-20 12:06:28.569000','43','Laptop Dell Inspiron G7 7588',2,'[{\"changed\": {\"fields\": [\"Detail\"]}}]',14,1),(1845,'2023-11-20 12:06:33.480000','42','Laptop Dell Inspiron 5577',2,'[{\"changed\": {\"fields\": [\"Detail\"]}}]',14,1),(1846,'2023-11-20 12:06:39.276000','39','Laptop Dell G15 5520',2,'[{\"changed\": {\"fields\": [\"Detail\"]}}]',14,1),(1847,'2023-11-20 12:06:44.641000','29','Laptop Asus Vivobook K3500P',2,'[{\"changed\": {\"fields\": [\"Detail\"]}}]',14,1),(1848,'2023-11-20 12:06:50.576000','24','Laptop Asus TUF Gaming F15 FX507ZC',2,'[{\"changed\": {\"fields\": [\"Detail\"]}}]',14,1),(1849,'2023-11-20 12:11:04.460000','6','chip,memory,connector,socketsupport,psu',2,'[{\"changed\": {\"fields\": [\"Detail\"]}}]',29,1),(1850,'2023-11-20 12:11:14.048000','5','socket,core,speed,cache,TDP,card',2,'[{\"changed\": {\"fields\": [\"Detail\"]}}]',29,1),(1851,'2023-11-20 12:11:21.271000','4','standram,capacity,speed',2,'[{\"changed\": {\"fields\": [\"Detail\"]}}]',29,1),(1852,'2023-11-20 12:11:29.709000','3','loai,standard,size,memory',2,'[{\"changed\": {\"fields\": [\"Detail\"]}}]',29,1),(1853,'2023-11-20 12:11:39.894000','2','size,resolution,panels,frequency,connector',2,'[{\"changed\": {\"fields\": [\"Detail\"]}}]',29,1),(1854,'2023-11-20 12:11:48.805000','1','cpu,ram,harddrive,card,manhinh',2,'[{\"changed\": {\"fields\": [\"Detail\"]}}]',29,1),(1855,'2023-11-20 15:14:21.633000','9','Máy Tính Để Bàn',2,'[{\"changed\": {\"fields\": [\"Name\"]}}]',9,1),(1856,'2023-11-20 15:56:14.578000','1','Thành Công',1,'[{\"added\": {}}]',16,1),(1857,'2023-11-20 15:56:22.241000','2','Thất Bại',1,'[{\"added\": {}}]',16,1),(1858,'2023-11-21 11:47:19.097000','1','Đơn Hàng Ngày 2023-11-21 11:46:56+00:00',1,'[{\"added\": {}}]',21,1),(1859,'2023-11-21 11:53:51.963000','1','Chitietdonhang object (1)',1,'[{\"added\": {}}]',26,1),(1860,'2023-11-21 13:41:23.129000','1','(1, \'Đang Tạo Đơn\')',2,'[{\"changed\": {\"fields\": [\"Status\"]}}]',16,1),(1861,'2023-11-21 13:41:54.768000','2','(2, \'Tạo Đơn Thành Công\')',2,'[{\"changed\": {\"fields\": [\"Status\"]}}]',16,1),(1862,'2023-11-21 13:42:40.360000','1','(1, \'Đang Tạo Đơn Hàng\')',2,'[{\"changed\": {\"fields\": [\"Status\"]}}]',16,1),(1863,'2023-11-21 13:42:59.147000','1','Đơn Hàng Ngày 2023-11-21 11:46:56+00:00',2,'[{\"changed\": {\"fields\": [\"Status\"]}}]',21,1),(1864,'2023-11-21 13:51:06.728000','1','Đơn Hàng Ngày 2023-11-21 11:46:56+00:00',2,'[{\"changed\": {\"fields\": [\"Status\"]}}]',21,1),(1865,'2023-11-21 13:53:20.830000','1','Chitietdonhang object (1)',3,'',26,1),(1866,'2023-11-21 13:54:02.002000','2','Đơn Hàng Ngày 2023-11-21 20:51:51.559307+00:00',3,'',21,1),(1867,'2023-11-21 13:54:06.354000','1','Đơn Hàng Ngày 2023-11-21 11:46:56+00:00',3,'',21,1),(1868,'2023-11-21 14:13:50.002000','2','Đơn Hàng Ngày Đơn Hàng Ngày 2023-11-21 20:54:29.160337+00:00',3,'',26,1),(1869,'2023-11-21 14:14:07.037000','3','Đơn Hàng Ngày 2023-11-21 20:54:29.160337+00:00',3,'',21,1),(1870,'2023-11-21 14:15:41.996000','4','Đơn Hàng Ngày 2023-11-21 21:14:37+00:00',2,'[{\"changed\": {\"fields\": [\"Status\"]}}]',21,1),(1871,'2023-11-21 14:32:55.636000','4','Đơn Hàng Ngày Đơn Hàng Ngày 2023-11-21 21:15:48.378180+00:00',3,'',26,1),(1872,'2023-11-21 14:33:04.423000','3','Đơn Hàng Ngày Đơn Hàng Ngày 2023-11-21 21:14:37+00:00',3,'',26,1),(1873,'2023-11-21 14:33:15.517000','5','Đơn Hàng Ngày 2023-11-21 21:15:48.378180+00:00',3,'',21,1),(1874,'2023-11-21 14:33:18.427000','4','Đơn Hàng Ngày 2023-11-21 21:14:37+00:00',3,'',21,1),(1875,'2023-11-21 15:32:27.388000','8','Đơn Hàng Ngày Đơn Hàng Ngày 2023-11-21 14:33:23.539852+00:00',3,'',26,1),(1876,'2023-11-21 15:32:53.984000','6','Đơn Hàng Ngày 2023-11-21 14:33:23.539852+00:00',3,'',21,1),(1877,'2023-11-21 15:34:40.782000','7','Đơn Hàng Ngày 2023-11-21 15:33:22.245843+00:00',3,'',21,1),(1878,'2023-11-21 15:39:16.025000','8','Đơn Hàng Ngày 2023-11-21 15:35:09.723272+00:00',3,'',21,1),(1879,'2023-11-21 15:45:05.622000','10','Đơn Hàng Ngày Đơn Hàng Ngày 2023-11-21 15:39:31.979092+00:00',3,'',26,1),(1880,'2023-11-21 15:45:11.958000','9','Đơn Hàng Ngày 2023-11-21 15:39:31.979092+00:00',3,'',21,1),(1881,'2023-11-21 15:47:16.298000','11','Đơn Hàng Ngày Đơn Hàng Ngày 2023-11-21 15:45:16.727320+00:00',3,'',26,1),(1882,'2023-11-21 15:47:22.164000','10','Đơn Hàng Ngày 2023-11-21 15:45:16.727320+00:00',3,'',21,1),(1883,'2023-11-21 15:48:56.306000','12','Đơn Hàng Ngày Đơn Hàng Ngày 2023-11-21 15:47:24.201255+00:00',3,'',26,1),(1884,'2023-11-21 15:49:01.013000','11','Đơn Hàng Ngày 2023-11-21 15:47:24.201255+00:00',3,'',21,1),(1885,'2023-11-21 15:51:35.101000','12','Đơn Hàng Ngày 2023-11-21 15:49:10.581024+00:00',3,'',21,1),(1886,'2023-11-21 15:52:11.656000','13','Đơn Hàng Ngày Đơn Hàng Ngày 2023-11-21 15:51:39.842256+00:00',3,'',26,1),(1887,'2023-11-21 15:52:17.584000','13','Đơn Hàng Ngày 2023-11-21 15:51:39.842256+00:00',3,'',21,1),(1888,'2023-11-21 15:59:06.737000','14','Đơn Hàng Ngày Đơn Hàng Ngày 2023-11-21 15:52:34.907104+00:00',3,'',26,1),(1889,'2023-11-21 15:59:11.600000','14','Đơn Hàng Ngày 2023-11-21 15:52:34.907104+00:00',3,'',21,1),(1890,'2023-11-21 16:00:00.355000','15','Đơn Hàng Ngày Đơn Hàng Ngày 2023-11-21 15:59:15.832636+00:00',3,'',26,1),(1891,'2023-11-21 16:00:06.579000','15','Đơn Hàng Ngày 2023-11-21 15:59:15.832636+00:00',3,'',21,1),(1892,'2023-11-21 16:06:45.806000','18','Đơn Hàng Ngày Đơn Hàng Ngày 2023-11-21 16:05:23.817894+00:00',3,'',26,1),(1893,'2023-11-21 16:06:45.812000','17','Đơn Hàng Ngày Đơn Hàng Ngày 2023-11-21 16:03:50.981128+00:00',3,'',26,1),(1894,'2023-11-21 16:06:45.815000','16','Đơn Hàng Ngày Đơn Hàng Ngày 2023-11-21 16:00:20.121018+00:00',3,'',26,1),(1895,'2023-11-21 16:06:50.911000','16','Đơn Hàng Ngày 2023-11-21 16:00:20.121018+00:00',3,'',21,1),(1896,'2023-11-21 16:06:56.452000','20','Đơn Hàng Ngày 2023-11-21 16:05:23.817894+00:00',3,'',21,1),(1897,'2023-11-21 16:06:56.459000','19','Đơn Hàng Ngày 2023-11-21 16:03:50.981128+00:00',3,'',21,1),(1898,'2023-11-21 16:07:42.303000','21','Đơn Hàng Ngày 2023-11-21 16:07:08+00:00',2,'[{\"changed\": {\"fields\": [\"Status\"]}}]',21,1),(1899,'2023-11-21 16:09:55.616000','20','Đơn Hàng Ngày Đơn Hàng Ngày 2023-11-21 16:07:45.906494+00:00',3,'',26,1),(1900,'2023-11-21 16:10:00.917000','19','Đơn Hàng Ngày Đơn Hàng Ngày 2023-11-21 16:07:08+00:00',3,'',26,1),(1901,'2023-11-21 16:10:06.029000','22','Đơn Hàng Ngày 2023-11-21 16:07:45.906494+00:00',3,'',21,1),(1902,'2023-11-21 16:10:06.032000','21','Đơn Hàng Ngày 2023-11-21 16:07:08+00:00',3,'',21,1),(1903,'2023-11-21 16:24:26.475000','25','Đơn Hàng Ngày Đơn Hàng Ngày 2023-11-21 16:10:14.846407+00:00',1,'[{\"added\": {}}]',26,1),(1904,'2023-11-21 16:24:42.177000','25','Đơn Hàng Ngày Đơn Hàng Ngày 2023-11-21 16:10:14.846407+00:00',3,'',26,1),(1905,'2023-11-21 16:24:42.182000','21','Đơn Hàng Ngày Đơn Hàng Ngày 2023-11-21 16:10:14.846407+00:00',3,'',26,1),(1906,'2023-11-21 16:24:48.259000','23','Đơn Hàng Ngày 2023-11-21 16:10:14.846407+00:00',3,'',21,1),(1907,'2023-11-21 16:28:54.493000','26','Đơn Hàng Ngày Đơn Hàng Ngày 2023-11-21 16:24:54.967335+00:00',3,'',26,1),(1908,'2023-11-21 16:29:01.492000','24','Đơn Hàng Ngày 2023-11-21 16:24:54.967335+00:00',3,'',21,1),(1909,'2023-11-21 18:56:37.027000','149','Màn hình 22 Inch Acer AOPEN 22CV1Q Full HD',2,'[{\"changed\": {\"fields\": [\"Soluong\"]}}]',14,1),(1910,'2023-11-21 18:57:05.891000','148','Màn hình 22 Inch ViewSonic VA2223-H Full HD',2,'[{\"changed\": {\"fields\": [\"Soluong\"]}}]',14,1),(1911,'2023-11-21 18:57:45.917000','147','Màn hình 23.6 Inch Viewsonic VA2409-H FullHD',2,'[{\"changed\": {\"fields\": [\"Soluong\"]}}]',14,1),(1912,'2023-11-21 18:57:50.292000','146','Màn hình máy tính 27 inch Viewsonic VX2717-C-MH',2,'[{\"changed\": {\"fields\": [\"Soluong\"]}}]',14,1),(1913,'2023-11-21 18:57:56.390000','145','Màn hình máy tính 24 Inch Acer EK241Y Full HD 75Hz',2,'[{\"changed\": {\"fields\": [\"Soluong\"]}}]',14,1),(1914,'2023-11-21 18:58:00.856000','144','Màn hình máy tính Lenovo Legion Y27-30 - 27 Inch FHD IPS 180Hz',2,'[{\"changed\": {\"fields\": [\"Soluong\"]}}]',14,1),(1915,'2023-11-21 18:58:09.823000','143','Màn Hình Di Động LG Gram View 16MR70.ASDA5 16 inch QHD',2,'[{\"changed\": {\"fields\": [\"Soluong\"]}}]',14,1),(1916,'2023-11-21 19:01:00.093000','142','Ổ cứng HDD 2.5 Inch WD Blue 5400rpm WD20SPZX-22UA7T0',2,'[{\"changed\": {\"fields\": [\"Soluong\"]}}]',14,1),(1917,'2023-11-21 19:01:03.819000','141','Ổ cứng SSD NVMe 1TB Samsung PM991 M.2 2280',2,'[{\"changed\": {\"fields\": [\"Soluong\"]}}]',14,1),(1918,'2023-11-21 19:01:07.700000','140','Ổ cứng SSD 1TB 2.5 Inch Crucial BX500 CT1000BX500SSD1',2,'[{\"changed\": {\"fields\": [\"Soluong\"]}}]',14,1),(1919,'2023-11-21 19:01:11.917000','139','Ổ cứng SSD NVMe 1TB Kingston NV2 SNV2S',2,'[{\"changed\": {\"fields\": [\"Soluong\"]}}]',14,1),(1920,'2023-11-21 19:01:15.655000','138','Ổ cứng SSD 2.5 Inch 1TB Samsung 870',2,'[{\"changed\": {\"fields\": [\"Soluong\"]}}]',14,1),(1921,'2023-11-21 19:01:19.406000','137','Ổ cứng SSD NVMe 1TB Samsung 970',2,'[{\"changed\": {\"fields\": [\"Soluong\"]}}]',14,1),(1922,'2023-11-21 19:01:24.626000','136','Ổ cứng SSD 1TB Samsung PCIe NVMe',2,'[{\"changed\": {\"fields\": [\"Soluong\"]}}]',14,1),(1923,'2023-11-21 19:01:34.139000','135','Ổ cứng SSD NVMe 1TB Samsung 990 PRO MZ',2,'[{\"changed\": {\"fields\": [\"Soluong\"]}}]',14,1),(1924,'2023-11-21 19:01:38.046000','134','Ổ cứng SSD NVMe 2TB Crucial CT2000P2SSD8',2,'[{\"changed\": {\"fields\": [\"Soluong\"]}}]',14,1),(1925,'2023-11-21 19:01:42.046000','133','Ổ cứng SSD NVMe 2TB Kingston NV2',2,'[{\"changed\": {\"fields\": [\"Soluong\"]}}]',14,1),(1926,'2023-11-21 19:01:46.249000','132','Ổ cứng SSD NVMe 2TB Kingston KC2500 SKC2500M8',2,'[{\"changed\": {\"fields\": [\"Soluong\"]}}]',14,1),(1927,'2023-11-21 19:03:02.793000','131','RAM laptop 8GB DDR3L SK Hynix bus 1600Mhz',2,'[{\"changed\": {\"fields\": [\"Soluong\"]}}]',14,1),(1928,'2023-11-21 19:03:07.030000','130','RAM Laptop Samsung 8GB DDR3L bus 1600Mhz',2,'[{\"changed\": {\"fields\": [\"Soluong\"]}}]',14,1),(1929,'2023-11-21 19:03:11.460000','129','RAM Laptop Samsung DDR4 4GB Bus 3200Mhz',2,'[{\"changed\": {\"fields\": [\"Soluong\"]}}]',14,1),(1930,'2023-11-21 19:03:15.006000','128','RAM laptop SK Hynix DDR4 4GB bus 3200MHz',2,'[{\"changed\": {\"fields\": [\"Soluong\"]}}]',14,1),(1931,'2023-11-21 19:03:19.031000','127','RAM Laptop Kingston DDR4 bus 2666MHz 4GB',2,'[{\"changed\": {\"fields\": [\"Soluong\"]}}]',14,1),(1932,'2023-11-21 19:03:23.367000','126','RAM Laptop Kingston DDR4 bus 3200 4GB',2,'[{\"changed\": {\"fields\": [\"Soluong\"]}}]',14,1),(1933,'2023-11-21 19:03:27.431000','125','RAM laptop PNY Gaming 8GB DDR4 bus 3200MHz',2,'[{\"changed\": {\"fields\": [\"Soluong\"]}}]',14,1),(1934,'2023-11-21 19:03:31.713000','124','RAM Laptop DDR4 8GB TeamGroup Elite bus 2666Mhz',2,'[{\"changed\": {\"fields\": [\"Soluong\"]}}]',14,1),(1935,'2023-11-21 19:03:35.770000','123','RAM Laptop 8GB DDR4 Adata AD4S32008G22-SGN',2,'[{\"changed\": {\"fields\": [\"Soluong\"]}}]',14,1),(1936,'2023-11-21 19:03:39.709000','122','RAM Laptop 8GB DDR4 Micron bus 3200Mhz',2,'[{\"changed\": {\"fields\": [\"Soluong\"]}}]',14,1),(1937,'2023-11-21 19:03:43.500000','121','Ram Laptop DDR4 Kingston bus 3200MHz 8GB',2,'[{\"changed\": {\"fields\": [\"Soluong\"]}}]',14,1),(1938,'2023-11-21 19:03:47.983000','120','RAM Laptop DDR4 8GB Patriot bus 3200Mhz',2,'[{\"changed\": {\"fields\": [\"Soluong\"]}}]',14,1),(1939,'2023-11-21 19:03:52.034000','119','RAM Laptop TeamGroup Elite 8GB DDR4 bus 3200MHz',2,'[{\"changed\": {\"fields\": [\"Soluong\"]}}]',14,1),(1940,'2023-11-21 19:03:56.631000','118','RAM Laptop DDR5 8GB SK Hynix bus 4800Mhz',2,'[{\"changed\": {\"fields\": [\"Soluong\"]}}]',14,1),(1941,'2023-11-21 19:04:00.167000','117','RAM Laptop DDR5 8GB Samsung bus 4800Mhz',2,'[{\"changed\": {\"fields\": [\"Soluong\"]}}]',14,1),(1942,'2023-11-21 19:04:03.976000','116','RAM Laptop DDR5 8GB Samsung bus 5600Mhz',2,'[{\"changed\": {\"fields\": [\"Soluong\"]}}]',14,1),(1943,'2023-11-21 19:04:07.627000','115','RAM Laptop PNY 16GB DDR4 bus 2666MHz',2,'[{\"changed\": {\"fields\": [\"Soluong\"]}}]',14,1),(1944,'2023-11-21 19:04:11.073000','114','RAM Laptop Samsung 16GB DDR4 bus 2400MHz',2,'[{\"changed\": {\"fields\": [\"Soluong\"]}}]',14,1),(1945,'2023-11-21 19:04:55.022000','113','RAM Laptop DDR4 16GB TeamGroup Elite bus 2666Mhz',2,'[{\"changed\": {\"fields\": [\"Soluong\"]}}]',14,1),(1946,'2023-11-21 19:04:59.946000','112','RAM Laptop DDR5 8GB Crucial bus 4800Mhz',2,'[{\"changed\": {\"fields\": [\"Soluong\"]}}]',14,1),(1947,'2023-11-21 19:05:05.363000','111','RAM Laptop Samsung 16GB DDR4 bus 3200MHz',2,'[{\"changed\": {\"fields\": [\"Soluong\"]}}]',14,1),(1948,'2023-11-21 19:05:09.549000','110','RAM Laptop Kingmax 16GB DDR4 bus 2666MHz',2,'[{\"changed\": {\"fields\": [\"Soluong\"]}}]',14,1),(1949,'2023-11-21 19:05:21.851000','109','RAM Laptop DDR5 8GB Kingston bus 4800Mhz',2,'[{\"changed\": {\"fields\": [\"Soluong\"]}}]',14,1),(1950,'2023-11-21 19:05:26.119000','108','RAM Laptop Kingston DDR4 bus 3200MHz 16GB',2,'[{\"changed\": {\"fields\": [\"Soluong\"]}}]',14,1),(1951,'2023-11-21 19:05:34.372000','107','RAM Laptop Kingston DDR4 16GB bus 2666MHz',2,'[{\"changed\": {\"fields\": [\"Soluong\"]}}]',14,1),(1952,'2023-11-21 19:05:49.577000','106','RAM Laptop DDR5 16GB Samsung bus 4800Mhz',2,'[{\"changed\": {\"fields\": [\"Soluong\"]}}]',14,1),(1953,'2023-11-21 19:05:53.254000','105','RAM Laptop TeamGroup Elite 16GB DDR4 bus 3200MHz',2,'[{\"changed\": {\"fields\": [\"Soluong\"]}}]',14,1),(1954,'2023-11-21 19:05:56.850000','104','RAM Laptop DDR5 16GB Samsung bus 5600Mhz',2,'[{\"changed\": {\"fields\": [\"Soluong\"]}}]',14,1),(1955,'2023-11-21 19:06:52.345000','103','Card đồ họa VGA Gigabyte GTX 1650',2,'[{\"changed\": {\"fields\": [\"Soluong\"]}}]',14,1),(1956,'2023-11-21 19:06:55.880000','102','Card đồ họa VGA Asus TUF GTX 1650',2,'[{\"changed\": {\"fields\": [\"Soluong\"]}}]',14,1),(1957,'2023-11-21 19:07:00.324000','101','Card đồ họa VGA ASUS TUF GTX 1660',2,'[{\"changed\": {\"fields\": [\"Soluong\"]}}]',14,1),(1958,'2023-11-21 19:07:04.250000','100','Card đồ họa VGA Gigabyte Geforce GT 710',2,'[{\"changed\": {\"fields\": [\"Soluong\"]}}]',14,1),(1959,'2023-11-21 19:07:09.364000','99','Card đồ họa VGA Asus Phoenix GTX 1650',2,'[{\"changed\": {\"fields\": [\"Soluong\"]}}]',14,1),(1960,'2023-11-21 19:07:13.486000','98','Card đồ họa VGA RTX 3060',2,'[{\"changed\": {\"fields\": [\"Soluong\"]}}]',14,1),(1961,'2023-11-21 19:08:09.770000','97','CPU Intel Core i5-10400',2,'[{\"changed\": {\"fields\": [\"Soluong\"]}}]',14,1),(1962,'2023-11-21 19:08:13.769000','96','CPU Intel Core i3-9100',2,'[{\"changed\": {\"fields\": [\"Soluong\"]}}]',14,1),(1963,'2023-11-21 19:08:17.999000','95','CPU Intel Celeron-G5900',2,'[{\"changed\": {\"fields\": [\"Soluong\"]}}]',14,1),(1964,'2023-11-21 19:08:21.956000','94','CPU Intel Pentium Gold-G6405',2,'[{\"changed\": {\"fields\": [\"Soluong\"]}}]',14,1),(1965,'2023-11-21 19:08:25.624000','93','CPU Intel Core i5-13400F',2,'[{\"changed\": {\"fields\": [\"Soluong\"]}}]',14,1),(1966,'2023-11-21 19:08:29.121000','92','CPU Intel Core i3-13100F',2,'[{\"changed\": {\"fields\": [\"Soluong\"]}}]',14,1),(1967,'2023-11-21 19:08:32.723000','91','CPU Intel Core i5-13400',2,'[{\"changed\": {\"fields\": [\"Soluong\"]}}]',14,1),(1968,'2023-11-21 19:08:36.576000','90','CPU Intel Core i3-13100',2,'[{\"changed\": {\"fields\": [\"Soluong\"]}}]',14,1),(1969,'2023-11-21 19:08:44.259000','89','CPU AMD Ryzen 5-5600X',2,'[{\"changed\": {\"fields\": [\"Soluong\"]}}]',14,1),(1970,'2023-11-21 19:08:51.393000','88','CPU AMD Ryzen 5-4600G',2,'[{\"changed\": {\"fields\": [\"Soluong\"]}}]',14,1),(1971,'2023-11-21 19:10:35.620000','87','Laptop HP Pavilion 15-EG2062TU 6K790PA',2,'[{\"changed\": {\"fields\": [\"Soluong\"]}}]',14,1),(1972,'2023-11-21 19:10:41.269000','86','Laptop HP 15 dy2089ms 4W2K3UA',2,'[{\"changed\": {\"fields\": [\"Soluong\"]}}]',14,1),(1973,'2023-11-21 19:10:51.899000','80','Laptop HP 15s-fq5163TU 7C135PA',2,'[{\"changed\": {\"fields\": [\"Soluong\"]}}]',14,1),(1974,'2023-11-21 19:10:55.528000','79','Laptop HP Pavilion 15 EG2084TU 7C0Q6PA',2,'[{\"changed\": {\"fields\": [\"Soluong\"]}}]',14,1),(1975,'2023-11-21 19:10:59.247000','78','Laptop HP Pavilion X360 14-EK0057TU 6K7E0PA',2,'[{\"changed\": {\"fields\": [\"Soluong\"]}}]',14,1),(1976,'2023-11-21 19:11:03.016000','77','Laptop HP Envy x360 2 in 1 15-fe0053dx 7H9Y3UA',2,'[{\"changed\": {\"fields\": [\"Soluong\"]}}]',14,1),(1977,'2023-11-21 19:14:15.079000','76','Laptop Lenovo Thinkpad E14 Gen 2-ITU 20TA002LVA',2,'[{\"changed\": {\"fields\": [\"Soluong\"]}}]',14,1),(1978,'2023-11-21 19:14:19.926000','75','Laptop Lenovo IdeaPad 3 14ABA7 82RM003UVN (2022)',2,'[{\"changed\": {\"fields\": [\"Soluong\"]}}]',14,1),(1979,'2023-11-21 19:14:23.798000','73','Laptop Lenovo V14 G3 IAP 82TS00AXVN',2,'[{\"changed\": {\"fields\": [\"Soluong\"]}}]',14,1),(1980,'2023-11-21 19:14:28.837000','72','Laptop Lenovo IdeaPad 3 14IIL05 81WD00BFVN',2,'[{\"changed\": {\"fields\": [\"Soluong\"]}}]',14,1),(1981,'2023-11-21 19:14:32.495000','71','Laptop Lenovo Ideapad 5 Pro 14IAP7 82SH0004US',2,'[{\"changed\": {\"fields\": [\"Soluong\"]}}]',14,1),(1982,'2023-11-21 19:14:36.121000','70','Laptop Lenovo IdeaPad 5 Pro 16ACH6 82L500F5US',2,'[{\"changed\": {\"fields\": [\"Soluong\"]}}]',14,1),(1983,'2023-11-21 19:14:41.304000','69','Laptop Lenovo Slim 7 14IRP8 83A40005US - Intel Core i5-1340P',2,'[{\"changed\": {\"fields\": [\"Soluong\"]}}]',14,1),(1984,'2023-11-21 19:14:45.928000','68','Laptop Lenovo IdeaPad Slim 5 Light 14ABR8 82XS0007VN',2,'[{\"changed\": {\"fields\": [\"Soluong\"]}}]',14,1),(1985,'2023-11-21 19:14:49.913000','67','Laptop Lenovo ThinkPad T16 Gen 1 21CH000JUS',2,'[{\"changed\": {\"fields\": [\"Soluong\"]}}]',14,1),(1986,'2023-11-21 19:14:53.847000','66','Laptop Lenovo Slim 7 ProX 14ARH7 82V20003US',2,'[{\"changed\": {\"fields\": [\"Soluong\"]}}]',14,1),(1987,'2023-11-21 19:14:57.586000','65','Laptop LENOVO Legion 5 15ARH7 82RE0035VN 2022',2,'[{\"changed\": {\"fields\": [\"Soluong\"]}}]',14,1),(1988,'2023-11-21 19:15:01.471000','64','Laptop Lenovo Ideapad Gaming 3 15IHU6 82K100LNUS',2,'[{\"changed\": {\"fields\": [\"Soluong\"]}}]',14,1),(1989,'2023-11-21 19:15:05.122000','63','Laptop Gaming Mới Legion Y530',2,'[{\"changed\": {\"fields\": [\"Soluong\"]}}]',14,1),(1990,'2023-11-21 19:15:08.793000','62','Laptop Lenovo Ideapad Gaming 3 15ARH7 82SB00JUVN',2,'[{\"changed\": {\"fields\": [\"Soluong\"]}}]',14,1),(1991,'2023-11-21 19:15:13.075000','61','Laptop Lenovo Legion Slim 5 16IRH8 82YA00BSVN',2,'[{\"changed\": {\"fields\": [\"Soluong\"]}}]',14,1),(1992,'2023-11-21 19:15:16.764000','60','Laptop Lenovo Legion Slim 5 16IRH8 82YA008HVN',2,'[{\"changed\": {\"fields\": [\"Soluong\"]}}]',14,1),(1993,'2023-11-21 19:15:20.794000','59','Laptop LENOVO Legion Slim 5 16APH8 82Y9002YVN',2,'[{\"changed\": {\"fields\": [\"Soluong\"]}}]',14,1),(1994,'2023-11-21 19:15:25.895000','58','Laptop Lenovo Legion Slim 5 16IRH8 82YA00BUVN',2,'[{\"changed\": {\"fields\": [\"Soluong\"]}}]',14,1),(1995,'2023-11-21 19:15:30.233000','57','Laptop Dell Vostro 15 3530 80GG9',2,'[{\"changed\": {\"fields\": [\"Soluong\"]}}]',14,1),(1996,'2023-11-21 19:15:34.117000','56','Laptop Dell XPS 13 9305',2,'[{\"changed\": {\"fields\": [\"Soluong\"]}}]',14,1),(1997,'2023-11-21 19:15:37.983000','55','Laptop Dell Inspiron 16 7620',2,'[{\"changed\": {\"fields\": [\"Soluong\"]}}]',14,1),(1998,'2023-11-21 19:15:42.246000','54','Laptop Dell Inspiron 14 7430 2 in 1 CN29D',2,'[{\"changed\": {\"fields\": [\"Soluong\"]}}]',14,1),(1999,'2023-11-21 19:15:47.312000','53','Laptop Dell Inspiron 13 5330 R1808S',2,'[{\"changed\": {\"fields\": [\"Soluong\"]}}]',14,1),(2000,'2023-11-21 19:15:51.022000','52','Laptop Dell Vostro 5630 i5P085W11GRU',2,'[{\"changed\": {\"fields\": [\"Soluong\"]}}]',14,1),(2001,'2023-11-21 19:15:56.973000','51','Laptop Dell XPS 13 Plus 9320',2,'[{\"changed\": {\"fields\": [\"Soluong\"]}}]',14,1),(2002,'2023-11-21 19:16:03.523000','50','Laptop Dell Inspiron 14 5430 i5P165W11SLD2',2,'[{\"changed\": {\"fields\": [\"Soluong\"]}}]',14,1),(2003,'2023-11-21 19:16:08.229000','49','Laptop Dell G16 7620',2,'[{\"changed\": {\"fields\": [\"Soluong\"]}}]',14,1),(2004,'2023-11-21 19:16:12.575000','48','Laptop Dell Alienware X16 R1 (2023)',2,'[{\"changed\": {\"fields\": [\"Soluong\"]}}]',14,1),(2005,'2023-11-21 19:16:16.542000','47','Laptop Dell Inspiron N3505 Y1N1T1',2,'[{\"changed\": {\"fields\": [\"Soluong\"]}}]',14,1),(2006,'2023-11-21 19:16:20.648000','46','Laptop Dell Inspiron 3505-0M1T4',2,'[{\"changed\": {\"fields\": [\"Soluong\"]}}]',14,1),(2007,'2023-11-21 19:16:24.999000','44','Laptop Dell Vostro 3405-R1505D',2,'[{\"changed\": {\"fields\": [\"Soluong\"]}}]',14,1),(2008,'2023-11-21 19:16:29.214000','40','Laptop Dell G15 5511',2,'[{\"changed\": {\"fields\": [\"Soluong\"]}}]',14,1),(2009,'2023-11-21 19:17:04.360000','38','Laptop Dell Gaming G15 5530 i7H165W11GR4060',2,'[{\"changed\": {\"fields\": [\"Soluong\"]}}]',14,1),(2010,'2023-11-21 19:17:07.670000','37','Laptop Dell Gaming G16 7630 R1948W',2,'[{\"changed\": {\"fields\": [\"Soluong\"]}}]',14,1),(2011,'2023-11-21 19:17:11.026000','36','Laptop Asus Vivobook A15 A515EA L12033T',2,'[{\"changed\": {\"fields\": [\"Soluong\"]}}]',14,1),(2012,'2023-11-21 19:17:14.693000','35','Laptop Asus Vivobook X515EP EJ405W',2,'[{\"changed\": {\"fields\": [\"Soluong\"]}}]',14,1),(2013,'2023-11-21 19:17:18.275000','34','Laptop Asus Vivobook 14X OLED A1403ZA-KM161W',2,'[{\"changed\": {\"fields\": [\"Soluong\"]}}]',14,1),(2014,'2023-11-21 19:17:23.027000','33','Laptop Asus Vivobook 15 A515EA-BQ1530W',2,'[{\"changed\": {\"fields\": [\"Soluong\"]}}]',14,1),(2015,'2023-11-21 19:17:26.808000','32','Laptop Asus Expert Book P2451FA-BV3022',2,'[{\"changed\": {\"fields\": [\"Soluong\"]}}]',14,1),(2016,'2023-11-21 19:18:51.262000','31','Laptop HP Pavilion 14-DV2051TU 6K7G8PA',2,'[{\"changed\": {\"fields\": [\"Soluong\"]}}]',14,1),(2017,'2023-11-21 19:18:54.784000','30','Laptop ASUS Vivobook Go 14 E1404FA-NK177W',2,'[{\"changed\": {\"fields\": [\"Soluong\"]}}]',14,1),(2018,'2023-11-21 19:18:58.316000','28','Laptop Asus Vivobook S5402ZA-IS74-M003Y0',2,'[{\"changed\": {\"fields\": [\"Soluong\"]}}]',14,1),(2019,'2023-11-21 19:19:01.814000','27','Laptop Asus Vivobook 15X OLED S3504VA L1226W',2,'[{\"changed\": {\"fields\": [\"Soluong\"]}}]',14,1),(2020,'2023-11-21 19:19:05.019000','26','Laptop Asus Zenbook 14 OLED UX3402VA-KM085W',2,'[{\"changed\": {\"fields\": [\"Soluong\"]}}]',14,1),(2021,'2023-11-21 19:19:09.901000','25','Laptop ASUS Zenbook Pro 14 OLED UX6404VV-P4069W',2,'[{\"changed\": {\"fields\": [\"Soluong\"]}}]',14,1),(2022,'2023-11-21 19:19:13.949000','23','Laptop Gaming ASUS ROG FLOW Z13 2023 GZ301',2,'[{\"changed\": {\"fields\": [\"Soluong\"]}}]',14,1),(2023,'2023-11-21 19:19:17.837000','22','Laptop Gaming ASUS ROG Flow X13 2023 GV302XI',2,'[{\"changed\": {\"fields\": [\"Soluong\"]}}]',14,1),(2024,'2023-11-21 19:19:21.226000','21','Laptop Gaming ASUS ROG Zephyrus G14 2023',2,'[{\"changed\": {\"fields\": [\"Soluong\"]}}]',14,1),(2025,'2023-11-21 19:19:24.292000','20','Laptop Gaming ASUS ROG FLOW X16 2023',2,'[{\"changed\": {\"fields\": [\"Soluong\"]}}]',14,1),(2026,'2023-11-21 19:19:27.919000','19','Laptop ASUS ROG Zephyrus G14 GA402RJ-L8030W',2,'[{\"changed\": {\"fields\": [\"Soluong\"]}}]',14,1),(2027,'2023-11-21 19:19:37.337000','18','Laptop Asus ROG Zephyrus G15 GA503RM-LN006W',2,'[{\"changed\": {\"fields\": [\"Soluong\"]}}]',14,1),(2028,'2023-11-21 19:19:40.308000','17','Laptop Asus ROG Strix 2022 G17 G713RM-LL016W',2,'[{\"changed\": {\"fields\": [\"Soluong\"]}}]',14,1),(2029,'2023-11-21 19:19:43.328000','16','Laptop Asus TUF Gaming F15 FX506LHB-HN188W',2,'[{\"changed\": {\"fields\": [\"Soluong\"]}}]',14,1),(2030,'2023-11-21 19:19:46.482000','15','Laptop ASUS TUF Gaming F15 FX507ZU4 LP054W',2,'[{\"changed\": {\"fields\": [\"Soluong\"]}}]',14,1),(2031,'2023-11-21 19:19:50.818000','14','Laptop ASUS ROG Zephyrus G14 GA402NJ-L4056W',2,'[{\"changed\": {\"fields\": [\"Soluong\"]}}]',14,1),(2032,'2023-11-21 19:19:54.521000','13','Laptop ASUS ROG Strix G16 G614JV-N4261W',2,'[{\"changed\": {\"fields\": [\"Soluong\"]}}]',14,1),(2033,'2023-11-21 19:20:00.013000','150','Màn hình Dell E2417H 24 Inch Cũ / Full HD / 60Hz',2,'[{\"changed\": {\"fields\": [\"Soluong\"]}}]',14,1),(2034,'2023-11-21 19:20:04.726000','85','Laptop HP Probook 640 G2',2,'[{\"changed\": {\"fields\": [\"Soluong\"]}}]',14,1),(2035,'2023-11-21 19:20:08.712000','84','Laptop HP Elitebook 840 G3',2,'[{\"changed\": {\"fields\": [\"Soluong\"]}}]',14,1),(2036,'2023-11-21 19:20:12.355000','83','Laptop HP Notebook 14s cr2005tu',2,'[{\"changed\": {\"fields\": [\"Soluong\"]}}]',14,1),(2037,'2023-11-21 19:20:16.138000','82','Laptop HP ProBook 440 G7',2,'[{\"changed\": {\"fields\": [\"Soluong\"]}}]',14,1),(2038,'2023-11-21 19:20:22.821000','81','Laptop HP Elitebook 840 G8',2,'[{\"changed\": {\"fields\": [\"Soluong\"]}}]',14,1),(2039,'2023-11-21 19:20:26.361000','74','Laptop Lenovo Thinkpad L480',2,'[{\"changed\": {\"fields\": [\"Soluong\"]}}]',14,1),(2040,'2023-11-21 19:20:29.549000','45','Laptop Dell Inspiron G5 15 5500',2,'[{\"changed\": {\"fields\": [\"Soluong\"]}}]',14,1),(2041,'2023-11-21 19:20:32.915000','43','Laptop Dell Inspiron G7 7588',2,'[{\"changed\": {\"fields\": [\"Soluong\"]}}]',14,1),(2042,'2023-11-21 19:20:36.374000','42','Laptop Dell Inspiron 5577',2,'[{\"changed\": {\"fields\": [\"Soluong\"]}}]',14,1),(2043,'2023-11-21 19:20:39.665000','39','Laptop Dell G15 5520',2,'[{\"changed\": {\"fields\": [\"Soluong\"]}}]',14,1),(2044,'2023-11-21 19:20:44.213000','29','Laptop Asus Vivobook K3500P',2,'[{\"changed\": {\"fields\": [\"Soluong\"]}}]',14,1),(2045,'2023-11-21 19:20:47.706000','24','Laptop Asus TUF Gaming F15 FX507ZC',2,'[{\"changed\": {\"fields\": [\"Soluong\"]}}]',14,1),(2046,'2023-11-21 20:05:33.432000','6','trung201760404904',3,'',6,1),(2047,'2023-11-21 20:05:38.638000','5','ffsfsfsfsfsfdsf',3,'',6,1),(2048,'2023-11-21 20:05:42.539000','4','thnhtrung0599',3,'',6,1),(2049,'2023-11-21 20:05:46.612000','3','thanhtrung05999',3,'',6,1),(2050,'2023-11-21 20:05:51.074000','2','thanhtrung0599',3,'',6,1),(2051,'2023-11-21 20:19:10.900000','7','thanhtrung0599',3,'',6,1),(2052,'2023-11-22 06:52:34.474000','9','trungtrung23051999',3,'',6,1),(2053,'2023-11-22 06:52:34.480000','8','thanhtrung0599',3,'',6,1),(2054,'2023-11-22 06:52:53.216000','25','Đơn Hàng Ngày 2023-11-21 16:29:07.508020+00:00',3,'',21,1),(2055,'2023-11-22 11:36:13.632000','43','Đơn Hàng Ngày Đơn Hàng Ngày 2023-11-22 09:51:48.396141+00:00',3,'',26,1),(2056,'2023-11-22 11:36:13.646000','42','Đơn Hàng Ngày Đơn Hàng Ngày 2023-11-22 09:51:48.396141+00:00',3,'',26,1),(2057,'2023-11-22 11:36:23.188000','28','Đơn Hàng Ngày 2023-11-22 09:51:48.396141+00:00',3,'',21,1),(2058,'2023-11-22 11:43:06.082000','29','Đơn Hàng Ngày 2023-11-22 11:36:34.029631+00:00',3,'',21,1),(2059,'2023-11-23 16:11:57.005000','100','Thông tin đơn hàng Đơn trung2017604049 2023-11-22 11:43:19.723340+00:00',3,'',26,1),(2060,'2023-11-23 16:12:07.402000','30','Đơn trung2017604049 2023-11-22 11:43:19.723340+00:00',3,'',21,1),(2061,'2023-11-23 16:19:00.280000','14','Laptop ASUS ROG Zephyrus G14 GA402NJ-L4056W',2,'[{\"changed\": {\"fields\": [\"Soluong\"]}}]',14,1),(2062,'2023-11-23 16:19:04.840000','13','Laptop ASUS ROG Strix G16 G614JV-N4261W',2,'[{\"changed\": {\"fields\": [\"Soluong\"]}}]',14,1),(2063,'2023-11-23 17:12:53.247000','32','Đơn trung2017604049 2023-11-23 17:11:33+00:00',2,'[{\"changed\": {\"fields\": [\"Status\"]}}]',21,1),(2064,'2023-11-23 17:13:45.743000','14','Laptop ASUS ROG Zephyrus G14 GA402NJ-L4056W',2,'[{\"changed\": {\"fields\": [\"Soluong\"]}}]',14,1),(2065,'2023-11-23 17:13:58.326000','13','Laptop ASUS ROG Strix G16 G614JV-N4261W',2,'[{\"changed\": {\"fields\": [\"Soluong\"]}}]',14,1),(2066,'2023-11-23 17:15:02.043000','14','Laptop ASUS ROG Zephyrus G14 GA402NJ-L4056W',2,'[{\"changed\": {\"fields\": [\"Soluong\"]}}]',14,1),(2067,'2023-11-23 17:15:05.544000','13','Laptop ASUS ROG Strix G16 G614JV-N4261W',2,'[{\"changed\": {\"fields\": [\"Soluong\"]}}]',14,1),(2068,'2023-11-23 18:14:20.318000','15','Laptop ASUS TUF Gaming F15 FX507ZU4 LP054W',2,'[{\"changed\": {\"fields\": [\"Soluong\"]}}]',14,1),(2069,'2023-11-23 18:14:24.639000','14','Laptop ASUS ROG Zephyrus G14 GA402NJ-L4056W',2,'[{\"changed\": {\"fields\": [\"Soluong\"]}}]',14,1),(2070,'2023-11-23 18:14:30.758000','13','Laptop ASUS ROG Strix G16 G614JV-N4261W',2,'[{\"changed\": {\"fields\": [\"Soluong\"]}}]',14,1),(2071,'2023-11-23 18:46:17.058000','46','Đơn thanhtrung0599 None',2,'[{\"changed\": {\"fields\": [\"Status\"]}}]',21,1),(2072,'2023-11-23 18:47:58.540000','46','Đơn thanhtrung0599 None',2,'[{\"changed\": {\"fields\": [\"Status\"]}}]',21,1),(2073,'2023-11-26 13:00:12.354000','3','(3, \'Hoàn Thành\')',1,'[{\"added\": {}}]',16,1),(2074,'2023-11-26 13:25:25.286000','54','Đơn trung2017604049 None 54',3,'',21,1),(2075,'2023-11-26 13:25:25.294000','53','Đơn tonngokhongsad 2023-11-26 11:46:53.731465+00:00 53',3,'',21,1),(2076,'2023-11-26 13:25:25.298000','52','Đơn tonngokhongsad 2023-11-26 10:07:22.894004+00:00 52',3,'',21,1),(2077,'2023-11-26 13:25:25.301000','51','Đơn tonngokhongsad 2023-11-26 09:48:23.559225+00:00 51',3,'',21,1),(2078,'2023-11-26 13:25:25.303000','50','Đơn tonngokhongsad 2023-11-26 07:47:38.560174+00:00 50',3,'',21,1),(2079,'2023-11-26 13:25:25.308000','49','Đơn tonngokhongsad 2023-11-26 07:46:31.115441+00:00 49',3,'',21,1),(2080,'2023-11-26 13:25:25.311000','48','Đơn tonngokhongsad 2023-11-26 07:36:16.129156+00:00 48',3,'',21,1),(2081,'2023-11-26 13:25:25.314000','47','Đơn trung2017604049 2023-11-26 13:02:57.649524+00:00 47',3,'',21,1),(2082,'2023-11-26 13:25:25.318000','46','Đơn thanhtrung0599 2023-11-23 18:50:33.370820+00:00 46',3,'',21,1),(2083,'2023-11-26 13:25:25.321000','45','Đơn thanhtrung0599 2023-11-23 18:29:40.737538+00:00 45',3,'',21,1),(2084,'2023-11-26 13:25:25.323000','44','Đơn trung2017604049 2023-11-23 18:18:25.749106+00:00 44',3,'',21,1),(2085,'2023-11-26 13:25:25.327000','43','Đơn trung2017604049 2023-11-23 18:14:55.124989+00:00 43',3,'',21,1),(2086,'2023-11-26 13:25:25.332000','42','Đơn trung2017604049 2023-11-23 18:10:33.104134+00:00 42',3,'',21,1),(2087,'2023-11-26 13:25:25.335000','41','Đơn trung2017604049 2023-11-23 18:09:44.551322+00:00 41',3,'',21,1),(2088,'2023-11-26 13:25:25.339000','40','Đơn trung2017604049 2023-11-23 18:08:16.291993+00:00 40',3,'',21,1),(2089,'2023-11-26 13:25:25.342000','39','Đơn trung2017604049 2023-11-23 17:56:39.626820+00:00 39',3,'',21,1),(2090,'2023-11-26 13:25:25.345000','38','Đơn trung2017604049 2023-11-23 17:38:38.672806+00:00 38',3,'',21,1),(2091,'2023-11-26 13:25:25.348000','37','Đơn trung2017604049 2023-11-23 17:37:34.799378+00:00 37',3,'',21,1),(2092,'2023-11-26 13:25:25.354000','36','Đơn trung2017604049 2023-11-23 17:33:21.137770+00:00 36',3,'',21,1),(2093,'2023-11-26 13:25:25.357000','35','Đơn trung2017604049 2023-11-23 17:31:50.996142+00:00 35',3,'',21,1),(2094,'2023-11-26 13:25:25.358000','34','Đơn trung2017604049 2023-11-23 17:30:42.959440+00:00 34',3,'',21,1),(2095,'2023-11-26 13:25:25.358000','33','Đơn trung2017604049 2023-11-23 17:28:09.270385+00:00 33',3,'',21,1),(2096,'2023-11-26 13:25:25.358000','32','Đơn trung2017604049 2023-11-23 17:23:59.063068+00:00 32',3,'',21,1),(2097,'2023-11-26 13:25:25.358000','31','Đơn trung2017604049 2023-11-23 16:17:17.547727+00:00 31',3,'',21,1),(2098,'2023-11-26 14:20:05.427000','169','Laptop Lenovo IdeaPad 5 Pro 16ACH6 82L500F5US',2,'[{\"changed\": {\"fields\": [\"Image\"]}}]',24,1),(2099,'2023-11-27 10:29:00.332000','11','tonngokhongsad',3,'',6,1),(2100,'2023-11-27 10:29:00.353000','10','thanhtrung0599',3,'',6,1),(2101,'2023-11-28 05:53:30.399700','149','Màn hình 22 Inch Acer AOPEN 22CV1Q Full HD',2,'[{\"changed\": {\"fields\": [\"Price\"]}}]',14,1),(2102,'2023-11-28 05:53:46.965226','148','Màn hình 22 Inch ViewSonic VA2223-H Full HD',2,'[{\"changed\": {\"fields\": [\"Price\"]}}]',14,1),(2103,'2023-11-28 05:54:08.635678','147','Màn hình 23.6 Inch Viewsonic VA2409-H FullHD',2,'[{\"changed\": {\"fields\": [\"Price\"]}}]',14,1),(2104,'2023-11-28 05:54:28.388860','146','Màn hình máy tính 27 inch Viewsonic VX2717-C-MH',2,'[{\"changed\": {\"fields\": [\"Price\"]}}]',14,1),(2105,'2023-11-28 05:54:42.496607','145','Màn hình máy tính 24 Inch Acer EK241Y Full HD 75Hz',2,'[{\"changed\": {\"fields\": [\"Price\"]}}]',14,1),(2106,'2023-11-28 05:55:07.451529','144','Màn hình máy tính Lenovo Legion Y27-30 - 27 Inch FHD IPS 180Hz',2,'[{\"changed\": {\"fields\": [\"Price\"]}}]',14,1),(2107,'2023-11-28 05:55:31.107596','143','Màn Hình Di Động LG Gram View 16MR70.ASDA5 16 inch QHD',2,'[{\"changed\": {\"fields\": [\"Price\"]}}]',14,1),(2108,'2023-11-28 05:56:06.301260','142','Ổ cứng HDD 2.5 Inch WD Blue 5400rpm WD20SPZX-22UA7T0',2,'[{\"changed\": {\"fields\": [\"Price\"]}}]',14,1),(2109,'2023-11-28 05:56:22.248845','141','Ổ cứng SSD NVMe 1TB Samsung PM991 M.2 2280',2,'[{\"changed\": {\"fields\": [\"Price\"]}}]',14,1),(2110,'2023-11-28 05:57:16.466764','140','Ổ cứng SSD 1TB 2.5 Inch Crucial BX500 CT1000BX500SSD1',2,'[{\"changed\": {\"fields\": [\"Price\"]}}]',14,1),(2111,'2023-11-28 05:57:25.517788','139','Ổ cứng SSD NVMe 1TB Kingston NV2 SNV2S',2,'[{\"changed\": {\"fields\": [\"Price\"]}}]',14,1),(2112,'2023-11-28 05:57:34.375290','138','Ổ cứng SSD 2.5 Inch 1TB Samsung 870',2,'[{\"changed\": {\"fields\": [\"Price\"]}}]',14,1),(2113,'2023-11-28 05:57:48.795145','137','Ổ cứng SSD NVMe 1TB Samsung 970',2,'[{\"changed\": {\"fields\": [\"Price\"]}}]',14,1),(2114,'2023-11-28 05:57:58.827923','136','Ổ cứng SSD 1TB Samsung PCIe NVMe',2,'[{\"changed\": {\"fields\": [\"Price\"]}}]',14,1),(2115,'2023-11-28 05:58:14.234691','135','Ổ cứng SSD NVMe 1TB Samsung 990 PRO MZ',2,'[{\"changed\": {\"fields\": [\"Price\"]}}]',14,1),(2116,'2023-11-28 05:58:22.486950','134','Ổ cứng SSD NVMe 2TB Crucial CT2000P2SSD8',2,'[{\"changed\": {\"fields\": [\"Price\"]}}]',14,1),(2117,'2023-11-28 05:58:30.455537','133','Ổ cứng SSD NVMe 2TB Kingston NV2',2,'[{\"changed\": {\"fields\": [\"Price\"]}}]',14,1),(2118,'2023-11-28 05:58:39.359846','132','Ổ cứng SSD NVMe 2TB Kingston KC2500 SKC2500M8',2,'[{\"changed\": {\"fields\": [\"Price\"]}}]',14,1),(2119,'2023-11-28 06:01:18.296195','131','RAM laptop 8GB DDR3L SK Hynix bus 1600Mhz',2,'[{\"changed\": {\"fields\": [\"Price\"]}}]',14,1),(2120,'2023-11-28 06:01:27.044983','130','RAM Laptop Samsung 8GB DDR3L bus 1600Mhz',2,'[{\"changed\": {\"fields\": [\"Price\"]}}]',14,1),(2121,'2023-11-28 06:01:33.618005','129','RAM Laptop Samsung DDR4 4GB Bus 3200Mhz',2,'[{\"changed\": {\"fields\": [\"Price\"]}}]',14,1),(2122,'2023-11-28 06:01:41.039561','128','RAM laptop SK Hynix DDR4 4GB bus 3200MHz',2,'[{\"changed\": {\"fields\": [\"Price\"]}}]',14,1),(2123,'2023-11-28 06:01:49.198770','127','RAM Laptop Kingston DDR4 bus 2666MHz 4GB',2,'[{\"changed\": {\"fields\": [\"Price\"]}}]',14,1),(2124,'2023-11-28 06:01:56.903147','126','RAM Laptop Kingston DDR4 bus 3200 4GB',2,'[{\"changed\": {\"fields\": [\"Price\"]}}]',14,1),(2125,'2023-11-28 06:02:04.351485','125','RAM laptop PNY Gaming 8GB DDR4 bus 3200MHz',2,'[{\"changed\": {\"fields\": [\"Price\"]}}]',14,1),(2126,'2023-11-28 06:02:11.825162','124','RAM Laptop DDR4 8GB TeamGroup Elite bus 2666Mhz',2,'[{\"changed\": {\"fields\": [\"Price\"]}}]',14,1),(2127,'2023-11-28 06:02:19.694855','123','RAM Laptop 8GB DDR4 Adata AD4S32008G22-SGN',2,'[{\"changed\": {\"fields\": [\"Price\"]}}]',14,1),(2128,'2023-11-28 06:02:26.711346','122','RAM Laptop 8GB DDR4 Micron bus 3200Mhz',2,'[{\"changed\": {\"fields\": [\"Price\"]}}]',14,1),(2129,'2023-11-28 06:02:39.040530','121','Ram Laptop DDR4 Kingston bus 3200MHz 8GB',2,'[{\"changed\": {\"fields\": [\"Price\"]}}]',14,1),(2130,'2023-11-28 06:02:46.443095','120','RAM Laptop DDR4 8GB Patriot bus 3200Mhz',2,'[{\"changed\": {\"fields\": [\"Price\"]}}]',14,1),(2131,'2023-11-28 06:02:54.910584','119','RAM Laptop TeamGroup Elite 8GB DDR4 bus 3200MHz',2,'[{\"changed\": {\"fields\": [\"Price\"]}}]',14,1),(2132,'2023-11-28 06:03:02.266496','118','RAM Laptop DDR5 8GB SK Hynix bus 4800Mhz',2,'[{\"changed\": {\"fields\": [\"Price\"]}}]',14,1),(2133,'2023-11-28 06:03:09.246903','117','RAM Laptop DDR5 8GB Samsung bus 4800Mhz',2,'[{\"changed\": {\"fields\": [\"Price\"]}}]',14,1),(2134,'2023-11-28 06:03:20.916537','116','RAM Laptop DDR5 8GB Samsung bus 5600Mhz',2,'[{\"changed\": {\"fields\": [\"Price\"]}}]',14,1),(2135,'2023-11-28 06:03:28.257810','115','RAM Laptop PNY 16GB DDR4 bus 2666MHz',2,'[{\"changed\": {\"fields\": [\"Price\"]}}]',14,1),(2136,'2023-11-28 06:03:37.687579','114','RAM Laptop Samsung 16GB DDR4 bus 2400MHz',2,'[{\"changed\": {\"fields\": [\"Price\"]}}]',14,1),(2137,'2023-11-28 06:03:45.306156','113','RAM Laptop DDR4 16GB TeamGroup Elite bus 2666Mhz',2,'[{\"changed\": {\"fields\": [\"Price\"]}}]',14,1),(2138,'2023-11-28 06:03:52.241441','112','RAM Laptop DDR5 8GB Crucial bus 4800Mhz',2,'[{\"changed\": {\"fields\": [\"Price\"]}}]',14,1),(2139,'2023-11-28 06:03:58.726515','111','RAM Laptop Samsung 16GB DDR4 bus 3200MHz',2,'[{\"changed\": {\"fields\": [\"Price\"]}}]',14,1),(2140,'2023-11-28 06:04:05.931055','110','RAM Laptop Kingmax 16GB DDR4 bus 2666MHz',2,'[{\"changed\": {\"fields\": [\"Price\"]}}]',14,1),(2141,'2023-11-28 06:04:12.946898','109','RAM Laptop DDR5 8GB Kingston bus 4800Mhz',2,'[{\"changed\": {\"fields\": [\"Price\"]}}]',14,1),(2142,'2023-11-28 06:04:20.015570','108','RAM Laptop Kingston DDR4 bus 3200MHz 16GB',2,'[{\"changed\": {\"fields\": [\"Price\"]}}]',14,1),(2143,'2023-11-28 06:04:28.501215','107','RAM Laptop Kingston DDR4 16GB bus 2666MHz',2,'[{\"changed\": {\"fields\": [\"Price\"]}}]',14,1),(2144,'2023-11-28 06:04:36.069807','106','RAM Laptop DDR5 16GB Samsung bus 4800Mhz',2,'[{\"changed\": {\"fields\": [\"Price\"]}}]',14,1),(2145,'2023-11-28 06:04:43.920744','105','RAM Laptop TeamGroup Elite 16GB DDR4 bus 3200MHz',2,'[{\"changed\": {\"fields\": [\"Price\"]}}]',14,1),(2146,'2023-11-28 06:04:51.656159','104','RAM Laptop DDR5 16GB Samsung bus 5600Mhz',2,'[{\"changed\": {\"fields\": [\"Price\"]}}]',14,1),(2147,'2023-11-28 06:05:39.872808','103','Card đồ họa VGA Gigabyte GTX 1650',2,'[{\"changed\": {\"fields\": [\"Price\"]}}]',14,1),(2148,'2023-11-28 06:05:47.567234','102','Card đồ họa VGA Asus TUF GTX 1650',2,'[{\"changed\": {\"fields\": [\"Price\"]}}]',14,1),(2149,'2023-11-28 06:05:55.024236','101','Card đồ họa VGA ASUS TUF GTX 1660',2,'[{\"changed\": {\"fields\": [\"Price\"]}}]',14,1),(2150,'2023-11-28 06:06:02.342788','100','Card đồ họa VGA Gigabyte Geforce GT 710',2,'[{\"changed\": {\"fields\": [\"Price\"]}}]',14,1),(2151,'2023-11-28 06:06:18.285153','98','Card đồ họa VGA RTX 3060',2,'[{\"changed\": {\"fields\": [\"Price\"]}}]',14,1),(2152,'2023-11-28 06:06:38.539366','99','Card đồ họa VGA Asus Phoenix GTX 1650',2,'[{\"changed\": {\"fields\": [\"Price\"]}}]',14,1),(2153,'2023-11-28 06:08:00.340842','97','CPU Intel Core i5-10400',2,'[{\"changed\": {\"fields\": [\"Price\"]}}]',14,1),(2154,'2023-11-28 06:08:06.695451','96','CPU Intel Core i3-9100',2,'[{\"changed\": {\"fields\": [\"Price\"]}}]',14,1),(2155,'2023-11-28 06:08:13.597327','95','CPU Intel Celeron-G5900',2,'[{\"changed\": {\"fields\": [\"Price\"]}}]',14,1),(2156,'2023-11-28 06:08:21.229950','94','CPU Intel Pentium Gold-G6405',2,'[{\"changed\": {\"fields\": [\"Price\"]}}]',14,1),(2157,'2023-11-28 06:08:34.149938','93','CPU Intel Core i5-13400F',2,'[{\"changed\": {\"fields\": [\"Price\"]}}]',14,1),(2158,'2023-11-28 06:08:42.152968','92','CPU Intel Core i3-13100F',2,'[{\"changed\": {\"fields\": [\"Price\"]}}]',14,1),(2159,'2023-11-28 06:08:49.305320','91','CPU Intel Core i5-13400',2,'[{\"changed\": {\"fields\": [\"Price\"]}}]',14,1),(2160,'2023-11-28 06:08:58.403476','90','CPU Intel Core i3-13100',2,'[{\"changed\": {\"fields\": [\"Price\"]}}]',14,1),(2161,'2023-11-28 06:09:05.152603','89','CPU AMD Ryzen 5-5600X',2,'[{\"changed\": {\"fields\": [\"Price\"]}}]',14,1),(2162,'2023-11-28 06:09:25.754981','88','CPU AMD Ryzen 5-4600G',2,'[{\"changed\": {\"fields\": [\"Price\"]}}]',14,1),(2163,'2023-11-28 06:10:47.586815','87','Laptop HP Pavilion 15-EG2062TU 6K790PA',2,'[{\"changed\": {\"fields\": [\"Price\"]}}]',14,1),(2164,'2023-11-28 06:10:59.855831','86','Laptop HP 15 dy2089ms 4W2K3UA',2,'[{\"changed\": {\"fields\": [\"Price\"]}}]',14,1),(2165,'2023-11-28 06:11:23.618029','80','Laptop HP 15s-fq5163TU 7C135PA',2,'[{\"changed\": {\"fields\": [\"Price\"]}}]',14,1),(2166,'2023-11-28 06:11:35.774539','79','Laptop HP Pavilion 15 EG2084TU 7C0Q6PA',2,'[{\"changed\": {\"fields\": [\"Price\"]}}]',14,1),(2167,'2023-11-28 06:11:46.461144','78','Laptop HP Pavilion X360 14-EK0057TU 6K7E0PA',2,'[{\"changed\": {\"fields\": [\"Price\"]}}]',14,1),(2168,'2023-11-28 06:11:58.858606','77','Laptop HP Envy x360 2 in 1 15-fe0053dx 7H9Y3UA',2,'[{\"changed\": {\"fields\": [\"Price\"]}}]',14,1),(2169,'2023-11-28 06:13:04.725100','76','Laptop Lenovo Thinkpad E14 Gen 2-ITU 20TA002LVA',2,'[{\"changed\": {\"fields\": [\"Price\"]}}]',14,1),(2170,'2023-11-28 06:13:11.806177','75','Laptop Lenovo IdeaPad 3 14ABA7 82RM003UVN (2022)',2,'[{\"changed\": {\"fields\": [\"Price\"]}}]',14,1),(2171,'2023-11-28 06:13:36.347816','73','Laptop Lenovo V14 G3 IAP 82TS00AXVN',2,'[{\"changed\": {\"fields\": [\"Price\"]}}]',14,1),(2172,'2023-11-28 06:14:04.567910','72','Laptop Lenovo IdeaPad 3 14IIL05 81WD00BFVN',2,'[{\"changed\": {\"fields\": [\"Price\"]}}]',14,1),(2173,'2023-11-28 06:14:21.269026','70','Laptop Lenovo IdeaPad 5 Pro 16ACH6 82L500F5US',2,'[{\"changed\": {\"fields\": [\"Price\"]}}]',14,1),(2174,'2023-11-28 06:14:30.452151','69','Laptop Lenovo Slim 7 14IRP8 83A40005US - Intel Core i5-1340P',2,'[{\"changed\": {\"fields\": [\"Price\"]}}]',14,1),(2175,'2023-11-28 06:14:38.366778','68','Laptop Lenovo IdeaPad Slim 5 Light 14ABR8 82XS0007VN',2,'[{\"changed\": {\"fields\": [\"Price\"]}}]',14,1),(2176,'2023-11-28 06:14:47.899628','67','Laptop Lenovo ThinkPad T16 Gen 1 21CH000JUS',2,'[{\"changed\": {\"fields\": [\"Price\"]}}]',14,1),(2177,'2023-11-28 06:14:57.722974','66','Laptop Lenovo Slim 7 ProX 14ARH7 82V20003US',2,'[{\"changed\": {\"fields\": [\"Price\"]}}]',14,1),(2178,'2023-11-28 06:15:24.492712','65','Laptop LENOVO Legion 5 15ARH7 82RE0035VN 2022',2,'[{\"changed\": {\"fields\": [\"Price\"]}}]',14,1),(2179,'2023-11-28 06:15:33.596559','64','Laptop Lenovo Ideapad Gaming 3 15IHU6 82K100LNUS',2,'[{\"changed\": {\"fields\": [\"Price\"]}}]',14,1),(2180,'2023-11-28 06:15:43.538934','63','Laptop Gaming Mới Legion Y530',2,'[{\"changed\": {\"fields\": [\"Price\"]}}]',14,1),(2181,'2023-11-28 06:15:49.699272','62','Laptop Lenovo Ideapad Gaming 3 15ARH7 82SB00JUVN',2,'[{\"changed\": {\"fields\": [\"Price\"]}}]',14,1),(2182,'2023-11-28 06:15:59.701985','61','Laptop Lenovo Legion Slim 5 16IRH8 82YA00BSVN',2,'[{\"changed\": {\"fields\": [\"Price\"]}}]',14,1),(2183,'2023-11-28 06:16:06.705957','60','Laptop Lenovo Legion Slim 5 16IRH8 82YA008HVN',2,'[{\"changed\": {\"fields\": [\"Price\"]}}]',14,1),(2184,'2023-11-28 06:16:21.263727','59','Laptop LENOVO Legion Slim 5 16APH8 82Y9002YVN',2,'[{\"changed\": {\"fields\": [\"Price\"]}}]',14,1),(2185,'2023-11-28 06:16:31.577344','58','Laptop Lenovo Legion Slim 5 16IRH8 82YA00BUVN',2,'[{\"changed\": {\"fields\": [\"Price\"]}}]',14,1),(2186,'2023-11-28 06:16:47.164704','57','Laptop Dell Vostro 15 3530 80GG9',2,'[{\"changed\": {\"fields\": [\"Price\"]}}]',14,1),(2187,'2023-11-28 06:17:37.528204','56','Laptop Dell XPS 13 9305',2,'[{\"changed\": {\"fields\": [\"Price\"]}}]',14,1),(2188,'2023-11-28 06:17:44.348702','55','Laptop Dell Inspiron 16 7620',2,'[{\"changed\": {\"fields\": [\"Price\"]}}]',14,1),(2189,'2023-11-28 06:17:51.248386','54','Laptop Dell Inspiron 14 7430 2 in 1 CN29D',2,'[{\"changed\": {\"fields\": [\"Price\"]}}]',14,1),(2190,'2023-11-28 06:17:58.100214','53','Laptop Dell Inspiron 13 5330 R1808S',2,'[{\"changed\": {\"fields\": [\"Price\"]}}]',14,1),(2191,'2023-11-28 06:18:05.502193','52','Laptop Dell Vostro 5630 i5P085W11GRU',2,'[{\"changed\": {\"fields\": [\"Price\"]}}]',14,1),(2192,'2023-11-28 06:18:13.905465','51','Laptop Dell XPS 13 Plus 9320',2,'[{\"changed\": {\"fields\": [\"Price\"]}}]',14,1),(2193,'2023-11-28 06:18:22.424912','50','Laptop Dell Inspiron 14 5430 i5P165W11SLD2',2,'[{\"changed\": {\"fields\": [\"Price\"]}}]',14,1),(2194,'2023-11-28 06:18:29.442083','49','Laptop Dell G16 7620',2,'[{\"changed\": {\"fields\": [\"Price\"]}}]',14,1),(2195,'2023-11-28 06:18:37.833043','48','Laptop Dell Alienware X16 R1 (2023)',2,'[{\"changed\": {\"fields\": [\"Price\"]}}]',14,1),(2196,'2023-11-28 06:18:46.712391','47','Laptop Dell Inspiron N3505 Y1N1T1',2,'[{\"changed\": {\"fields\": [\"Price\"]}}]',14,1),(2197,'2023-11-28 06:18:57.485367','46','Laptop Dell Inspiron 3505-0M1T4',2,'[{\"changed\": {\"fields\": [\"Price\"]}}]',14,1),(2198,'2023-11-28 06:19:06.212018','44','Laptop Dell Vostro 3405-R1505D',2,'[{\"changed\": {\"fields\": [\"Price\"]}}]',14,1),(2199,'2023-11-28 06:20:07.086777','44','Laptop Dell Vostro 3405-R1505D',2,'[{\"changed\": {\"fields\": [\"Price\"]}}]',14,1),(2200,'2023-11-28 06:20:23.756530','40','Laptop Dell G15 5511',2,'[{\"changed\": {\"fields\": [\"Price\"]}}]',14,1),(2201,'2023-11-28 06:20:48.364119','38','Laptop Dell Gaming G15 5530 i7H165W11GR4060',2,'[{\"changed\": {\"fields\": [\"Price\"]}}]',14,1),(2202,'2023-11-28 06:20:56.219766','37','Laptop Dell Gaming G16 7630 R1948W',2,'[{\"changed\": {\"fields\": [\"Price\"]}}]',14,1),(2203,'2023-11-28 06:21:29.072755','36','Laptop Asus Vivobook A15 A515EA L12033T',2,'[{\"changed\": {\"fields\": [\"Price\"]}}]',14,1),(2204,'2023-11-28 06:21:39.324675','35','Laptop Asus Vivobook X515EP EJ405W',2,'[{\"changed\": {\"fields\": [\"Price\"]}}]',14,1),(2205,'2023-11-28 06:21:46.211142','34','Laptop Asus Vivobook 14X OLED A1403ZA-KM161W',2,'[{\"changed\": {\"fields\": [\"Price\"]}}]',14,1),(2206,'2023-11-28 06:22:02.659944','33','Laptop Asus Vivobook 15 A515EA-BQ1530W',2,'[{\"changed\": {\"fields\": [\"Price\"]}}]',14,1),(2207,'2023-11-28 06:22:09.433896','32','Laptop Asus Expert Book P2451FA-BV3022',2,'[{\"changed\": {\"fields\": [\"Price\"]}}]',14,1),(2208,'2023-11-28 06:23:43.561825','30','Laptop ASUS Vivobook Go 14 E1404FA-NK177W',2,'[{\"changed\": {\"fields\": [\"Price\"]}}]',14,1),(2209,'2023-11-28 06:23:51.661285','31','Laptop HP Pavilion 14-DV2051TU 6K7G8PA',2,'[{\"changed\": {\"fields\": [\"Price\"]}}]',14,1),(2210,'2023-11-28 06:24:23.039807','30','Laptop ASUS Vivobook Go 14 E1404FA-NK177W',2,'[{\"changed\": {\"fields\": [\"Price\"]}}]',14,1),(2211,'2023-11-28 06:25:56.855839','28','Laptop Asus Vivobook S5402ZA-IS74-M003Y0',2,'[{\"changed\": {\"fields\": [\"Price\"]}}]',14,1),(2212,'2023-11-28 06:26:06.669476','27','Laptop Asus Vivobook 15X OLED S3504VA L1226W',2,'[{\"changed\": {\"fields\": [\"Price\"]}}]',14,1),(2213,'2023-11-28 06:26:16.274164','26','Laptop Asus Zenbook 14 OLED UX3402VA-KM085W',2,'[{\"changed\": {\"fields\": [\"Price\"]}}]',14,1),(2214,'2023-11-28 06:26:23.271182','25','Laptop ASUS Zenbook Pro 14 OLED UX6404VV-P4069W',2,'[{\"changed\": {\"fields\": [\"Price\"]}}]',14,1),(2215,'2023-11-28 06:26:45.162334','23','Laptop Gaming ASUS ROG FLOW Z13 2023 GZ301',2,'[{\"changed\": {\"fields\": [\"Price\"]}}]',14,1),(2216,'2023-11-28 06:26:52.314428','22','Laptop Gaming ASUS ROG Flow X13 2023 GV302XI',2,'[{\"changed\": {\"fields\": [\"Price\"]}}]',14,1),(2217,'2023-11-28 06:27:04.479372','21','Laptop Gaming ASUS ROG Zephyrus G14 2023',2,'[{\"changed\": {\"fields\": [\"Price\"]}}]',14,1),(2218,'2023-11-28 06:27:14.074457','20','Laptop Gaming ASUS ROG FLOW X16 2023',2,'[{\"changed\": {\"fields\": [\"Price\"]}}]',14,1),(2219,'2023-11-28 06:27:21.817183','19','Laptop ASUS ROG Zephyrus G14 GA402RJ-L8030W',2,'[{\"changed\": {\"fields\": [\"Price\"]}}]',14,1),(2220,'2023-11-28 06:27:30.219598','18','Laptop Asus ROG Zephyrus G15 GA503RM-LN006W',2,'[{\"changed\": {\"fields\": [\"Price\"]}}]',14,1),(2221,'2023-11-28 06:27:40.055584','17','Laptop Asus ROG Strix 2022 G17 G713RM-LL016W',2,'[{\"changed\": {\"fields\": [\"Price\"]}}]',14,1),(2222,'2023-11-28 06:27:50.857215','16','Laptop Asus TUF Gaming F15 FX506LHB-HN188W',2,'[{\"changed\": {\"fields\": [\"Price\"]}}]',14,1),(2223,'2023-11-28 06:28:01.476980','15','Laptop ASUS TUF Gaming F15 FX507ZU4 LP054W',2,'[{\"changed\": {\"fields\": [\"Price\"]}}]',14,1),(2224,'2023-11-28 06:28:09.596783','14','Laptop ASUS ROG Zephyrus G14 GA402NJ-L4056W',2,'[{\"changed\": {\"fields\": [\"Price\"]}}]',14,1),(2225,'2023-11-28 06:28:17.491461','13','Laptop ASUS ROG Strix G16 G614JV-N4261W',2,'[{\"changed\": {\"fields\": [\"Price\"]}}]',14,1),(2226,'2023-11-28 06:29:07.454816','150','Màn hình Dell E2417H 24 Inch Cũ / Full HD / 60Hz',2,'[{\"changed\": {\"fields\": [\"Price\"]}}]',14,1),(2227,'2023-11-28 06:29:37.260368','85','Laptop HP Probook 640 G2',2,'[{\"changed\": {\"fields\": [\"Price\"]}}]',14,1),(2228,'2023-11-28 06:29:45.509002','84','Laptop HP Elitebook 840 G3',2,'[{\"changed\": {\"fields\": [\"Price\"]}}]',14,1),(2229,'2023-11-28 06:29:53.720867','83','Laptop HP Notebook 14s cr2005tu',2,'[{\"changed\": {\"fields\": [\"Price\"]}}]',14,1),(2230,'2023-11-28 06:30:02.878023','82','Laptop HP ProBook 440 G7',2,'[{\"changed\": {\"fields\": [\"Price\"]}}]',14,1),(2231,'2023-11-28 06:30:10.712447','81','Laptop HP Elitebook 840 G8',2,'[{\"changed\": {\"fields\": [\"Price\"]}}]',14,1),(2232,'2023-11-28 06:30:43.474475','74','Laptop Lenovo Thinkpad L480',2,'[{\"changed\": {\"fields\": [\"Price\"]}}]',14,1),(2233,'2023-11-28 06:31:45.120752','45','Laptop Dell Inspiron G5 15 5500',2,'[{\"changed\": {\"fields\": [\"Price\"]}}]',14,1),(2234,'2023-11-28 06:31:55.590348','43','Laptop Dell Inspiron G7 7588',2,'[{\"changed\": {\"fields\": [\"Price\"]}}]',14,1),(2235,'2023-11-28 06:32:03.442304','42','Laptop Dell Inspiron 5577',2,'[{\"changed\": {\"fields\": [\"Price\"]}}]',14,1),(2236,'2023-11-28 06:32:12.128059','39','Laptop Dell G15 5520',2,'[{\"changed\": {\"fields\": [\"Price\"]}}]',14,1),(2237,'2023-11-28 06:33:10.076714','29','Laptop Asus Vivobook K3500P',2,'[{\"changed\": {\"fields\": [\"Price\"]}}]',14,1),(2238,'2023-11-28 06:33:17.908886','24','Laptop Asus TUF Gaming F15 FX507ZC',2,'[{\"changed\": {\"fields\": [\"Price\"]}}]',14,1),(2239,'2023-11-28 06:35:10.731688','71','Laptop Lenovo Ideapad 5 Pro 14IAP7 82SH0004US',2,'[{\"changed\": {\"fields\": [\"Price\"]}}]',14,1),(2240,'2023-11-28 10:16:25.243142','13','Trần Thị Hường',3,'',6,1),(2241,'2023-11-28 10:16:25.249051','12','thanhtrung0599',3,'',6,1),(2242,'2023-11-28 17:54:43.406413','60','Đơn thanhtrung0599 2023-11-28 23:56:52.932664+00:00 60',3,'',21,1),(2243,'2023-11-28 17:54:43.417857','59','Đơn thanhtrung0599 2023-11-28 23:53:06.563667+00:00 59',3,'',21,1),(2244,'2023-11-28 17:54:43.421308','58','Đơn trung2017604049 2023-11-28 16:13:27.619635+00:00 58',3,'',21,1),(2245,'2023-11-28 17:54:43.424682','56','Đơn trung2017604049 2023-11-27 23:28:25.496486+00:00 56',3,'',21,1),(2246,'2023-11-28 17:54:43.428271','55','Đơn trung2017604049 2023-11-27 23:22:08.538543+00:00 55',3,'',21,1);
/*!40000 ALTER TABLE `django_admin_log` ENABLE KEYS */;
UNLOCK TABLES;

--
-- Table structure for table `django_content_type`
--

DROP TABLE IF EXISTS `django_content_type`;
/*!40101 SET @saved_cs_client     = @@character_set_client */;
/*!50503 SET character_set_client = utf8mb4 */;
CREATE TABLE `django_content_type` (
  `id` int NOT NULL AUTO_INCREMENT,
  `app_label` varchar(100) NOT NULL,
  `model` varchar(100) NOT NULL,
  PRIMARY KEY (`id`),
  UNIQUE KEY `django_content_type_app_label_model_76bd3d3b_uniq` (`app_label`,`model`)
) ENGINE=InnoDB AUTO_INCREMENT=30 DEFAULT CHARSET=utf8mb4 COLLATE=utf8mb4_0900_ai_ci;
/*!40101 SET character_set_client = @saved_cs_client */;

--
-- Dumping data for table `django_content_type`
--

LOCK TABLES `django_content_type` WRITE;
/*!40000 ALTER TABLE `django_content_type` DISABLE KEYS */;
INSERT INTO `django_content_type` VALUES (1,'admin','logentry'),(3,'auth','group'),(2,'auth','permission'),(4,'contenttypes','contenttype'),(27,'myapp','age'),(7,'myapp','brand'),(8,'myapp','card'),(9,'myapp','category'),(26,'myapp','chitietdonhang'),(10,'myapp','cpu'),(29,'myapp','detail'),(11,'myapp','discount'),(25,'myapp','feedback'),(12,'myapp','harddrive'),(24,'myapp','image'),(23,'myapp','laptop'),(13,'myapp','loai'),(22,'myapp','manhinh'),(21,'myapp','order'),(20,'myapp','phuongxa'),(14,'myapp','product'),(19,'myapp','quanhuyen'),(18,'myapp','ram'),(15,'myapp','role'),(28,'myapp','sale'),(16,'myapp','status'),(17,'myapp','thanhpho'),(6,'myapp','user'),(5,'sessions','session');
/*!40000 ALTER TABLE `django_content_type` ENABLE KEYS */;
UNLOCK TABLES;

--
-- Table structure for table `django_migrations`
--

DROP TABLE IF EXISTS `django_migrations`;
/*!40101 SET @saved_cs_client     = @@character_set_client */;
/*!50503 SET character_set_client = utf8mb4 */;
CREATE TABLE `django_migrations` (
  `id` bigint NOT NULL AUTO_INCREMENT,
  `app` varchar(255) NOT NULL,
  `name` varchar(255) NOT NULL,
  `applied` datetime(6) NOT NULL,
  PRIMARY KEY (`id`)
) ENGINE=InnoDB AUTO_INCREMENT=68 DEFAULT CHARSET=utf8mb4 COLLATE=utf8mb4_0900_ai_ci;
/*!40101 SET character_set_client = @saved_cs_client */;

--
-- Dumping data for table `django_migrations`
--

LOCK TABLES `django_migrations` WRITE;
/*!40000 ALTER TABLE `django_migrations` DISABLE KEYS */;
INSERT INTO `django_migrations` VALUES (1,'contenttypes','0001_initial','2023-11-09 11:15:25.990815'),(2,'contenttypes','0002_remove_content_type_name','2023-11-09 11:15:26.120526'),(3,'auth','0001_initial','2023-11-09 11:15:26.619444'),(4,'auth','0002_alter_permission_name_max_length','2023-11-09 11:15:26.721479'),(5,'auth','0003_alter_user_email_max_length','2023-11-09 11:15:26.737712'),(6,'auth','0004_alter_user_username_opts','2023-11-09 11:15:26.769716'),(7,'auth','0005_alter_user_last_login_null','2023-11-09 11:15:26.787465'),(8,'auth','0006_require_contenttypes_0002','2023-11-09 11:15:26.795488'),(9,'auth','0007_alter_validators_add_error_messages','2023-11-09 11:15:26.817902'),(10,'auth','0008_alter_user_username_max_length','2023-11-09 11:15:26.849612'),(11,'auth','0009_alter_user_last_name_max_length','2023-11-09 11:15:26.868921'),(12,'auth','0010_alter_group_name_max_length','2023-11-09 11:15:26.904463'),(13,'auth','0011_update_proxy_permissions','2023-11-09 11:15:26.928552'),(14,'auth','0012_alter_user_first_name_max_length','2023-11-09 11:15:26.949565'),(15,'myapp','0001_initial','2023-11-09 11:15:32.100755'),(16,'admin','0001_initial','2023-11-09 11:15:32.335605'),(17,'admin','0002_logentry_remove_auto_add','2023-11-09 11:15:32.363936'),(18,'admin','0003_logentry_add_action_flag_choices','2023-11-09 11:15:32.417879'),(19,'sessions','0001_initial','2023-11-09 11:15:32.510730'),(20,'myapp','0002_alter_user_phuongxa_alter_user_quanhuyen_and_more','2023-11-09 11:21:17.358122'),(21,'myapp','0003_alter_category_options_alter_cpu_card_and_more','2023-11-09 17:00:50.553684'),(22,'myapp','0004_alter_discount_date_end_alter_discount_date_start','2023-11-09 17:42:51.279341'),(23,'myapp','0005_age_alter_discount_date_end_and_more','2023-11-09 18:23:19.149654'),(24,'myapp','0006_remove_product_price_card_price_cpu_price_and_more','2023-11-10 10:01:26.181709'),(25,'myapp','0007_remove_product_discount_remove_product_soluong_and_more','2023-11-10 10:06:41.706782'),(26,'myapp','0008_alter_card_product_alter_cpu_product_and_more','2023-11-10 11:28:14.249972'),(27,'myapp','0009_alter_card_product_alter_cpu_product_and_more','2023-11-10 11:32:43.920697'),(28,'myapp','0010_alter_discount_date_end_alter_discount_date_start_and_more','2023-11-10 14:34:02.370325'),(29,'myapp','0011_alter_discount_date_end_alter_discount_date_start','2023-11-10 16:25:11.719990'),(30,'myapp','0012_remove_cpu_cpu_alter_discount_date_end_and_more','2023-11-10 16:26:07.236017'),(31,'myapp','0013_alter_discount_date_end_alter_discount_date_start','2023-11-10 16:27:45.268732'),(32,'myapp','0014_remove_card_card_alter_discount_date_end_and_more','2023-11-10 16:27:45.528134'),(33,'myapp','0015_alter_discount_date_end_alter_discount_date_start','2023-11-10 16:28:06.946240'),(34,'myapp','0016_alter_discount_date_end_alter_discount_date_start','2023-11-10 17:47:16.947397'),(35,'myapp','0017_alter_discount_date_end_alter_discount_date_start','2023-11-10 17:47:16.998198'),(36,'myapp','0018_alter_discount_date_end_alter_discount_date_start','2023-11-10 17:49:52.455006'),(37,'myapp','0019_alter_discount_date_end_alter_discount_date_start','2023-11-10 18:28:32.920649'),(38,'myapp','0002_alter_discount_date_end_alter_discount_date_start','2023-11-10 19:45:45.821197'),(39,'myapp','0003_rename_lk_ram_standram_remove_ram_ram_and_more','2023-11-11 07:24:22.232560'),(40,'myapp','0004_remove_harddrive_harddrive_alter_discount_date_end_and_more','2023-11-11 09:34:27.154318'),(41,'myapp','0005_remove_manhinh_manhinh_alter_discount_date_end_and_more','2023-11-11 10:05:01.993814'),(42,'myapp','0006_card_image_cpu_image_harddrive_image_laptop_image_and_more','2023-11-11 11:07:41.032595'),(43,'myapp','0007_alter_discount_date_end_alter_discount_date_start','2023-11-11 20:09:48.797564'),(44,'myapp','0008_alter_card_image_alter_cpu_image_and_more','2023-11-11 20:12:44.997850'),(45,'myapp','0009_brand_image_alter_discount_date_end_and_more','2023-11-12 16:40:12.729811'),(46,'myapp','0010_category_image_alter_discount_date_end_and_more','2023-11-13 05:14:29.812379'),(47,'myapp','0011_sale_alter_discount_date_end_and_more','2023-11-13 14:51:19.384507'),(48,'myapp','0012_rename_loai_sale_sale_alter_discount_date_end_and_more','2023-11-13 15:09:22.984197'),(49,'myapp','0013_alter_discount_date_end_alter_discount_date_start_and_more','2023-11-13 15:17:15.318707'),(50,'myapp','0014_remove_product_sale_product_discount_and_more','2023-11-13 15:44:20.123636'),(51,'myapp','0015_detail_alter_discount_date_end_and_more','2023-11-20 11:21:14.708704'),(52,'myapp','0002_alter_detail_detail_alter_discount_date_end_and_more','2023-11-20 11:38:27.249177'),(53,'myapp','0003_product_detail_alter_discount_date_end_and_more','2023-11-20 11:44:50.053969'),(54,'myapp','0005_alter_discount_date_end_alter_discount_date_start','2023-11-20 13:10:25.380117'),(55,'myapp','0006_alter_chitietdonhang_order_alter_discount_date_end_and_more','2023-11-20 15:49:44.696645'),(56,'myapp','0007_order_money_order_soluong_alter_discount_date_end_and_more','2023-11-20 15:53:32.552895'),(57,'myapp','0008_remove_order_money_remove_order_soluong_and_more','2023-11-21 04:09:18.586144'),(58,'myapp','0009_alter_discount_date_end_alter_discount_date_start_and_more','2023-11-21 13:56:28.386505'),(59,'myapp','0010_alter_chitietdonhang_order_alter_discount_date_end_and_more','2023-11-21 16:23:40.408585'),(60,'myapp','0011_remove_card_soluong_remove_cpu_soluong_and_more','2023-11-21 18:53:01.172587'),(61,'myapp','0012_remove_user_role_user_save_password_and_more','2023-11-22 06:43:28.702122'),(62,'myapp','0013_delete_role_alter_discount_date_end_and_more','2023-11-23 16:05:36.583601'),(63,'myapp','0014_alter_discount_date_end_alter_discount_date_start','2023-11-23 16:05:36.606112'),(64,'myapp','0002_product_price_alter_discount_date_end_and_more','2023-11-24 18:21:28.485678'),(65,'myapp','0003_alter_discount_date_end_alter_discount_date_start','2023-11-27 05:32:49.186683'),(66,'myapp','0002_remove_card_price_remove_cpu_price_and_more','2023-11-28 06:38:28.973688'),(67,'myapp','0003_remove_card_brand_remove_card_discount_and_more','2023-11-28 06:41:59.818631');
/*!40000 ALTER TABLE `django_migrations` ENABLE KEYS */;
UNLOCK TABLES;

--
-- Table structure for table `django_session`
--

DROP TABLE IF EXISTS `django_session`;
/*!40101 SET @saved_cs_client     = @@character_set_client */;
/*!50503 SET character_set_client = utf8mb4 */;
CREATE TABLE `django_session` (
  `session_key` varchar(40) NOT NULL,
  `session_data` longtext NOT NULL,
  `expire_date` datetime(6) NOT NULL,
  PRIMARY KEY (`session_key`),
  KEY `django_session_expire_date_a5c62663` (`expire_date`)
) ENGINE=InnoDB DEFAULT CHARSET=utf8mb4 COLLATE=utf8mb4_0900_ai_ci;
/*!40101 SET character_set_client = @saved_cs_client */;

--
-- Dumping data for table `django_session`
--

LOCK TABLES `django_session` WRITE;
/*!40000 ALTER TABLE `django_session` DISABLE KEYS */;
INSERT INTO `django_session` VALUES ('5uimhlsscxqraetuazhqysifpusl0ayk','.eJxVjDsOwjAQBe_iGln-b0xJzxmstXeNAyiW8qkQd4dIKaB9M_NeIuG2trQtPKeRxFlocfrdMpYHTzugO063Lkuf1nnMclfkQRd57cTPy-H-HTRc2rf2WlVtKGqyDGg8xjqwdxDZZmQ_lBKqUS6rAjqSNYQAtYIrAQxbCuL9AePsOA0:1r6ENn:celQARjRvdB7CyO8mBElmiKkX7Vf0mguBfmJUphO7m8','2023-12-07 18:24:59.389000'),('7uve8032n0h38um9c9ndrc46lqv4mv43','.eJxVjDsOwjAQBe_iGln-b0xJzxmstXeNAyiW8qkQd4dIKaB9M_NeIuG2trQtPKeRxFlocfrdMpYHTzugO063Lkuf1nnMclfkQRd57cTPy-H-HTRc2rf2WlVtKGqyDGg8xjqwdxDZZmQ_lBKqUS6rAjqSNYQAtYIrAQxbCuL9AePsOA0:1r7Ejn:wINNi8_4nv_xQguqT0sqEwxPISSXTIjvRPufjpMMbIw','2023-12-10 12:59:51.131000'),('hkfbh9k1544ptqb4gnpti53elspv50s2','.eJxVjDsOwjAQBe_iGln-b0xJzxmstXeNAyiW8qkQd4dIKaB9M_NeIuG2trQtPKeRxFlocfrdMpYHTzugO063Lkuf1nnMclfkQRd57cTPy-H-HTRc2rf2WlVtKGqyDGg8xjqwdxDZZmQ_lBKqUS6rAjqSNYQAtYIrAQxbCuL9AePsOA0:1r7YWk:0ZWBFWRe9i0b74ejNz-1gY2bRLwfjqfKX4BQWzvkL6Y','2023-12-11 10:07:42.788000'),('iivrgwjtraj5wcxvyagx68xlgnm5rfy2','.eJxVjMsOwiAUBf-FtSFwBRWX7v0Gcl9I1dCktCvjv2uTLnR7Zua8TMZlrnnpOuVBzNl4s_vdCPmhbQVyx3YbLY9tngayq2I32u11FH1eNvfvoGKv3xqDskTngUFjcIJQIvAe40FYFMl7LCBMiU5yTKGoihci5yKUkIIz7w8VUTks:1r7vPJ:p5LvrLlOBeTotTd1Ia-aIgo7O-0XoeRbcANZ0bNVNc8','2023-12-12 10:33:33.402458'),('j60jfulw7fzvi4k518pwmmz9h78kzaoz','.eJxVjEEOwiAQRe_C2pABpIBL956BMMMgVUOT0q6Md7dNutDtf-_9t4hpXWpcO89xzOIilBGn3xETPbntJD9Su0-SprbMI8pdkQft8jZlfl0P9--gpl63mtkwQtBoM2XwRQXIVlMx_jwEh0Z58oDgtLMBNwhMhQHcwElpb4L4fAEMxDek:1r7f4v:eU0UXGBh5fApTAxSJ0nLHq70CH0pFm3JZfy6YrCPLVw','2023-12-11 17:07:25.624383'),('kjiy1odhpf56lfiszzjr8sfxfqw5wrj9','.eJxVjDsOwjAQBe_iGln-b0xJzxmstXeNAyiW8qkQd4dIKaB9M_NeIuG2trQtPKeRxFlocfrdMpYHTzugO063Lkuf1nnMclfkQRd57cTPy-H-HTRc2rf2WlVtKGqyDGg8xjqwdxDZZmQ_lBKqUS6rAjqSNYQAtYIrAQxbCuL9AePsOA0:1r5h4R:zNMpQiGs7RdTXdrv1LvKUxOe4poswmTKJe55b8zzfoY','2023-12-06 06:50:47.900000'),('n48yyk9k42z8l6z6jgwqk21bl8wicicf','.eJxVjMsOwiAQRf-FtSEMUGhduu83kBlmlKqBpI-V8d-1SRe6veec-1IJt7WkbZE5TazOCrw6_Y6E-SF1J3zHems6t7rOE-ld0Qdd9NhYnpfD_TsouJRvbT1FACPQEYmJtvdig3XGGR_YOQoIgXO8WgIEFnBxyF0_iEhH6IDV-wPkhje0:1r7vxo:J_r3Eb0lnWkJBOI4x14AgxalQeRCYZ432IWA6iT0a-Q','2023-12-12 11:09:12.846793'),('nyobbzpohv21nn4qrthye698ucjvqbti','.eJxVjMsOwiAUBf-FtSFwBRWX7v0Gcl9I1dCktCvjv2uTLnR7Zua8TMZlrnnpOuVBzNl4s_vdCPmhbQVyx3YbLY9tngayq2I32u11FH1eNvfvoGKv3xqDskTngUFjcIJQIvAe40FYFMl7LCBMiU5yTKGoihci5yKUkIIz7w8VUTks:1r8297:YxaKJA_BOnvHbP_femsK3m1zINjZCZ5hPhOhrikzf-g','2023-12-12 17:45:17.893150'),('pw8u54dkyfhcfojdr0pdhv3eddd0x9ao','.eJxVjEEKwyAQAP_iuYhuFLXH3vsGWd21pi0GYnIK_XsRcmivM8McIuK-1bh3XuNM4iq0uPyyhPnFbQh6YnssMi9tW-ckRyJP2-V9IX7fzvZvULHXsTUusCpI1nPQBZS3aAN5nYpLgB7KxMoAGXaWM5P3kGECgw4zWQTx-QLlnTgz:1r4xeK:CfGU0La-e4JVWszWkWo3SGddiNxV6HdbSSofrEz_l04','2023-12-04 06:20:48.544000'),('svt5sddlk779viogrbfgj31n61yjo55v','.eJxVjEEKwyAQAP_iuYhuFLXH3vsGWd21pi0GYnIK_XsRcmivM8McIuK-1bh3XuNM4iq0uPyyhPnFbQh6YnssMi9tW-ckRyJP2-V9IX7fzvZvULHXsTUusCpI1nPQBZS3aAN5nYpLgB7KxMoAGXaWM5P3kGECgw4zWQTx-QLlnTgz:1r38md:sh3is0EgaIrEhcin3PMO3OfuRlVtPvBMk7gU3kldqn0','2023-11-29 05:49:51.970000'),('yn7lmbuiwqs5gbu9yvnruu1mgculdlpv','.eJxVjDsOwjAQBe_iGln-b0xJzxmstXeNAyiW8qkQd4dIKaB9M_NeIuG2trQtPKeRxFlocfrdMpYHTzugO063Lkuf1nnMclfkQRd57cTPy-H-HTRc2rf2WlVtKGqyDGg8xjqwdxDZZmQ_lBKqUS6rAjqSNYQAtYIrAQxbCuL9AePsOA0:1r79ea:-jb7AW8HNWjzi86nDhm-Pqj_4H8lko004V3r3PpbD5E','2023-12-10 07:34:08.256000');
/*!40000 ALTER TABLE `django_session` ENABLE KEYS */;
UNLOCK TABLES;

--
-- Table structure for table `feedback`
--

DROP TABLE IF EXISTS `feedback`;
/*!40101 SET @saved_cs_client     = @@character_set_client */;
/*!50503 SET character_set_client = utf8mb4 */;
CREATE TABLE `feedback` (
  `id` bigint NOT NULL AUTO_INCREMENT,
  `subject` varchar(255) NOT NULL,
  `content` longtext NOT NULL,
  `user_id` bigint NOT NULL,
  PRIMARY KEY (`id`),
  KEY `Feedback_user_id_2ae0a07a_fk_User_id` (`user_id`),
  CONSTRAINT `Feedback_user_id_2ae0a07a_fk_User_id` FOREIGN KEY (`user_id`) REFERENCES `user` (`id`)
) ENGINE=InnoDB DEFAULT CHARSET=utf8mb4 COLLATE=utf8mb4_0900_ai_ci;
/*!40101 SET character_set_client = @saved_cs_client */;

--
-- Dumping data for table `feedback`
--

LOCK TABLES `feedback` WRITE;
/*!40000 ALTER TABLE `feedback` DISABLE KEYS */;
/*!40000 ALTER TABLE `feedback` ENABLE KEYS */;
UNLOCK TABLES;

--
-- Table structure for table `harddrive`
--

DROP TABLE IF EXISTS `harddrive`;
/*!40101 SET @saved_cs_client     = @@character_set_client */;
/*!50503 SET character_set_client = utf8mb4 */;
CREATE TABLE `harddrive` (
  `id` bigint NOT NULL AUTO_INCREMENT,
  `loai` varchar(30) DEFAULT NULL,
  `standard` varchar(30) DEFAULT NULL,
  `size` varchar(30) DEFAULT NULL,
  `memory` varchar(30) DEFAULT NULL,
  `product_id` bigint NOT NULL,
  `image_id` bigint DEFAULT NULL,
  PRIMARY KEY (`id`),
  UNIQUE KEY `Harddrive_product_id_983449d1_uniq` (`product_id`),
  UNIQUE KEY `Harddrive_image_id_34038de2_uniq` (`image_id`),
  CONSTRAINT `Harddrive_image_id_34038de2_fk_Image_id` FOREIGN KEY (`image_id`) REFERENCES `image` (`id`),
  CONSTRAINT `Harddrive_product_id_983449d1_fk_Product_id` FOREIGN KEY (`product_id`) REFERENCES `product` (`id`)
) ENGINE=InnoDB AUTO_INCREMENT=20 DEFAULT CHARSET=utf8mb4 COLLATE=utf8mb4_0900_ai_ci;
/*!40101 SET character_set_client = @saved_cs_client */;

--
-- Dumping data for table `harddrive`
--

LOCK TABLES `harddrive` WRITE;
/*!40000 ALTER TABLE `harddrive` DISABLE KEYS */;
INSERT INTO `harddrive` VALUES (1,'SSD','PVIe NVMe','22x80mm','2TB',132,349),(2,'SSD','NVMe PCIe','22x80mm','2TB',133,352),(3,'SSD','M.2 NVMe','22x80mm','2TB',134,355),(4,'SSD','NVMe 2.0','22x80mm','1TB',135,358),(5,'SSD','PCIe NVMe','22x80mm','1TB',136,361),(6,'SSD','M.2 NVMe','22x80mm','1TB',137,364),(7,'SSD','SATA III','2.5 Inch','1TB',138,367),(8,'SSD','NVMe PCIe','22x80mm','1TB',139,370),(9,'SSD','SATA','2.5 inch','1TB',140,373),(10,'SSD','M.2 NVMe','22x80mm','1TB',141,376),(11,'HDD','SATA III','2.5 inch','2TB',142,379),(12,'SSD',NULL,NULL,'1TB',227,NULL),(13,'SSD',NULL,NULL,'512GB',228,NULL),(14,'SSD',NULL,NULL,'1TB',230,NULL),(15,'SSD',NULL,NULL,'512GB',231,NULL),(16,'SSD',NULL,NULL,'512GB',232,NULL),(17,'SSD',NULL,NULL,'128GB',233,NULL),(18,'SSD',NULL,NULL,'2TB',235,NULL),(19,'SSD',NULL,NULL,'240GB',236,NULL);
/*!40000 ALTER TABLE `harddrive` ENABLE KEYS */;
UNLOCK TABLES;

--
-- Table structure for table `image`
--

DROP TABLE IF EXISTS `image`;
/*!40101 SET @saved_cs_client     = @@character_set_client */;
/*!50503 SET character_set_client = utf8mb4 */;
CREATE TABLE `image` (
  `id` bigint NOT NULL AUTO_INCREMENT,
  `image` varchar(255) DEFAULT NULL,
  `product_id` bigint NOT NULL,
  PRIMARY KEY (`id`),
  KEY `Image_product_id_036982b9_fk_Product_id` (`product_id`),
  CONSTRAINT `Image_product_id_036982b9_fk_Product_id` FOREIGN KEY (`product_id`) REFERENCES `product` (`id`)
) ENGINE=InnoDB AUTO_INCREMENT=406 DEFAULT CHARSET=utf8mb4 COLLATE=utf8mb4_0900_ai_ci;
/*!40101 SET character_set_client = @saved_cs_client */;

--
-- Dumping data for table `image`
--

LOCK TABLES `image` WRITE;
/*!40000 ALTER TABLE `image` DISABLE KEYS */;
INSERT INTO `image` VALUES (1,'https://laptop88.vn/media/product/8336_1a4ddaf8_0ec7_4d79_8847_46d5140ddc38.png',13),(2,'https://laptop88.vn/media/product/8336_3fb10c4b_fe88_4f2c_9c90_045e39a11c78.png',13),(3,'https://laptop88.vn/media/product/8336_57d8eb59_ad6a_4cf3_9c44_74a8c4681fd2.png',13),(4,'https://laptop88.vn/media/product/8178_05_ga402_black_lb.png',14),(5,'https://laptop88.vn/media/product/8178_2_30.jpg',14),(6,'https://laptop88.vn/media/product/8178_6_34.jpg',14),(7,'https://laptop88.vn/media/product/8477_photo_2023_10_04_15_03_29.jpg',15),(8,'https://laptop88.vn/media/product/8477_photo_2023_10_04_15_03_40.jpg',15),(9,'https://laptop88.vn/media/product/8477_photo_2023_10_04_15_03_37.jpg',15),(10,'https://laptop88.vn/media/product/6925__m___i_100__full_box__laptop_asus_tuf_gaming_f15_fx506lh_hn188w___intel_core_i5.png',16),(11,'https://laptop88.vn/media/product/6925_asus_tuf_gaming_f15_fx506lh_hn188w.jpg',16),(12,'https://laptop88.vn/media/product/6925_6486_asus_900x900.png',16),(13,'https://laptop88.vn/media/product/7025_64403_laptop_asus_gaming_rog_strix_g713rm_5.png',17),(14,'https://laptop88.vn/media/product/7025_6486_asus_900x900.png',17),(15,'https://laptop88.vn/media/product/7025_6486_asus_900x900.png',17),(16,'https://laptop88.vn/media/product/7200_21554_laptop_asus_rog_zephyrus_g15_ga503rm_ln006w.jpg',18),(17,'https://laptop88.vn/media/product/7200_21554_laptop_asus_rog_zephyrus_g15_ga503rm_ln006w_1.jpg',18),(18,'https://laptop88.vn/media/product/7200_21554_laptop_asus_rog_zephyrus_g15_ga503rm_ln006w_2.jpg',18),(19,'https://laptop88.vn/media/product/7312_21563_asus_rog_zephyrus_g14_ga402rj_l8030w.jpg',19),(20,'https://laptop88.vn/media/product/7312_21563_asus_rog_zephyrus_g14_ga402rj_l8030w_3.jpg',19),(21,'https://laptop88.vn/media/product/7312_21563_asus_rog_zephyrus_g14_ga402rj_l8030w_2.jpg',19),(22,'https://laptop88.vn/media/product/7908_asus_rog_flow_x16_2023_thinkpro_01.png',20),(23,'https://laptop88.vn/media/product/7908_asus_rog_flow_x16_2023_thinkpro_05.png',20),(24,'https://laptop88.vn/media/product/7908_asus_rog_flow_x16_2023_thinkpro_04.png',20),(25,'https://laptop88.vn/media/product/7909_asus_rog_zephyrus_g14_2023_display_miniled.jpg',21),(26,'https://laptop88.vn/media/product/7909_internals_3.jpg',21),(27,'https://laptop88.vn/media/product/7909_internals_1.jpg',21),(28,'https://laptop88.vn/media/product/7913_asus_rog_flow_x13_2023_thinkpro_01.png',22),(29,'https://laptop88.vn/media/product/7913_asus_rog_flow_x13_2023_thinkpro_05.png',22),(30,'https://laptop88.vn/media/product/7913_asus_rog_flow_x13_2023_thinkpro_02.png',22),(31,'https://laptop88.vn/media/product/7914_rog_flow_z13_111111.jpg',23),(32,'https://laptop88.vn/media/product/8246_10344_asus_tuf_gaming_f15_fx507_4.jpg',24),(33,'https://laptop88.vn/media/product/8246_10344_asus_tuf_gaming_f15_fx507_2.jpg',24),(34,'https://laptop88.vn/media/product/8246_10344_asus_tuf_gaming_f15_fx507_3.jpg',24),(35,'https://laptop88.vn/media/product/8566_12824_asus_zenbook_pro_14_oled_ux6404_5.jpg',25),(36,'https://laptop88.vn/media/product/8566_12824_asus_zenbook_pro_14_oled_ux6404_3.jpg',25),(37,'https://laptop88.vn/media/product/8566_12824_asus_zenbook_pro_14_oled_ux6404_4.jpg',25),(38,'https://laptop88.vn/media/product/pro_poster_8038.jpg',26),(39,'https://laptop88.vn/media/product/8038_8044_12529_asus_zenbook_14_flip_oled_up3404_2.jpg',26),(40,'https://laptop88.vn/media/product/8038_8044_12529_asus_zenbook_14_flip_oled_up3404_7.jpg',26),(41,'https://laptop88.vn/media/product/8358_photo_2023_08_18_15_00_14.jpg',27),(42,'https://laptop88.vn/media/product/8358_photo_2023_08_18_15_00_27.jpg',27),(43,'https://laptop88.vn/media/product/8358_photo_2023_08_18_15_00_23.jpg',27),(44,'https://laptop88.vn/media/product/8579_8509_34_236_330_19.jpg',28),(45,'https://laptop88.vn/media/product/8579_8509_661608f1c165088c6c9c670fcae95ff1_md.jpg',28),(46,'https://laptop88.vn/media/product/8579_8509_23d96b32cfd52065621536c83184c502_md.jpg',28),(47,'https://laptop88.vn/media/product/8580_doc_2023_11_06_16_44_35.png',29),(48,'https://laptop88.vn/media/product/8580_doc_2023_11_06_16_44_21.png',29),(49,'https://laptop88.vn/media/product/8580_doc_2023_11_06_16_44_28.png',29),(50,'https://laptop88.vn/media/product/8347_12988_asus_vivobook_go_14_e1404_8.jpg',30),(51,'https://laptop88.vn/media/product/8347_12988_asus_vivobook_go_14_e1404_5.jpg',30),(52,'https://laptop88.vn/media/product/8347_12988_asus_vivobook_go_14_e1404_2.jpg',30),(53,'https://laptop88.vn/media/product/pro_poster_7388.jpg',31),(54,'https://laptop88.vn/media/product/7388_ac_m___i_100__full_box_laptop_hp_pavilion_x360_14_ek0057tu_6k7e0pa.jpg',31),(55,'https://laptop88.vn/media/product/7388_laptop_hp_pavilion_14_dv2051tu_6k7g8pa_bac_113882.png',31),(56,'https://laptop88.vn/media/product/pro_poster_6691.jpg',32),(57,'https://laptop88.vn/media/product/6691_asus_chinh_hang.jpg',32),(58,'https://laptop88.vn/media/product/6691_6336_asus_experbook_p2451fa_7_4_1.jpg',32),(59,'https://laptop88.vn/media/product/6986_6896_60965_laptop_asus_vivobook_a515ep_bq630t_win10_bac_5.png',33),(60,'https://laptop88.vn/media/product/6986_6896_60965_laptop_asus_vivobook_a515ep_bq630t_win10_bac_4.png',33),(61,'https://laptop88.vn/media/product/6986_6896_60965_laptop_asus_vivobook_a515ep_bq630t_win10_bac_3.png',33),(62,'https://laptop88.vn/media/product/pro_poster_7319.jpg',34),(63,'https://laptop88.vn/media/product/7319_asus_vivobook_14x_a1403za_km161w_3.jpg',34),(64,'https://laptop88.vn/media/product/7319_asus_vivobook_14x_a1403za_km161w_4.jpg',34),(65,'https://laptop88.vn/media/product/pro_poster_6821.jpg',35),(66,'https://laptop88.vn/media/product/6821_ac___laptop_asus_vivobook_x515ep_ej405w___intel_core_i5.jpg',35),(67,'https://laptop88.vn/media/product/6821_6823_6637_asus_900x900.png',35),(68,'https://laptop88.vn/media/product/pro_poster_6823.jpg',36),(69,'https://laptop88.vn/media/product/6823_61480_laptop_asus_vivobook_a515ea_2.jpg',36),(70,'https://laptop88.vn/media/product/6823_61480_laptop_asus_vivobook_a515ea_5.jpg',36),(71,'https://laptop88.vn/media/product/pro_poster_8080.jpg',37),(72,'https://laptop88.vn/media/product/8080_dell_g16_7630_vuong.jpg',37),(73,'https://laptop88.vn/media/product/8080_dell_g16_7630_2023_900x900_5.jpg',37),(74,'https://laptop88.vn/media/product/8153_8150____nh_1__2_.jpg',38),(75,'https://laptop88.vn/media/product/8153_8150____nh_5.jpg',38),(76,'https://laptop88.vn/media/product/8153_8150____nh_4.jpg',38),(77,'https://laptop88.vn/media/product/pro_poster_8053.jpg',39),(78,'https://laptop88.vn/media/product/8053_90b2a93a5540bdd1b0a6e1b148df6eafe249004b.jpg',39),(79,'https://laptop88.vn/media/product/8053_5e65769535201d21d25515852cbd99e7164ed2ee.jpg',39),(80,'https://laptop88.vn/media/product/8516_gs_008975_feature_97495.jpg',40),(81,'https://laptop88.vn/media/product/8516_dellg155511ap105f006agr17.jpg',40),(82,'https://laptop88.vn/media/product/8516_20225271417334.png',40),(83,'https://laptop88.vn/media/product/pro_poster_3909.jpg',42),(84,'https://laptop88.vn/media/product/3909_dell_inspiron_5577_2.png',42),(85,'https://laptop88.vn/media/product/3909_dell_inspiron_5577_5.png',42),(86,'https://laptop88.vn/media/product/3909_dell_inspiron_5577_4.png',42),(87,'https://laptop88.vn/media/product/pro_poster_4316.jpg',43),(88,'https://laptop88.vn/media/product/4316__bg5sni.jpg',43),(89,'https://laptop88.vn/media/product/4316_35107_laptop_dell_gaming_g7_inspiron_7588_70183902_2.jpg',43),(90,'https://laptop88.vn/media/product/6696_laptop_dell_vostro_3405_3.png',44),(91,'https://laptop88.vn/media/product/6696_6881_dell_vostro_3405_anh_01.jpg',44),(92,'https://laptop88.vn/media/product/6696_6881_dell_vostro_3405_anh_04.jpg',44),(93,'https://laptop88.vn/media/product/5762_dell_g5_15_5500.jpg',45),(94,'https://laptop88.vn/media/product/5762_dell_g5_15_5500_3_2.jpg',45),(95,'https://laptop88.vn/media/product/5762_dell_g5_15_5500_2_2.jpg',45),(96,'https://laptop88.vn/media/product/pro_poster_6616.jpg',46),(97,'https://laptop88.vn/media/product/6616_dsc07831.jpg',46),(98,'https://laptop88.vn/media/product/6616_dell_3505_900x900.jpg',46),(99,'https://laptop88.vn/media/product/pro_poster_6649.jpg',47),(100,'https://laptop88.vn/media/product/6649_6264_laptop_dell_inspiron_15_3505_y1n1t1.jpg',47),(101,'https://laptop88.vn/media/product/6649_dell_900x900.png',47),(102,'https://laptop88.vn/media/product/7883_csm_alienware_x16_02_159aeeb2fb_1536x1146.png',48),(103,'https://laptop88.vn/media/product/7883_csm_alienware_x16_07_3567669ae8_1536x1153.png',48),(104,'https://laptop88.vn/media/product/7883_csm_alienware_x16_03_3165d61d8d_1536x1172.jpg',48),(105,'https://laptop88.vn/media/product/pro_poster_8052.jpg',49),(106,'https://laptop88.vn/media/product/8052_ac_sale_dell_g16_7620___intel_core_i7___12700h.jpg',49),(107,'https://laptop88.vn/media/product/8052_7857_dell_g16_7620_900x900_4.jpg',49),(108,'https://laptop88.vn/media/product/8258_photo_2023_06_30_14_29_41.jpg',50),(109,'https://laptop88.vn/media/product/8258_photo_2023_06_30_14_30_32.jpg',50),(110,'https://laptop88.vn/media/product/8258_photo_2023_06_30_14_30_26.jpg',50),(111,'https://laptop88.vn/media/product/7064_dell_xps_13_9320_05_1642410122.jpg',51),(112,'https://laptop88.vn/media/product/7064_dell_xps_13_9320_07_1642410122.jpg',51),(113,'https://laptop88.vn/media/product/7064_dell_xps_13_9320_06_1642410122.jpg',51),(114,'https://laptop88.vn/media/product/8256_dell_vostro_5630_i5_i5p085w11gru_3_1.jpg',52),(115,'https://laptop88.vn/media/product/8256_dell_vostro_5630_i5_i5p085w11gru_6_1.jpg',52),(116,'https://laptop88.vn/media/product/8256_dell_vostro_5630_i5_i5p085w11gru_5_1.jpg',52),(117,'https://laptop88.vn/media/product/8494_8374_dell_5330_900x900.jpg',53),(118,'https://laptop88.vn/media/product/8494_8374_dell_5330_900x900_7.jpg',53),(119,'https://laptop88.vn/media/product/8494_8374_dell_5330_900x900_4.jpg',53),(120,'https://laptop88.vn/media/product/8563_8411_8268_dell_b___c_900x900.jpg',54),(121,'https://laptop88.vn/media/product/8563_8411_8268_dell_b___c_900x900_2.jpg',54),(122,'https://laptop88.vn/media/product/8563_8411_8268_dell_b___c_900x900_3.jpg',54),(123,'https://laptop88.vn/media/product/pro_poster_8460.jpg',55),(124,'https://laptop88.vn/media/product/8460_7620_1.png',55),(125,'https://laptop88.vn/media/product/8460_7620_2.jpg',55),(126,'https://laptop88.vn/media/product/3819_anb_dell_xps_13_9305.jpg',56),(127,'https://laptop88.vn/media/product/3819_6807_9305____nh_m__y_3.jpg',56),(128,'https://laptop88.vn/media/product/3819_6807__nmt8991a.jpg',56),(129,'https://laptop88.vn/media/product/8254_photo_2023_06_30_13_47_36.jpg',57),(130,'https://laptop88.vn/media/product/8254_photo_2023_06_30_13_47_07.jpg',57),(131,'https://laptop88.vn/media/product/8254_photo_2023_06_30_13_46_46.jpg',57),(132,'https://laptop88.vn/media/product/pro_poster_6924.jpg',58),(133,'https://laptop88.vn/media/product/6924_13168_lenovo_legion_slim_5_16irh8_82ya00buvn_5.png',58),(134,'https://laptop88.vn/media/product/6924_legion_slim_laptop_3_1024x653.png',58),(135,'https://laptop88.vn/media/product/8527_46234_laptop_lenovo_legion_slim_5_16aph8_82y9002yvn__4_.jpg',59),(136,'https://laptop88.vn/media/product/8527_legion_slim_5_16irh8_ct1_10_62cee24147b54bf4ada2a8317434d9b6_1024x1024.png',59),(137,'https://laptop88.vn/media/product/8527_legion_slim_5_16irh8_ct1_06_1.jpg',59),(138,'https://laptop88.vn/media/product/8467_46230_laptop_lenovo_legion_slim_5_16irh8_82ya008hvn_anphatpc.jpg',60),(139,'https://laptop88.vn/media/product/8467_46230_laptop_lenovo_legion_slim_5_16irh8_82ya008hvn__4_.jpg',60),(140,'https://laptop88.vn/media/product/8467_46230_laptop_lenovo_legion_slim_5_16irh8_82ya008hvn__3_.jpg',60),(141,'https://laptop88.vn/media/product/8574_legion_slim_5_16irh8_ct1_10_1.jpg',61),(142,'https://laptop88.vn/media/product/8574_doc_2023_11_03_13_34_40.png',61),(143,'https://laptop88.vn/media/product/8574_13168_lenovo_legion_slim_5_16irh8_82ya00buvn_1.jpg',61),(145,'https://laptop88.vn/media/product/8260_photo_2023_06_30_14_45_37.jpg',62),(146,'https://laptop88.vn/media/product/8260_photo_2023_06_30_14_45_51.jpg',62),(147,'https://laptop88.vn/media/product/8260_photo_2023_06_30_14_45_42.jpg',62),(148,'https://laptop88.vn/media/product/pro_poster_4289.jpg',63),(149,'https://laptop88.vn/media/product/4289_lenovo_legion_y530_15ich_c.png',63),(150,'https://laptop88.vn/media/product/4289_lenovo_legion_y530_15ich_a.png',63),(151,'https://laptop88.vn/media/product/7243_ideapad_gaming_3_8_compressed_600x600.jpg',64),(152,'https://laptop88.vn/media/product/7243_ideapad_gaming_3_1_compressed_600x600.jpg',64),(153,'https://laptop88.vn/media/product/7243_ideapad_gaming_3_2_compressed_600x600.jpg',64),(154,'https://laptop88.vn/media/product/7464_10749_lenovo_legion_5_15arh7_82re0035vn_1.jpg',65),(155,'https://laptop88.vn/media/product/7464_10749_lenovo_legion_5_15arh7_82re0035vn_9.jpg',65),(156,'https://laptop88.vn/media/product/7464_10749_lenovo_legion_5_15arh7_82re0035vn_8.jpg',65),(157,'https://laptop88.vn/media/product/8581_t___i_xu___ng__86_.jpg',66),(158,'https://laptop88.vn/media/product/8581_ezgif_com_gif_maker_6__65949_1665045736_1280_1280__31508_1675337135_1280_1280__10785.jpg',66),(159,'https://laptop88.vn/media/product/8581_laptop_lenovo_slim_7_prox_14arh7_82v20003us___ac.jpg',66),(160,'https://laptop88.vn/media/product/8553_doc_2023_10_24_10_22_56.png',67),(161,'https://laptop88.vn/media/product/8553_doc_2023_10_24_10_22_59.png',67),(162,'https://laptop88.vn/media/product/8553_doc_2023_10_24_10_23_02.png',67),(163,'https://laptop88.vn/media/product/8068_ideapad_slim_5_light_14abr8_ct1_01.jpg',68),(164,'https://laptop88.vn/media/product/8068_ideapad_slim_5_light_14abr8_ct2_04__1_.jpg',68),(165,'https://laptop88.vn/media/product/8068_ideapad_slim_5_light_14abr8_ct1_02.jpg',68),(166,'https://laptop88.vn/media/product/pro_poster_8551.jpg',69),(167,'https://laptop88.vn/media/product/8551_images__94_.jpg',69),(168,'https://laptop88.vn/media/product/8551_5175_g7pill__ac_uf894_1000_ql80_.jpg',69),(169,'https://laptop88.vn/media/product/7559_lenovo_ideapad_5_pro_14.jpg',70),(170,'https://laptop88.vn/media/product/7558_51czoq1zm1l__ac_.jpg',70),(171,'https://laptop88.vn/media/product/7558_51urfbkza3l__ac_.jpg',70),(172,'https://laptop88.vn/media/product/pro_poster_7911.jpg',71),(173,'https://laptop88.vn/media/product/7911_ideapad_5_pro_900x900_5.jpg',71),(174,'https://laptop88.vn/media/product/7911_ideapad_5_pro_900x900_1.jpg',71),(175,'https://laptop88.vn/media/product/5287_lenovo_ideapad_3_14iil05_81wd00bfvn_0.jpg',72),(176,'https://laptop88.vn/media/product/5287_lenovo_ideapad_3_14iil05_81wd00bfvn_4.jpg',72),(177,'https://laptop88.vn/media/product/5287_lenovo_ideapad_3_14iil05_81wd00bfvn_3.jpg',72),(178,'https://laptop88.vn/media/product/pro_poster_8470.jpg',73),(179,'https://laptop88.vn/media/product/8470_laptop_lenovo_v14_g3_iap_82ts00ayvn_xam.jpg',73),(180,'https://laptop88.vn/media/product/8470_lenovo_v14_g3_iap_5.jpg',73),(181,'https://laptop88.vn/media/product/pro_poster_5066.jpg',74),(182,'https://laptop88.vn/media/product/5066_thinkpad_l480__1_.png',74),(183,'https://laptop88.vn/media/product/5066_thinkpad_l480__3_.png',74),(184,'https://laptop88.vn/media/product/7422_21729_lenovo_ideapad_slim_3_14aba7_82rm003uvn_3.jpg',75),(185,'https://laptop88.vn/media/product/7422_21729_lenovo_ideapad_slim_3_14aba7_82rm003uvn.jpg',75),(186,'https://laptop88.vn/media/product/pro_poster_6534.jpg',76),(187,'https://laptop88.vn/media/product/6534_7537_lenovo_thinkpad_e14_gen_2_2.jpg',76),(188,'https://laptop88.vn/media/product/6534_lenovo_900x900.jpg',76),(189,'https://laptop88.vn/media/product/7608_00c637fd230c1d0dedf058a1dc2c6df4_hi.jpg',77),(190,'https://laptop88.vn/media/product/7608_s_l1200__2_.jpg',77),(191,'https://laptop88.vn/media/product/7608_da1bd2e519de7694f0fb33204ca2d3e9_hi.jpg',77),(192,'https://laptop88.vn/media/product/pro_poster_7394.jpg',78),(193,'https://laptop88.vn/media/product/7394_hp_pavilion_x360_14_ek0057tu_6k7e0pa_2.jpg',78),(194,'https://laptop88.vn/media/product/7394_hp_pavilion_x360_14_ek0057tu_6k7e0pa_3.jpg',78),(195,'https://laptop88.vn/media/product/pro_poster_7392.jpg',79),(196,'https://laptop88.vn/media/product/7392_hp_pavilion_2022_15.jpg',79),(197,'https://laptop88.vn/media/product/7392_hp_pavilion_15_2022_hot_min.jpg',79),(198,'https://laptop88.vn/media/product/pro_poster_6662.jpg',80),(199,'https://laptop88.vn/media/product/6662_image_2021_11_26_09_29_06.png',80),(200,'https://laptop88.vn/media/product/6662_hp_900x900.png',80),(201,'https://laptop88.vn/media/product/8548_doc_2023_10_23_15_15_46.png',81),(202,'https://laptop88.vn/media/product/8548_doc_2023_10_23_15_16_03.png',81),(203,'https://laptop88.vn/media/product/8548_doc_2023_10_23_15_16_03.png',81),(204,'https://laptop88.vn/media/product/pro_poster_5360.jpg',82),(205,'https://laptop88.vn/media/product/5360_hp_probook_440_g7_5.png',82),(206,'https://laptop88.vn/media/product/5360_hp_probook_440_g7_4.png',82),(207,'https://laptop88.vn/media/product/pro_poster_6724.jpg',83),(208,'https://laptop88.vn/media/product/6724_dsc07500.jpg',83),(209,'https://laptop88.vn/media/product/6724_anb_hp_notebook_14s.png',83),(210,'https://laptop88.vn/media/product/pro_poster_2542.jpg',84),(211,'https://laptop88.vn/media/product/2542_hp_elitebook_840_g3___3.png',84),(212,'https://laptop88.vn/media/product/2542_pro_poster_2542.jpg',84),(213,'https://laptop88.vn/media/product/7031_5073_hp_probook_640_g2__2_.png',85),(214,'https://laptop88.vn/media/product/5073_hp_probook_640_g2__5_.png',85),(215,'https://laptop88.vn/media/product/5073_hp_probook_640_g2__3_.png',85),(216,'https://laptop88.vn/media/product/6972_62699_laptop_hp_15_dy2089ms_13.jpg',86),(217,'https://laptop88.vn/media/product/6972_imagetools0.jpg',86),(218,'https://laptop88.vn/media/product/6972_imagetools1__1_.jpg',86),(219,'https://laptop88.vn/media/product/pro_poster_7476.jpg',87),(220,'https://laptop88.vn/media/product/7476_ac___laptop_hp_pavilion_15_gold.jpg',87),(221,'https://laptop88.vn/media/product/7476_hp_pavilion_15_eg2062tu_6k790pa_2.png',87),(222,'https://laptop88.vn/media/product/8271_amd_ryzen_5_4600g_42ghz_11mb_6_core__am4_box_sin.jpg',88),(223,'https://laptop88.vn/media/product/8271_2022052410384553370_1.jpg',88),(224,'https://laptop88.vn/media/product/8271_2022052410384553370_1.jpg',88),(225,'https://laptop88.vn/media/product/6490_56282_cpu_amd_ryzen_5_5600x__1_.jpg',89),(226,'https://laptop88.vn/media/product/8226_44274_cpu_intel_core_i3_13100__12m_cache__up_to_4_50ghz__4c8t__socket_1700___3_.jpg',90),(227,'https://laptop88.vn/media/product/8226_cpu_intel_core_i3_13100_chinh_hang_gen_134c_8tsocket_1700_1_.jpg',90),(228,'https://laptop88.vn/media/product/8226_cpu_intel_core_i3_13100_12mb_342ghz_up_to_45ghz_4_nhan_8_luong_socket_1700_gen_13_1676112574.jpg',90),(229,'https://laptop88.vn/media/product/8202_18180_cpu_i5_th13.jpg',91),(230,'https://laptop88.vn/media/product/8202_cpu_intel_core_i5_13400_chinh_hang_gen_1310c_16tsocket_1700_1_.jpg',91),(231,'https://laptop88.vn/media/product/8202_cpu_intel_core_i5_13400_1_songphuong_vn_.jpg',91),(232,'https://laptop88.vn/media/product/8155_58401_cpu_intel_core_i3_10105f_3_7ghz_turbo_up_to_4_4ghz_4_nhan_8_luong_6mb_cache_65w_socket_intel_lga_1200_1.jpg',92),(233,'https://laptop88.vn/media/product/8155_zsfupdxdhdojs22ifn9eox.jpg',92),(234,'https://laptop88.vn/media/product/8154_photo_2023_05_17_12_05_42.jpg',93),(235,'https://laptop88.vn/media/product/8154_1_5.jpeg',93),(236,'https://laptop88.vn/media/product/8085_images__51_.jpg',94),(237,'https://laptop88.vn/media/product/8085_cpu_intel_pentium_gold_g6405_6.jpg',94),(238,'https://laptop88.vn/media/product/8085_intel_g6405.jpeg',94),(239,'https://laptop88.vn/media/product/6852_52620_intel_g5900_hnc.jpg',95),(240,'https://laptop88.vn/media/product/6852_cpu_intel_celeron_g5900_2.jpg',95),(241,'https://laptop88.vn/media/product/6852_40891_processor_g5900_ha2.jpg',95),(242,'https://laptop88.vn/media/product/6851_44010_hnc_intel_i3_9100_right_facing_850x850.jpg',96),(243,'https://laptop88.vn/media/product/6851_2b4cf5e078c228a16ea745bf59df5769.jpg',96),(244,'https://laptop88.vn/media/product/5972_52364_intel_core_i5_10400_100.jpg',97),(245,'https://laptop88.vn/media/product/5972_2210_front953.jpg',97),(246,'https://laptop88.vn/media/product/5972_2210_front953.jpg',97),(247,'https://laptop88.vn/media/product/8159_44644_vga_asus_dual_geforce_rtx_3060_8gb_gddr6__dual_rtx3060_8g___2_.jpg',98),(248,'https://laptop88.vn/media/product/8159_44644_vga_asus_dual_geforce_rtx_3060_8gb_gddr6__dual_rtx3060_8g___5_.jpg',98),(249,'https://laptop88.vn/media/product/8159_44644_vga_asus_dual_geforce_rtx_3060_8gb_gddr6__dual_rtx3060_8g___6_.jpg',98),(250,'https://laptop88.vn/media/product/7661_p_setting_xxx_0_90_end_692.png',99),(251,'https://laptop88.vn/media/product/7661_p_setting_xxx_0_90_end_500.png',99),(252,'https://laptop88.vn/media/product/7661_card_man_hinh_asus_phoenix_gtx_1650_super_o4g_____4gb_gddr5_1.jpg',99),(253,'https://laptop88.vn/media/product/6845_1000__19_.png',100),(254,'https://laptop88.vn/media/product/6845_1000__20_.png',100),(255,'https://laptop88.vn/media/product/6845_1000__21_.png',100),(256,'https://laptop88.vn/media/product/6028_ua2kjpw2mlsztukp_setting_000_1_90_end_500.jpg',101),(257,'https://laptop88.vn/media/product/6028_ywrrnpy8ndg7acaz_setting_000_1_90_end_500.jpg',101),(258,'https://laptop88.vn/media/product/6028_t9fpazubm1z5q5i6_setting_000_1_90_end_500.jpg',101),(259,'https://laptop88.vn/media/product/6027_7qwbody3tahh7vol_setting_000_1_90_end_500.jpg',102),(260,'https://laptop88.vn/media/product/6027_yvc53fgqnzrvlrl9_setting_000_1_90_end_500.jpg',102),(261,'https://laptop88.vn/media/product/6027_y7fgmxklcmqhph6i_setting_000_1_90_end_500.jpg',102),(262,'https://laptop88.vn/media/product/5973_500.png',103),(263,'https://laptop88.vn/media/product/5973_1000.png',103),(264,'https://laptop88.vn/media/product/5973_1000__1_.png',103),(265,'https://laptop88.vn/media/product/8340_ram_laptop_ddr5_samsung_16gb_bus_5600_hinh_1_1.jpg',104),(266,'https://laptop88.vn/media/product/8340_ram_laptop_ddr5_samsung_16gb_bus_5600_hinh_1_1.jpg',104),(267,'https://laptop88.vn/media/product/8340_ram_laptop_ddr5_samsung_16gb_bus_5600_hinh_1_1.jpg',104),(268,'https://laptop88.vn/media/product/8395_20674_ram_laptop_teamgroup_elite_16gb_ddr4_3200mhz_ted416g3200c22_s01_2.jpg',105),(269,'https://laptop88.vn/media/product/8395_20674_ram_laptop_teamgroup_elite_16gb_ddr4_3200mhz_ted416g3200c22_s01_2.jpg',105),(270,'https://laptop88.vn/media/product/8395_20674_ram_laptop_teamgroup_elite_16gb_ddr4_3200mhz_ted416g3200c22_s01_2.jpg',105),(271,'https://laptop88.vn/media/product/7982_7814_ram_laptop_samsung_ddr5_8gb_4800mhz.jpg',106),(272,'https://laptop88.vn/media/product/7982_7814_ram_laptop_samsung_ddr5_8gb_4800mhz.jpg',106),(273,'https://laptop88.vn/media/product/7982_7814_ram_laptop_samsung_ddr5_8gb_4800mhz.jpg',106),(274,'https://laptop88.vn/media/product/5484_6860_38390_17478_kingston_4gb_3200mhz_ddr4_non_ecc_cl22_sodimm_1rx16.jpg',107),(275,'https://laptop88.vn/media/product/5484_6860_38390_17478_kingston_4gb_3200mhz_ddr4_non_ecc_cl22_sodimm_1rx16.jpg',107),(276,'https://laptop88.vn/media/product/5484_6860_38390_17478_kingston_4gb_3200mhz_ddr4_non_ecc_cl22_sodimm_1rx16.jpg',107),(277,'https://laptop88.vn/media/product/5819_kvr_ddr4_3200_16gb_01.jpg',108),(278,'https://laptop88.vn/media/product/5819_kvr_ddr4_3200_16gb_01.jpg',108),(279,'https://laptop88.vn/media/product/5819_kvr_ddr4_3200_16gb_01.jpg',108),(280,'https://laptop88.vn/media/product/pro_poster_7169.jpg',109),(281,'https://laptop88.vn/media/product/pro_poster_7169.jpg',109),(282,'https://laptop88.vn/media/product/pro_poster_7169.jpg',109),(283,'https://laptop88.vn/media/product/5488_kingmax_ddr4_16gb_2666_laptop.jpg',110),(284,'https://laptop88.vn/media/product/5488_kingmax_ddr4_16gb_2666_laptop.jpg',110),(285,'https://laptop88.vn/media/product/5488_kingmax_ddr4_16gb_2666_laptop.jpg',110),(286,'https://laptop88.vn/media/product/5818_1587693071_554_ram_ddr4_laptop_16gb_samsung_3200mhz_1_420x420.jpg',111),(287,'https://laptop88.vn/media/product/5818_1587693071_554_ram_ddr4_laptop_16gb_samsung_3200mhz_1_420x420.jpg',111),(288,'https://laptop88.vn/media/product/5818_1587693071_554_ram_ddr4_laptop_16gb_samsung_3200mhz_1_420x420.jpg',111),(289,'https://laptop88.vn/media/product/7515_image.png',112),(290,'https://laptop88.vn/media/product/7515_image.png',112),(291,'https://laptop88.vn/media/product/7515_image.png',112),(292,'https://laptop88.vn/media/product/8568_ram_16gb_bus_3200_1.jpg',113),(293,'https://laptop88.vn/media/product/8568_ram_16gb_bus_3200_1.jpg',113),(294,'https://laptop88.vn/media/product/8568_ram_16gb_bus_3200_1.jpg',113),(295,'https://laptop88.vn/media/product/8098_1823_1587693071_766_ram_ddr4_laptop_16gb_samsung_3200mhz_2.jpg',114),(296,'https://laptop88.vn/media/product/8098_1823_1587693071_766_ram_ddr4_laptop_16gb_samsung_3200mhz_2.jpg',114),(297,'https://laptop88.vn/media/product/8098_1823_1587693071_766_ram_ddr4_laptop_16gb_samsung_3200mhz_2.jpg',114),(298,'https://laptop88.vn/media/product/8100_61zq7hrsk_l.jpg',115),(299,'https://laptop88.vn/media/product/8100_61zq7hrsk_l.jpg',115),(300,'https://laptop88.vn/media/product/8100_61zq7hrsk_l.jpg',115),(301,'https://laptop88.vn/media/product/8350_8340_ram_laptop_ddr5_samsung_16gb_bus_5600_hinh_1_1__1_.jpg',116),(302,'https://laptop88.vn/media/product/8350_8340_ram_laptop_ddr5_samsung_16gb_bus_5600_hinh_1_1__1_.jpg',116),(303,'https://laptop88.vn/media/product/8350_8340_ram_laptop_ddr5_samsung_16gb_bus_5600_hinh_1_1__1_.jpg',116),(304,'https://laptop88.vn/media/product/7814_ram_laptop_samsung_ddr5_8gb_4800mhz_thinkpro_01_11zon.jpg',117),(305,'https://laptop88.vn/media/product/7814_ram_laptop_samsung_ddr5_8gb_4800mhz_thinkpro_01_11zon.jpg',117),(306,'https://laptop88.vn/media/product/7814_ram_laptop_samsung_ddr5_8gb_4800mhz_thinkpro_01_11zon.jpg',117),(307,'https://laptop88.vn/media/product/7983_s_l1600.jpg',118),(308,'https://laptop88.vn/media/product/7983_s_l1600.jpg',118),(309,'https://laptop88.vn/media/product/7983_s_l1600.jpg',118),(310,'https://laptop88.vn/media/product/8562_20672_ram_laptop_teamgroup_elite_8gb_ddr4_3200mhz_ted48g3200c22_s01.jpg',119),(311,'https://laptop88.vn/media/product/8562_20672_ram_laptop_teamgroup_elite_8gb_ddr4_3200mhz_ted48g3200c22_s01.jpg',119),(312,'https://laptop88.vn/media/product/8562_20672_ram_laptop_teamgroup_elite_8gb_ddr4_3200mhz_ted48g3200c22_s01.jpg',119),(313,'https://laptop88.vn/media/product/7023_78736c5aa679a7d65d674468d6b23d75.jpg',120),(314,'https://laptop88.vn/media/product/7023_78736c5aa679a7d65d674468d6b23d75.jpg',120),(315,'https://laptop88.vn/media/product/7023_78736c5aa679a7d65d674468d6b23d75.jpg',120),(316,'https://laptop88.vn/media/product/5321_ram_laptop_kingston_8gb_ddr4_3200mhz_1.jpg',121),(317,'https://laptop88.vn/media/product/5321_ram_laptop_kingston_8gb_ddr4_3200mhz_1.jpg',121),(318,'https://laptop88.vn/media/product/5321_ram_laptop_kingston_8gb_ddr4_3200mhz_1.jpg',121),(319,'https://laptop88.vn/media/product/6566_ram_laptop_ddr4_micron_16gb_bus_3200_sodimm.jpg',122),(320,'https://laptop88.vn/media/product/6566_ram_laptop_ddr4_micron_16gb_bus_3200_sodimm.jpg',122),(321,'https://laptop88.vn/media/product/6566_ram_laptop_ddr4_micron_16gb_bus_3200_sodimm.jpg',122),(322,'https://laptop88.vn/media/product/7939_67822_ram_laptop_adata_ad4s32008g22_sgn_8gb_1x8gb_ddr4_3200mhz__1_.jpg',123),(323,'https://laptop88.vn/media/product/7939_67822_ram_laptop_adata_ad4s32008g22_sgn_8gb_1x8gb_ddr4_3200mhz__1_.jpg',123),(324,'https://laptop88.vn/media/product/7939_67822_ram_laptop_adata_ad4s32008g22_sgn_8gb_1x8gb_ddr4_3200mhz__1_.jpg',123),(325,'https://laptop88.vn/media/product/7013_20672_ram_laptop_teamgroup_elite_8gb_ddr4_3200mhz_ted48g3200c22_s01.jpg',124),(326,'https://laptop88.vn/media/product/7013_20672_ram_laptop_teamgroup_elite_8gb_ddr4_3200mhz_ted48g3200c22_s01.jpg',124),(327,'https://laptop88.vn/media/product/7013_20672_ram_laptop_teamgroup_elite_8gb_ddr4_3200mhz_ted48g3200c22_s01.jpg',124),(328,'https://laptop88.vn/media/product/7487_1__2_.png',125),(329,'https://laptop88.vn/media/product/7487_1__2_.png',125),(330,'https://laptop88.vn/media/product/7487_1__2_.png',125),(331,'https://laptop88.vn/media/product/6860_38390_17478_kingston_4gb_3200mhz_ddr4_non_ecc_cl22_sodimm_1rx16.jpg',126),(332,'https://laptop88.vn/media/product/6860_38390_17478_kingston_4gb_3200mhz_ddr4_non_ecc_cl22_sodimm_1rx16.jpg',126),(333,'https://laptop88.vn/media/product/6860_38390_17478_kingston_4gb_3200mhz_ddr4_non_ecc_cl22_sodimm_1rx16.jpg',126),(334,'https://laptop88.vn/media/product/pro_poster_5479.jpg',127),(335,'https://laptop88.vn/media/product/pro_poster_5479.jpg',127),(336,'https://laptop88.vn/media/product/pro_poster_5479.jpg',127),(337,'https://laptop88.vn/media/product/6416_ram_laptop_samsung_4gb_ddr3_1333_mhz.jpg',128),(338,'https://laptop88.vn/media/product/6416_ram_laptop_samsung_4gb_ddr3_1333_mhz.jpg',128),(339,'https://laptop88.vn/media/product/6416_ram_laptop_samsung_4gb_ddr3_1333_mhz.jpg',128),(340,'https://laptop88.vn/media/product/6516_ram_laptop_samsung_8gb_ddr4_3200.jpg',129),(341,'https://laptop88.vn/media/product/6516_ram_laptop_samsung_8gb_ddr4_3200.jpg',129),(342,'https://laptop88.vn/media/product/6516_ram_laptop_samsung_8gb_ddr4_3200.jpg',129),(343,'https://laptop88.vn/media/product/8143_ram_ddr3l_8gb.jpg',130),(344,'https://laptop88.vn/media/product/8143_ram_ddr3l_8gb.jpg',130),(345,'https://laptop88.vn/media/product/8143_ram_ddr3l_8gb.jpg',130),(346,'https://laptop88.vn/media/product/6568_1587441541_920_ram_ddr3l_8gb_sk_hynix_1600mhz_pc3_12800_sodimm_135v_3_420x420.jpg',131),(347,'https://laptop88.vn/media/product/6568_1587441541_920_ram_ddr3l_8gb_sk_hynix_1600mhz_pc3_12800_sodimm_135v_3_420x420.jpg',131),(348,'https://laptop88.vn/media/product/6568_1587441541_920_ram_ddr3l_8gb_sk_hynix_1600mhz_pc3_12800_sodimm_135v_3_420x420.jpg',131),(349,'https://laptop88.vn/media/product/6558_thumb650_kingston_kc2500_3.jpg',132),(350,'https://laptop88.vn/media/product/6558_thumb650_kingston_kc2500_3.jpg',132),(351,'https://laptop88.vn/media/product/6558_thumb650_kingston_kc2500_3.jpg',132),(352,'https://laptop88.vn/media/product/8101_43092_kingston_nv2_2tb_pcie_gen4_x4_nvme_m2_snv2s2000g_2.jpg',133),(353,'https://laptop88.vn/media/product/8101_43092_kingston_nv2_2tb_pcie_gen4_x4_nvme_m2_snv2s2000g_2.jpg',133),(354,'https://laptop88.vn/media/product/8101_43092_kingston_nv2_2tb_pcie_gen4_x4_nvme_m2_snv2s2000g_2.jpg',133),(355,'https://laptop88.vn/media/product/8093_1_645_600x600_1.jpg',134),(356,'https://laptop88.vn/media/product/8093_1_645_600x600_1.jpg',134),(357,'https://laptop88.vn/media/product/8093_1_645_600x600_1.jpg',134),(358,'https://laptop88.vn/media/product/8299_ssd_samsung_990_pro_1tb_m2_pcie_gen_5_0_mz_v9p1t0_hinh_4_webp_.jpg',135),(359,'https://laptop88.vn/media/product/8299_ssd_samsung_990_pro_1tb_m2_pcie_gen_5_0_mz_v9p1t0_hinh_4_webp_.jpg',135),(360,'https://laptop88.vn/media/product/8299_ssd_samsung_990_pro_1tb_m2_pcie_gen_5_0_mz_v9p1t0_hinh_4_webp_.jpg',135),(361,'https://laptop88.vn/media/product/8297_photo_2023_07_25_17_11_28.jpg',136),(362,'https://laptop88.vn/media/product/8297_photo_2023_07_25_17_11_28.jpg',136),(363,'https://laptop88.vn/media/product/8297_photo_2023_07_25_17_11_28.jpg',136),(364,'https://laptop88.vn/media/product/8252_cbc8557cba01f5bb022c208c9072e756.jpg',137),(365,'https://laptop88.vn/media/product/8252_cbc8557cba01f5bb022c208c9072e756.jpg',137),(366,'https://laptop88.vn/media/product/8252_cbc8557cba01f5bb022c208c9072e756.jpg',137),(367,'https://laptop88.vn/media/product/8055__c___ng_ssd_samsung_970_evo_plus_500gb_nvme_m_2_mz_v7s500bw_1_e1554180187245.jpg',138),(368,'https://laptop88.vn/media/product/8055__c___ng_ssd_samsung_970_evo_plus_500gb_nvme_m_2_mz_v7s500bw_1_e1554180187245.jpg',138),(369,'https://laptop88.vn/media/product/8055__c___ng_ssd_samsung_970_evo_plus_500gb_nvme_m_2_mz_v7s500bw_1_e1554180187245.jpg',138),(370,'https://laptop88.vn/media/product/7720_308.png',139),(371,'https://laptop88.vn/media/product/7720_308.png',139),(372,'https://laptop88.vn/media/product/7720_308.png',139),(373,'https://laptop88.vn/media/product/pro_poster_4578.jpg',140),(374,'https://laptop88.vn/media/product/pro_poster_4578.jpg',140),(375,'https://laptop88.vn/media/product/pro_poster_4578.jpg',140),(376,'https://laptop88.vn/media/product/8275_1615443690_923_o_cung_ssd_m2_pcie_1tb_samsung_980_nvme_2280_3.jpg',141),(377,'https://laptop88.vn/media/product/8275_1615443690_923_o_cung_ssd_m2_pcie_1tb_samsung_980_nvme_2280_3.jpg',141),(378,'https://laptop88.vn/media/product/8275_1615443690_923_o_cung_ssd_m2_pcie_1tb_samsung_980_nvme_2280_3.jpg',141),(379,'https://laptop88.vn/media/product/6119_1552537273_979_o_cung_hdd_laptop_2tb_western_digital_wd_blue_1.jpg',142),(380,'https://laptop88.vn/media/product/6119_1552537273_979_o_cung_hdd_laptop_2tb_western_digital_wd_blue_1.jpg',142),(381,'https://laptop88.vn/media/product/6119_1552537273_979_o_cung_hdd_laptop_2tb_western_digital_wd_blue_1.jpg',142),(382,'https://laptop88.vn/media/product/pro_poster_8140.jpg',143),(383,'https://laptop88.vn/media/product/pro_poster_8140.jpg',143),(384,'https://laptop88.vn/media/product/pro_poster_8140.jpg',143),(385,'https://laptop88.vn/media/product/8220_n2299777__1__08008.jpg',144),(386,'https://laptop88.vn/media/product/8220_n2299777__1__08008.jpg',144),(387,'https://laptop88.vn/media/product/8220_n2299777__1__08008.jpg',144),(388,'https://laptop88.vn/media/product/6776_52910_ek241y__1_.jpg',145),(389,'https://laptop88.vn/media/product/6776_52910_ek241y__1_.jpg',145),(390,'https://laptop88.vn/media/product/6776_52910_ek241y__1_.jpg',145),(391,'https://laptop88.vn/media/product/8288_69932_man_hinh_viewsonic_vx2717_c_mh_850x850_3.jpg',146),(392,'https://laptop88.vn/media/product/8288_69932_man_hinh_viewsonic_vx2717_c_mh_850x850_3.jpg',146),(393,'https://laptop88.vn/media/product/8288_69932_man_hinh_viewsonic_vx2717_c_mh_850x850_3.jpg',146),(394,'https://laptop88.vn/media/product/8341_untitled_1.jpg',147),(395,'https://laptop88.vn/media/product/8341_untitled_1.jpg',147),(396,'https://laptop88.vn/media/product/8341_untitled_1.jpg',147),(397,'https://laptop88.vn/media/product/6778_37610_gearshop_vn_viewsonic_va2223_a__7_.jpg',148),(398,'https://laptop88.vn/media/product/6778_37610_gearshop_vn_viewsonic_va2223_a__7_.jpg',148),(399,'https://laptop88.vn/media/product/6778_37610_gearshop_vn_viewsonic_va2223_a__7_.jpg',148),(400,'https://laptop88.vn/media/product/6779_thumb650_lcd_acer_aopen_cv1_22cv1q_1.jpg',149),(401,'https://laptop88.vn/media/product/6779_thumb650_lcd_acer_aopen_cv1_22cv1q_1.jpg',149),(402,'https://laptop88.vn/media/product/6779_thumb650_lcd_acer_aopen_cv1_22cv1q_1.jpg',149),(403,'https://laptop88.vn/media/product/6981_m__n_h__nh_lcd_dell_24_inches_e2417h___2.png',150),(404,'https://laptop88.vn/media/product/6981_m__n_h__nh_lcd_dell_24_inches_e2417h___2.png',150),(405,'https://laptop88.vn/media/product/6981_m__n_h__nh_lcd_dell_24_inches_e2417h___2.png',150);
/*!40000 ALTER TABLE `image` ENABLE KEYS */;
UNLOCK TABLES;

--
-- Table structure for table `laptop`
--

DROP TABLE IF EXISTS `laptop`;
/*!40101 SET @saved_cs_client     = @@character_set_client */;
/*!50503 SET character_set_client = utf8mb4 */;
CREATE TABLE `laptop` (
  `id` bigint NOT NULL AUTO_INCREMENT,
  `card_id` bigint DEFAULT NULL,
  `cpu_id` bigint DEFAULT NULL,
  `harddrive_id` bigint DEFAULT NULL,
  `manhinh_id` bigint DEFAULT NULL,
  `product_id` bigint NOT NULL,
  `ram_id` bigint DEFAULT NULL,
  `image_id` bigint DEFAULT NULL,
  PRIMARY KEY (`id`),
  UNIQUE KEY `Laptop_product_id_6823eb72_uniq` (`product_id`),
  UNIQUE KEY `Laptop_image_id_c1e63856_uniq` (`image_id`),
  KEY `Laptop_card_id_38d16bcd_fk_Card_id` (`card_id`),
  KEY `Laptop_cpu_id_93b3750b_fk_CPU_id` (`cpu_id`),
  KEY `Laptop_harddrive_id_8b449319_fk_Harddrive_id` (`harddrive_id`),
  KEY `Laptop_manhinh_id_cf855de5_fk_ManHinh_id` (`manhinh_id`),
  KEY `Laptop_ram_id_320c734e_fk_RAM_id` (`ram_id`),
  CONSTRAINT `Laptop_card_id_38d16bcd_fk_Card_id` FOREIGN KEY (`card_id`) REFERENCES `card` (`id`),
  CONSTRAINT `Laptop_cpu_id_93b3750b_fk_CPU_id` FOREIGN KEY (`cpu_id`) REFERENCES `cpu` (`id`),
  CONSTRAINT `Laptop_harddrive_id_8b449319_fk_Harddrive_id` FOREIGN KEY (`harddrive_id`) REFERENCES `harddrive` (`id`),
  CONSTRAINT `Laptop_image_id_c1e63856_fk_Image_id` FOREIGN KEY (`image_id`) REFERENCES `image` (`id`),
  CONSTRAINT `Laptop_manhinh_id_cf855de5_fk_ManHinh_id` FOREIGN KEY (`manhinh_id`) REFERENCES `manhinh` (`id`),
  CONSTRAINT `Laptop_product_id_6823eb72_fk_Product_id` FOREIGN KEY (`product_id`) REFERENCES `product` (`id`),
  CONSTRAINT `Laptop_ram_id_320c734e_fk_RAM_id` FOREIGN KEY (`ram_id`) REFERENCES `ram` (`id`)
) ENGINE=InnoDB AUTO_INCREMENT=75 DEFAULT CHARSET=utf8mb4 COLLATE=utf8mb4_0900_ai_ci;
/*!40101 SET character_set_client = @saved_cs_client */;

--
-- Dumping data for table `laptop`
--

LOCK TABLES `laptop` WRITE;
/*!40000 ALTER TABLE `laptop` DISABLE KEYS */;
INSERT INTO `laptop` VALUES (1,65,25,12,10,13,30,1),(2,66,12,15,11,14,33,4),(3,67,26,15,12,15,31,7),(4,68,27,15,13,16,31,10),(5,69,13,15,14,17,33,13),(6,69,13,13,15,18,33,16),(7,70,14,12,16,19,31,19),(8,71,31,18,17,20,33,22),(9,72,15,13,18,21,34,25),(10,71,15,14,19,22,35,28),(11,73,31,13,19,23,35,31),(12,66,26,13,13,24,32,32),(13,73,31,12,20,25,36,35),(14,74,45,13,21,26,35,38),(15,74,45,13,22,27,37,41),(16,74,26,13,23,28,38,44),(17,74,27,13,24,29,31,47),(18,75,16,13,25,30,35,50),(19,76,54,16,25,31,32,53),(20,76,28,16,25,32,32,56),(21,76,29,13,26,33,32,59),(22,74,30,16,21,34,32,62),(23,77,51,13,26,35,32,65),(24,74,51,15,26,36,32,68),(25,73,31,12,37,37,33,71),(26,73,32,15,28,38,33,74),(27,78,26,15,26,39,33,77),(28,66,33,16,26,40,32,80),(29,80,35,19,26,42,32,83),(30,81,44,15,26,43,31,87),(31,75,17,16,25,44,32,90),(32,79,36,13,26,45,31,93),(33,84,18,16,26,46,32,96),(34,83,19,16,26,47,32,99),(35,85,37,15,29,48,35,102),(36,86,26,15,29,49,33,105),(37,87,45,13,11,50,35,108),(38,74,38,15,30,51,39,111),(39,74,45,15,31,52,40,114),(40,74,39,13,34,53,33,117),(41,74,49,12,25,54,33,120),(42,74,40,13,33,55,33,123),(43,88,41,16,34,56,32,126),(44,74,42,13,35,57,32,131),(45,65,37,13,37,58,39,132),(46,65,15,13,36,59,33,135),(47,67,37,13,36,60,39,139),(48,67,43,13,37,61,39,141),(49,67,12,13,35,62,41,145),(50,90,44,17,26,63,32,148),(51,68,27,16,26,64,32,151),(52,66,13,13,28,65,33,154),(53,66,20,12,38,66,42,157),(54,91,21,18,37,67,36,160),(55,92,22,13,39,68,32,163),(56,74,45,12,40,69,35,166),(57,75,23,13,41,70,32,169),(58,74,38,13,42,71,35,172),(59,76,46,13,25,72,32,175),(60,74,47,13,43,73,44,178),(61,93,48,16,25,74,33,181),(62,92,24,13,25,75,32,184),(63,74,51,16,25,76,32,188),(64,74,49,13,26,77,33,189),(65,74,47,15,25,78,32,192),(66,74,38,16,26,79,32,195),(67,76,47,16,26,80,32,198),(68,93,50,16,25,81,31,201),(69,94,52,16,25,82,32,204),(70,76,52,19,25,83,32,207),(71,94,53,19,25,84,32,210),(72,94,53,16,25,85,32,213),(73,74,41,16,26,86,38,216),(74,76,54,16,26,87,32,219);
/*!40000 ALTER TABLE `laptop` ENABLE KEYS */;
UNLOCK TABLES;

--
-- Table structure for table `loai`
--

DROP TABLE IF EXISTS `loai`;
/*!40101 SET @saved_cs_client     = @@character_set_client */;
/*!50503 SET character_set_client = utf8mb4 */;
CREATE TABLE `loai` (
  `id` bigint NOT NULL AUTO_INCREMENT,
  `loai` varchar(255) NOT NULL,
  PRIMARY KEY (`id`)
) ENGINE=InnoDB AUTO_INCREMENT=9 DEFAULT CHARSET=utf8mb4 COLLATE=utf8mb4_0900_ai_ci;
/*!40101 SET character_set_client = @saved_cs_client */;

--
-- Dumping data for table `loai`
--

LOCK TABLES `loai` WRITE;
/*!40000 ALTER TABLE `loai` DISABLE KEYS */;
INSERT INTO `loai` VALUES (3,'Laptop Gaming'),(4,'Laptop Văn Phòng'),(5,'Laptop Sinh Viên'),(6,'Laptop Mỏng Nhẹ'),(7,'Laptop Đồ Họa'),(8,'Linh Kiện');
/*!40000 ALTER TABLE `loai` ENABLE KEYS */;
UNLOCK TABLES;

--
-- Table structure for table `manhinh`
--

DROP TABLE IF EXISTS `manhinh`;
/*!40101 SET @saved_cs_client     = @@character_set_client */;
/*!50503 SET character_set_client = utf8mb4 */;
CREATE TABLE `manhinh` (
  `id` bigint NOT NULL AUTO_INCREMENT,
  `size` varchar(30) DEFAULT NULL,
  `resolution` varchar(30) DEFAULT NULL,
  `panels` varchar(30) DEFAULT NULL,
  `frequency` varchar(30) DEFAULT NULL,
  `connector` varchar(30) DEFAULT NULL,
  `product_id` bigint NOT NULL,
  `image_id` bigint DEFAULT NULL,
  PRIMARY KEY (`id`),
  UNIQUE KEY `ManHinh_product_id_973b3aab_uniq` (`product_id`),
  UNIQUE KEY `ManHinh_image_id_792beb39_uniq` (`image_id`),
  CONSTRAINT `ManHinh_image_id_792beb39_fk_Image_id` FOREIGN KEY (`image_id`) REFERENCES `image` (`id`),
  CONSTRAINT `ManHinh_product_id_973b3aab_fk_Product_id` FOREIGN KEY (`product_id`) REFERENCES `product` (`id`)
) ENGINE=InnoDB AUTO_INCREMENT=44 DEFAULT CHARSET=utf8mb4 COLLATE=utf8mb4_0900_ai_ci;
/*!40101 SET character_set_client = @saved_cs_client */;

--
-- Dumping data for table `manhinh`
--

LOCK TABLES `manhinh` WRITE;
/*!40000 ALTER TABLE `manhinh` DISABLE KEYS */;
INSERT INTO `manhinh` VALUES (2,'16 inch','WQXGA 2560 x 1600','IPS 99%DCI-P3','60Hz','2 x USB Type-C (DP Alt Mode)',143,382),(3,'27 Inch','Full HD','IPS','180Hz','DP/2x HDMI',144,385),(4,'23.8 Inch','Full HD','IPS 100% sRGB','75Hz','HDMI + VGA',145,388),(5,'27 Inch','Full HD','IPS 100% sRGB','75Hz','HDMI + VGA',146,391),(6,'24 Inch','Full HD','IPS','75Hz','HDMI + VGA',147,394),(7,'21.5 Inch','Full HD','TN, 250cd/m², 16.7 triệu màu','60hz','HDMI + VGA',148,397),(8,'21.5 Inch','Full HD','VA, 200 cd/m²','75Hz','HDMI + VGA',149,400),(9,'24 Inch','Full HD 1920 x 1080','IPS','60Hz','VGA + Display Port 1.2',150,403),(10,'16 inch',NULL,NULL,NULL,NULL,267,NULL),(11,'14 inch',NULL,NULL,NULL,NULL,268,NULL),(12,'15.6 Inch',NULL,NULL,NULL,NULL,269,NULL),(13,'15.6 Inch',NULL,NULL,NULL,NULL,270,NULL),(14,'17.3 Inch',NULL,NULL,NULL,NULL,271,NULL),(15,'15.6 Inch',NULL,NULL,NULL,NULL,272,NULL),(16,'14 inch',NULL,NULL,NULL,NULL,273,NULL),(17,'16 inch',NULL,NULL,NULL,NULL,274,NULL),(18,'14 inch',NULL,NULL,NULL,NULL,275,NULL),(19,'13.4 inch',NULL,NULL,NULL,NULL,276,NULL),(20,'14.5 inch',NULL,NULL,NULL,NULL,277,NULL),(21,'14 inch',NULL,NULL,NULL,NULL,278,NULL),(22,'15.6 Inch',NULL,NULL,NULL,NULL,279,NULL),(23,'14.5 inch',NULL,NULL,NULL,NULL,280,NULL),(24,'15.6 Inch',NULL,NULL,NULL,NULL,281,NULL),(25,'14 inch',NULL,NULL,NULL,NULL,282,NULL),(26,'15.6 Inch',NULL,NULL,NULL,NULL,283,NULL),(27,'16 inch',NULL,NULL,NULL,NULL,284,NULL),(28,'15.6 Inch',NULL,NULL,NULL,NULL,285,NULL),(29,'16 inch',NULL,NULL,NULL,NULL,286,NULL),(30,'13.4 inch',NULL,NULL,NULL,NULL,287,NULL),(31,'16 inch',NULL,NULL,NULL,NULL,288,NULL),(32,'13.3 inch',NULL,NULL,NULL,NULL,289,NULL),(33,'16 inch',NULL,NULL,NULL,NULL,290,NULL),(34,'13.3 inch',NULL,NULL,NULL,NULL,291,NULL),(35,'15 inch',NULL,NULL,NULL,NULL,292,NULL),(36,'16 inch',NULL,NULL,NULL,NULL,293,NULL),(37,'16 inch',NULL,NULL,NULL,NULL,294,NULL),(38,'14.5 inch',NULL,NULL,NULL,NULL,295,NULL),(39,'14 inch',NULL,NULL,NULL,NULL,296,NULL),(40,'14 inch',NULL,NULL,NULL,NULL,297,NULL),(41,'16 inch',NULL,NULL,NULL,NULL,298,NULL),(42,'14 inch',NULL,NULL,NULL,NULL,299,NULL),(43,'14 inch',NULL,NULL,NULL,NULL,300,NULL);
/*!40000 ALTER TABLE `manhinh` ENABLE KEYS */;
UNLOCK TABLES;

--
-- Table structure for table `order`
--

DROP TABLE IF EXISTS `order`;
/*!40101 SET @saved_cs_client     = @@character_set_client */;
/*!50503 SET character_set_client = utf8mb4 */;
CREATE TABLE `order` (
  `id` bigint NOT NULL AUTO_INCREMENT,
  `date` datetime(6) DEFAULT NULL,
  `status_id` bigint DEFAULT NULL,
  `user_id` bigint NOT NULL,
  PRIMARY KEY (`id`),
  KEY `Order_user_id_24066048_fk_User_id` (`user_id`),
  KEY `Order_status_id_1b09dd39_fk_Status_id` (`status_id`),
  CONSTRAINT `Order_status_id_1b09dd39_fk_Status_id` FOREIGN KEY (`status_id`) REFERENCES `status` (`id`),
  CONSTRAINT `Order_user_id_24066048_fk_User_id` FOREIGN KEY (`user_id`) REFERENCES `user` (`id`)
) ENGINE=InnoDB AUTO_INCREMENT=61 DEFAULT CHARSET=utf8mb4 COLLATE=utf8mb4_0900_ai_ci;
/*!40101 SET character_set_client = @saved_cs_client */;

--
-- Dumping data for table `order`
--

LOCK TABLES `order` WRITE;
/*!40000 ALTER TABLE `order` DISABLE KEYS */;
/*!40000 ALTER TABLE `order` ENABLE KEYS */;
UNLOCK TABLES;

--
-- Table structure for table `phuongxa`
--

DROP TABLE IF EXISTS `phuongxa`;
/*!40101 SET @saved_cs_client     = @@character_set_client */;
/*!50503 SET character_set_client = utf8mb4 */;
CREATE TABLE `phuongxa` (
  `id` int NOT NULL,
  `phuongxa` varchar(100) NOT NULL,
  `loai` varchar(30) DEFAULT NULL,
  `quanhuyen_id` int NOT NULL,
  PRIMARY KEY (`id`),
  KEY `PhuongXa_quanhuyen_id_9437bfdb_fk_QuanHuyen_id` (`quanhuyen_id`),
  CONSTRAINT `PhuongXa_quanhuyen_id_9437bfdb_fk_QuanHuyen_id` FOREIGN KEY (`quanhuyen_id`) REFERENCES `quanhuyen` (`id`)
) ENGINE=InnoDB DEFAULT CHARSET=utf8mb4 COLLATE=utf8mb4_0900_ai_ci;
/*!40101 SET character_set_client = @saved_cs_client */;

--
-- Dumping data for table `phuongxa`
--

LOCK TABLES `phuongxa` WRITE;
/*!40000 ALTER TABLE `phuongxa` DISABLE KEYS */;
INSERT INTO `phuongxa` VALUES (157,'Phường Nghĩa Đô','Phường',5),(160,'Phường Nghĩa Tân','Phường',5),(163,'Phường Mai Dịch','Phường',5),(166,'Phường Dịch Vọng','Phường',5),(167,'Phường Dịch Vọng Hậu','Phường',5),(169,'Phường Quan Hoa','Phường',5),(172,'Phường Yên Hoà','Phường',5),(175,'Phường Trung Hoà','Phường',5),(6760,'Phường Mông Dương','Phường',195),(6763,'Phường Cửa Ông','Phường',195),(6766,'Phường Cẩm Sơn','Phường',195),(6769,'Phường Cẩm Đông','Phường',195),(6772,'Phường Cẩm Phú','Phường',195),(6775,'Phường Cẩm Tây','Phường',195),(6778,'Phường Quang Hanh','Phường',195),(6781,'Phường Cẩm Thịnh','Phường',195),(6784,'Phường Cẩm Thủy','Phường',195),(6787,'Phường Cẩm Thạch','Phường',195),(6790,'Phường Cẩm Thành','Phường',195),(6793,'Phường Cẩm Trung','Phường',195),(6796,'Phường Cẩm Bình','Phường',195),(6799,'Xã Cộng Hòa','Xã',195),(6802,'Xã Cẩm Hải','Xã',195),(6805,'Xã Dương Huy','Xã',195),(8973,'Thị trấn Chi Đông','Thị trấn',250),(8974,'Xã Đại Thịnh','Xã',250),(8977,'Xã Kim Hoa','Xã',250),(8980,'Xã Thạch Đà','Xã',250),(8983,'Xã Tiến Thắng','Xã',250),(8986,'Xã Tự Lập','Xã',250),(8989,'Thị trấn Quang Minh','Thị trấn',250),(8992,'Xã Thanh Lâm','Xã',250),(8995,'Xã Tam Đồng','Xã',250),(8998,'Xã Liên Mạc','Xã',250),(9001,'Xã Vạn Yên','Xã',250),(9004,'Xã Chu Phan','Xã',250),(9007,'Xã Tiến Thịnh','Xã',250),(9010,'Xã Mê Linh','Xã',250),(9013,'Xã Văn Khê','Xã',250),(9016,'Xã Hoàng Kim','Xã',250),(9019,'Xã Tiền Phong','Xã',250),(9022,'Xã Tráng Việt','Xã',250);
/*!40000 ALTER TABLE `phuongxa` ENABLE KEYS */;
UNLOCK TABLES;

--
-- Table structure for table `product`
--

DROP TABLE IF EXISTS `product`;
/*!40101 SET @saved_cs_client     = @@character_set_client */;
/*!50503 SET character_set_client = utf8mb4 */;
CREATE TABLE `product` (
  `id` bigint NOT NULL AUTO_INCREMENT,
  `name` varchar(255) NOT NULL,
  `description` longtext,
  `brand_id` bigint DEFAULT NULL,
  `category_id` bigint NOT NULL,
  `loai_id` bigint DEFAULT NULL,
  `age_id` bigint DEFAULT NULL,
  `discount_id` bigint DEFAULT NULL,
  `detail_id` bigint DEFAULT NULL,
  `soluong` int DEFAULT NULL,
  `price` int DEFAULT NULL,
  PRIMARY KEY (`id`),
  KEY `Product_brand_id_bb588269_fk_Brand_id` (`brand_id`),
  KEY `Product_category_id_0a9a7411_fk_Category_id` (`category_id`),
  KEY `Product_loai_id_fb17ee63_fk_Loai_id` (`loai_id`),
  KEY `Product_age_id_6a3dfee7_fk_Age_id` (`age_id`),
  KEY `Product_discount_id_16b0f032_fk_Discount_id` (`discount_id`),
  KEY `Product_detail_id_d1ef59dd_fk_detail_id` (`detail_id`),
  CONSTRAINT `Product_age_id_6a3dfee7_fk_Age_id` FOREIGN KEY (`age_id`) REFERENCES `age` (`id`),
  CONSTRAINT `Product_brand_id_bb588269_fk_Brand_id` FOREIGN KEY (`brand_id`) REFERENCES `brand` (`id`),
  CONSTRAINT `Product_category_id_0a9a7411_fk_Category_id` FOREIGN KEY (`category_id`) REFERENCES `category` (`id`),
  CONSTRAINT `Product_detail_id_d1ef59dd_fk_detail_id` FOREIGN KEY (`detail_id`) REFERENCES `detail` (`id`),
  CONSTRAINT `Product_discount_id_16b0f032_fk_Discount_id` FOREIGN KEY (`discount_id`) REFERENCES `discount` (`id`),
  CONSTRAINT `Product_loai_id_fb17ee63_fk_Loai_id` FOREIGN KEY (`loai_id`) REFERENCES `loai` (`id`)
) ENGINE=InnoDB AUTO_INCREMENT=303 DEFAULT CHARSET=utf8mb4 COLLATE=utf8mb4_0900_ai_ci;
/*!40101 SET character_set_client = @saved_cs_client */;

--
-- Dumping data for table `product`
--

LOCK TABLES `product` WRITE;
/*!40000 ALTER TABLE `product` DISABLE KEYS */;
INSERT INTO `product` VALUES (13,'Laptop ASUS ROG Strix G16 G614JV-N4261W','ASUS Siêu Bền bỉ - Chiến game khỏe, đồ họa cực phê',1,14,3,1,6,1,12,55990000),(14,'Laptop ASUS ROG Zephyrus G14 GA402NJ-L4056W','ASUS Siêu Bền bỉ - Chiến game khỏe, đồ họa cực phê',1,14,3,1,NULL,1,18,39990000),(15,'Laptop ASUS TUF Gaming F15 FX507ZU4 LP054W','ASUS Siêu Bền bỉ - Chiến game khỏe, đồ họa cực phê',1,14,3,1,8,1,20,36990000),(16,'Laptop Asus TUF Gaming F15 FX506LHB-HN188W','ASUS Siêu Bền bỉ - Chiến game khỏe, đồ họa cực phê',1,14,3,1,NULL,1,20,14989999),(17,'Laptop Asus ROG Strix 2022 G17 G713RM-LL016W','ASUS Siêu Bền bỉ - Chiến game khỏe, đồ họa cực phê',1,14,3,1,NULL,1,20,48990000),(18,'Laptop Asus ROG Zephyrus G15 GA503RM-LN006W','ASUS Siêu Bền bỉ - Chiến game khỏe, đồ họa cực phê',1,14,3,1,NULL,1,20,24990000),(19,'Laptop ASUS ROG Zephyrus G14 GA402RJ-L8030W','ASUS Siêu Bền bỉ - Chiến game khỏe, đồ họa cực phê',1,14,3,1,NULL,1,20,29990000),(20,'Laptop Gaming ASUS ROG FLOW X16 2023','Laptop Gaming ASUS ROG FLOW X16 2023',1,14,3,1,NULL,1,17,58990000),(21,'Laptop Gaming ASUS ROG Zephyrus G14 2023','ASUS Siêu Bền bỉ - Chiến game khỏe, đồ họa cực phê',1,14,3,1,NULL,1,20,37990000),(22,'Laptop Gaming ASUS ROG Flow X13 2023 GV302XI','ASUS Siêu Bền bỉ - Chiến game khỏe, đồ họa cực phê',1,14,3,1,NULL,1,20,29990000),(23,'Laptop Gaming ASUS ROG FLOW Z13 2023 GZ301','ASUS Siêu Bền bỉ - Chiến game khỏe, đồ họa cực phê',1,14,3,1,NULL,1,20,52999000),(24,'Laptop Asus TUF Gaming F15 FX507ZC','ASUS Siêu Bền bỉ - Chiến game khỏe, đồ họa cực phê',1,29,3,2,NULL,1,20,15990000),(25,'Laptop ASUS Zenbook Pro 14 OLED UX6404VV-P4069W','ASUS Siêu Bền bỉ - Chiến game khỏe, đồ họa cực phê',1,14,4,1,5,1,20,54990000),(26,'Laptop Asus Zenbook 14 OLED UX3402VA-KM085W','ASUS Siêu Bền bỉ - Chiến game khỏe, đồ họa cực phê',1,14,4,1,7,1,20,29990000),(27,'Laptop Asus Vivobook 15X OLED S3504VA L1226W','ASUS Siêu Bền bỉ - Chiến game khỏe, đồ họa cực phê',1,14,4,1,6,1,20,21990000),(28,'Laptop Asus Vivobook S5402ZA-IS74-M003Y0','ASUS Siêu Bền bỉ - Chiến game khỏe, đồ họa cực phê',1,14,4,1,6,1,20,19990000),(29,'Laptop Asus Vivobook K3500P','ASUS Siêu Bền bỉ - Chiến game khỏe, đồ họa cực phê',1,29,4,2,5,1,20,16990000),(30,'Laptop ASUS Vivobook Go 14 E1404FA-NK177W','ASUS Siêu Bền bỉ - Chiến game khỏe, đồ họa cực phê',1,14,4,1,7,1,20,16990000),(31,'Laptop HP Pavilion 14-DV2051TU 6K7G8PA','ASUS Siêu Bền bỉ - Chiến game khỏe, đồ họa cực phê',3,17,4,1,11,1,13,19990000),(32,'Laptop Asus Expert Book P2451FA-BV3022','ASUS Siêu Bền bỉ - Chiến game khỏe, đồ họa cực phê',1,14,4,1,NULL,1,20,14490000),(33,'Laptop Asus Vivobook 15 A515EA-BQ1530W','ASUS Siêu Bền bỉ - Chiến game khỏe, đồ họa cực phê',1,14,4,1,NULL,1,20,8990000),(34,'Laptop Asus Vivobook 14X OLED A1403ZA-KM161W','ASUS Siêu Bền bỉ - Chiến game khỏe, đồ họa cực phê',1,14,4,1,NULL,1,20,16990000),(35,'Laptop Asus Vivobook X515EP EJ405W','ASUS Siêu Bền bỉ - Chiến game khỏe, đồ họa cực phê',1,14,4,1,NULL,1,20,15790000),(36,'Laptop Asus Vivobook A15 A515EA L12033T','ASUS Siêu Bền bỉ - Chiến game khỏe, đồ họa cực phê',1,14,4,1,NULL,1,20,17990000),(37,'Laptop Dell Gaming G16 7630 R1948W','Dell Siêu Bền bỉ - Chiến game khỏe, đồ họa cực phê',2,15,3,1,5,1,19,49990000),(38,'Laptop Dell Gaming G15 5530 i7H165W11GR4060','Dell Siêu Bền bỉ - Chiến game khỏe, đồ họa cực phê',2,15,3,1,6,1,20,45990000),(39,'Laptop Dell G15 5520','Dell Siêu Bền bỉ - Chiến game khỏe, đồ họa cực phê',2,25,3,2,7,1,20,29990000),(40,'Laptop Dell G15 5511','Dell Siêu Bền bỉ - Chiến game khỏe, đồ họa cực phê',2,15,3,1,8,1,20,22990000),(42,'Laptop Dell Inspiron 5577','Dell Siêu Bền bỉ - Chiến game khỏe, đồ họa cực phê',2,25,3,2,4,1,20,11990000),(43,'Laptop Dell Inspiron G7 7588','Dell Siêu Bền bỉ - Chiến game khỏe, đồ họa cực phê',2,25,3,2,11,1,11,16990000),(44,'Laptop Dell Vostro 3405-R1505D','Dell Siêu Bền bỉ - Chiến game khỏe, đồ họa cực phê',2,15,3,1,9,1,20,12990000),(45,'Laptop Dell Inspiron G5 15 5500','Dell Siêu Bền bỉ - Chiến game khỏe, đồ họa cực phê',2,25,3,2,NULL,1,20,8390000),(46,'Laptop Dell Inspiron 3505-0M1T4','Dell Siêu Bền bỉ - Chiến game khỏe, đồ họa cực phê',2,15,3,1,NULL,1,20,8790000),(47,'Laptop Dell Inspiron N3505 Y1N1T1','Dell Siêu Bền bỉ - Chiến game khỏe, đồ họa cực phê',2,15,3,1,NULL,1,20,13500000),(48,'Laptop Dell Alienware X16 R1 (2023)','Dell Siêu Bền bỉ - Chiến game khỏe, đồ họa cực phê',2,15,3,1,NULL,1,20,46800000),(49,'Laptop Dell G16 7620','Dell Siêu Bền bỉ - Chiến game khỏe, đồ họa cực phê',2,15,3,1,NULL,1,20,26990000),(50,'Laptop Dell Inspiron 14 5430 i5P165W11SLD2','Dell Siêu Bền bỉ - Chiến game khỏe, đồ họa cực phê',2,15,4,1,1,1,20,25990000),(51,'Laptop Dell XPS 13 Plus 9320','Dell Siêu Bền bỉ - Chiến game khỏe, đồ họa cực phê',2,15,4,1,7,1,20,29990000),(52,'Laptop Dell Vostro 5630 i5P085W11GRU','Dell Siêu Bền bỉ - Chiến game khỏe, đồ họa cực phê',2,15,4,1,6,1,20,25990000),(53,'Laptop Dell Inspiron 13 5330 R1808S','Dell Siêu Bền bỉ - Chiến game khỏe, đồ họa cực phê',2,15,4,1,9,1,20,29990000),(54,'Laptop Dell Inspiron 14 7430 2 in 1 CN29D','Dell Siêu Bền bỉ - Chiến game khỏe, đồ họa cực phê',2,15,4,1,7,1,20,25990000),(55,'Laptop Dell Inspiron 16 7620','Dell Siêu Bền bỉ - Chiến game khỏe, đồ họa cực phê',2,15,4,1,6,1,20,22990000),(56,'Laptop Dell XPS 13 9305','Dell Siêu Bền bỉ - Chiến game khỏe, đồ họa cực phê',2,15,4,1,7,1,20,22990000),(57,'Laptop Dell Vostro 15 3530 80GG9','Dell Siêu Bền bỉ - Chiến game khỏe, đồ họa cực phê',2,15,4,1,9,1,20,25990000),(58,'Laptop Lenovo Legion Slim 5 16IRH8 82YA00BUVN','Lenovo Siêu Bền bỉ - Chiến game khỏe, đồ họa cực phê',5,16,3,1,7,1,20,49990000),(59,'Laptop LENOVO Legion Slim 5 16APH8 82Y9002YVN','Lenovo Siêu Bền bỉ - Chiến game khỏe, đồ họa cực phê',5,16,3,1,6,1,20,42990000),(60,'Laptop Lenovo Legion Slim 5 16IRH8 82YA008HVN','Lenovo Siêu Bền bỉ - Chiến game khỏe, đồ họa cực phê',5,16,3,1,4,1,20,37990000),(61,'Laptop Lenovo Legion Slim 5 16IRH8 82YA00BSVN','Lenovo Siêu Bền bỉ - Chiến game khỏe, đồ họa cực phê',5,16,3,1,6,1,20,39990000),(62,'Laptop Lenovo Ideapad Gaming 3 15ARH7 82SB00JUVN','Lenovo Siêu Bền bỉ - Chiến game khỏe, đồ họa cực phê',5,16,3,1,6,1,20,25990000),(63,'Laptop Gaming Mới Legion Y530','Lenovo Siêu Bền bỉ - Chiến game khỏe, đồ họa cực phê',5,16,3,1,NULL,1,20,21590000),(64,'Laptop Lenovo Ideapad Gaming 3 15IHU6 82K100LNUS','Lenovo Siêu Bền bỉ - Chiến game khỏe, đồ họa cực phê',5,16,3,1,8,1,20,19990000),(65,'Laptop LENOVO Legion 5 15ARH7 82RE0035VN 2022','Lenovo Siêu Bền bỉ - Chiến game khỏe, đồ họa cực phê',5,16,3,1,NULL,1,20,23990000),(66,'Laptop Lenovo Slim 7 ProX 14ARH7 82V20003US','Lenovo Siêu Bền bỉ - Chiến game khỏe, đồ họa cực phê',5,16,4,1,6,1,20,25990000),(67,'Laptop Lenovo ThinkPad T16 Gen 1 21CH000JUS','Lenovo Siêu Bền bỉ - Chiến game khỏe, đồ họa cực phê',5,16,4,1,6,1,20,25990000),(68,'Laptop Lenovo IdeaPad Slim 5 Light 14ABR8 82XS0007VN','Lenovo Siêu Bền bỉ - Chiến game khỏe, đồ họa cực phê',5,16,4,1,7,1,20,22990000),(69,'Laptop Lenovo Slim 7 14IRP8 83A40005US - Intel Core i5-1340P','Lenovo Siêu Bền bỉ - Chiến game khỏe, đồ họa cực phê',5,16,4,1,6,1,20,19990000),(70,'Laptop Lenovo IdeaPad 5 Pro 16ACH6 82L500F5US','Lenovo Siêu Bền bỉ - Chiến game khỏe, đồ họa cực phê',5,16,4,1,9,1,19,19990000),(71,'Laptop Lenovo Ideapad 5 Pro 14IAP7 82SH0004US','Lenovo Siêu Bền bỉ - Chiến game khỏe, đồ họa cực phê',5,16,4,1,9,1,20,19990000),(72,'Laptop Lenovo IdeaPad 3 14IIL05 81WD00BFVN','Lenovo Siêu Bền bỉ - Chiến game khỏe, đồ họa cực phê',5,16,4,1,NULL,1,20,13890000),(73,'Laptop Lenovo V14 G3 IAP 82TS00AXVN','Lenovo Siêu Bền bỉ - Chiến game khỏe, đồ họa cực phê',5,16,4,1,6,1,20,13990000),(74,'Laptop Lenovo Thinkpad L480','Lenovo Siêu Bền bỉ - Chiến game khỏe, đồ họa cực phê',5,27,4,2,10,1,20,10990000),(75,'Laptop Lenovo IdeaPad 3 14ABA7 82RM003UVN (2022)','Lenovo Siêu Bền bỉ - Chiến game khỏe, đồ họa cực phê',5,16,4,1,NULL,1,20,12990000),(76,'Laptop Lenovo Thinkpad E14 Gen 2-ITU 20TA002LVA','Lenovo Siêu Bền bỉ - Chiến game khỏe, đồ họa cực phê',5,16,4,1,NULL,1,19,12990000),(77,'Laptop HP Envy x360 2 in 1 15-fe0053dx 7H9Y3UA','HP Siêu Bền bỉ - Chiến game khỏe, đồ họa cực phê',3,17,4,1,8,1,19,26990000),(78,'Laptop HP Pavilion X360 14-EK0057TU 6K7E0PA','HP Siêu Bền bỉ - Chiến game khỏe, đồ họa cực phê',3,17,4,1,6,1,19,22990000),(79,'Laptop HP Pavilion 15 EG2084TU 7C0Q6PA','HP Siêu Bền bỉ - Chiến game khỏe, đồ họa cực phê',3,17,4,1,6,1,20,17990000),(80,'Laptop HP 15s-fq5163TU 7C135PA','HP Siêu Bền bỉ - Chiến game khỏe, đồ họa cực phê',3,17,4,1,6,1,20,16990000),(81,'Laptop HP Elitebook 840 G8','HP Siêu Bền bỉ - Chiến game khỏe, đồ họa cực phê',3,26,4,2,8,1,20,16990000),(82,'Laptop HP ProBook 440 G7','HP Siêu Bền bỉ - Chiến game khỏe, đồ họa cực phê',3,26,4,2,10,1,20,13990000),(83,'Laptop HP Notebook 14s cr2005tu','HP Siêu Bền bỉ - Chiến game khỏe, đồ họa cực phê',3,26,4,2,10,1,18,13990000),(84,'Laptop HP Elitebook 840 G3','HP Siêu Bền bỉ - Chiến game khỏe, đồ họa cực phê',3,26,4,2,12,1,18,10800000),(85,'Laptop HP Probook 640 G2','HP Siêu Bền bỉ - Chiến game khỏe, đồ họa cực phê',3,26,4,2,9,1,20,6990000),(86,'Laptop HP 15 dy2089ms 4W2K3UA','HP Siêu Bền bỉ - Chiến game khỏe, đồ họa cực phê',3,17,4,1,NULL,1,20,15990000),(87,'Laptop HP Pavilion 15-EG2062TU 6K790PA','HP Siêu Bền bỉ - Chiến game khỏe, đồ họa cực phê',3,17,4,1,NULL,1,20,13290000),(88,'CPU AMD Ryzen 5-4600G','CPU Siêu Bền bỉ - Chiến game khỏe',11,32,8,1,NULL,5,20,2599000),(89,'CPU AMD Ryzen 5-5600X','CPU Siêu Bền bỉ - Chiến game khỏe',11,32,8,1,7,5,19,9399000),(90,'CPU Intel Core i3-13100','CPU Siêu Bền bỉ - Chiến game khỏe',12,39,8,1,NULL,5,20,2950000),(91,'CPU Intel Core i5-13400','CPU Siêu Bền bỉ - Chiến game khỏe',12,39,8,1,7,5,19,6990000),(92,'CPU Intel Core i3-13100F','CPU Siêu Bền bỉ - Chiến game khỏe',12,39,8,1,6,5,19,3390000),(93,'CPU Intel Core i5-13400F','CPU Siêu Bền bỉ - Chiến game khỏe',12,39,8,1,5,5,20,5390000),(94,'CPU Intel Pentium Gold-G6405','CPU Siêu Bền bỉ - Chiến game khỏe',12,39,8,1,6,5,20,1899000),(95,'CPU Intel Celeron-G5900','CPU Siêu Bền bỉ - Chiến game khỏe',12,39,8,1,11,5,20,2199000),(96,'CPU Intel Core i3-9100','CPU Siêu Bền bỉ - Chiến game khỏe',12,39,8,1,4,5,20,3999000),(97,'CPU Intel Core i5-10400','CPU Siêu Bền bỉ - Chiến game khỏe',12,39,8,1,10,5,20,5099000),(98,'Card đồ họa VGA RTX 3060','Card Siêu Bền bỉ - Chiến game khỏe',1,34,8,1,4,6,11,8990000),(99,'Card đồ họa VGA Asus Phoenix GTX 1650','Card Siêu Bền bỉ - Chiến game khỏe',1,34,8,1,10,6,16,5990000),(100,'Card đồ họa VGA Gigabyte Geforce GT 710','Card Siêu Bền bỉ - Chiến game khỏe',7,34,8,1,11,6,20,1099000),(101,'Card đồ họa VGA ASUS TUF GTX 1660','Card Siêu Bền bỉ - Chiến game khỏe',1,34,8,1,6,6,20,6099000),(102,'Card đồ họa VGA Asus TUF GTX 1650','Card Siêu Bền bỉ - Chiến game khỏe',1,34,8,1,10,6,18,5990000),(103,'Card đồ họa VGA Gigabyte GTX 1650','Card Siêu Bền bỉ - Chiến game khỏe',7,34,8,1,4,6,17,6990000),(104,'RAM Laptop DDR5 16GB Samsung bus 5600Mhz','Ram Siêu Bền bỉ - Chiến game khỏe',8,42,8,1,7,4,20,1650000),(105,'RAM Laptop TeamGroup Elite 16GB DDR4 bus 3200MHz','Ram Siêu Bền bỉ - Chiến game khỏe',13,42,8,1,7,4,20,1890000),(106,'RAM Laptop DDR5 16GB Samsung bus 4800Mhz','Ram Siêu Bền bỉ - Chiến game khỏe',8,42,8,1,9,4,20,1290000),(107,'RAM Laptop Kingston DDR4 16GB bus 2666MHz','Ram Siêu Bền bỉ - Chiến game khỏe',15,42,8,1,13,4,20,1899000),(108,'RAM Laptop Kingston DDR4 bus 3200MHz 16GB','Ram Siêu Bền bỉ - Chiến game khỏe',15,42,8,1,13,4,20,1990000),(109,'RAM Laptop DDR5 8GB Kingston bus 4800Mhz','Ram Siêu Bền bỉ - Chiến game khỏe',15,42,8,1,12,4,20,1590000),(110,'RAM Laptop Kingmax 16GB DDR4 bus 2666MHz','Ram Siêu Bền bỉ - Chiến game khỏe',14,42,8,1,6,4,20,990000),(111,'RAM Laptop Samsung 16GB DDR4 bus 3200MHz','Ram Siêu Bền bỉ - Chiến game khỏe',8,42,8,1,6,4,20,990000),(112,'RAM Laptop DDR5 8GB Crucial bus 4800Mhz','Ram Siêu Bền bỉ - Chiến game khỏe',16,42,8,1,12,4,20,1590000),(113,'RAM Laptop DDR4 16GB TeamGroup Elite bus 2666Mhz','Ram Siêu Bền bỉ - Chiến game khỏe',13,42,8,1,7,4,20,990000),(114,'RAM Laptop Samsung 16GB DDR4 bus 2400MHz','Ram Siêu Bền bỉ - Chiến game khỏe',8,42,8,1,5,4,20,900000),(115,'RAM Laptop PNY 16GB DDR4 bus 2666MHz','Ram Siêu Bền bỉ - Chiến game khỏe',20,42,8,1,7,4,20,999000),(116,'RAM Laptop DDR5 8GB Samsung bus 5600Mhz','Ram Siêu Bền bỉ - Chiến game khỏe',8,42,8,1,9,4,20,1050000),(117,'RAM Laptop DDR5 8GB Samsung bus 4800Mhz','Ram Siêu Bền bỉ - Chiến game khỏe',8,42,8,1,9,4,20,1100000),(118,'RAM Laptop DDR5 8GB SK Hynix bus 4800Mhz','Ram Siêu Bền bỉ - Chiến game khỏe',21,42,8,1,8,4,20,990000),(119,'RAM Laptop TeamGroup Elite 8GB DDR4 bus 3200MHz','Ram Siêu Bền bỉ - Chiến game khỏe',13,42,8,1,7,4,20,890000),(120,'RAM Laptop DDR4 8GB Patriot bus 3200Mhz','Ram Siêu Bền bỉ - Chiến game khỏe',17,42,8,1,9,4,20,899000),(121,'Ram Laptop DDR4 Kingston bus 3200MHz 8GB','Ram Siêu Bền bỉ - Chiến game khỏe',15,42,8,1,10,4,20,929000),(122,'RAM Laptop 8GB DDR4 Micron bus 3200Mhz','Ram Siêu Bền bỉ - Chiến game khỏe',18,42,8,1,9,4,20,690000),(123,'RAM Laptop 8GB DDR4 Adata AD4S32008G22-SGN','Ram Siêu Bền bỉ - Chiến game khỏe',19,42,8,1,10,4,20,689000),(124,'RAM Laptop DDR4 8GB TeamGroup Elite bus 2666Mhz','Ram Siêu Bền bỉ - Chiến game khỏe',13,42,8,1,8,4,20,599000),(125,'RAM laptop PNY Gaming 8GB DDR4 bus 3200MHz','Ram Siêu Bền bỉ - Chiến game khỏe',20,42,8,1,6,4,20,520000),(126,'RAM Laptop Kingston DDR4 bus 3200 4GB','Ram Siêu Bền bỉ - Chiến game khỏe',15,42,8,1,9,4,20,599000),(127,'RAM Laptop Kingston DDR4 bus 2666MHz 4GB','Ram Siêu Bền bỉ - Chiến game khỏe',15,42,8,1,9,4,20,590000),(128,'RAM laptop SK Hynix DDR4 4GB bus 3200MHz','Ram Siêu Bền bỉ - Chiến game khỏe',21,42,8,1,8,4,20,550000),(129,'RAM Laptop Samsung DDR4 4GB Bus 3200Mhz','Ram Siêu Bền bỉ - Chiến game khỏe',8,42,8,1,11,4,20,490000),(130,'RAM Laptop Samsung 8GB DDR3L bus 1600Mhz','Ram Siêu Bền bỉ - Chiến game khỏe',8,42,8,1,8,4,20,399000),(131,'RAM laptop 8GB DDR3L SK Hynix bus 1600Mhz','Ram Siêu Bền bỉ - Chiến game khỏe',21,42,8,1,9,4,20,399000),(132,'Ổ cứng SSD NVMe 2TB Kingston KC2500 SKC2500M8','Harddrive Siêu Bền bỉ - Chiến game khỏe',15,37,8,1,15,3,20,7500000),(133,'Ổ cứng SSD NVMe 2TB Kingston NV2','Harddrive Siêu Bền bỉ - Chiến game khỏe',15,37,8,1,10,3,20,3990000),(134,'Ổ cứng SSD NVMe 2TB Crucial CT2000P2SSD8','Harddrive Siêu Bền bỉ - Chiến game khỏe',16,37,8,1,7,3,20,2999000),(135,'Ổ cứng SSD NVMe 1TB Samsung 990 PRO MZ','Harddrive Siêu Bền bỉ - Chiến game khỏe',8,37,8,1,8,3,20,2990000),(136,'Ổ cứng SSD 1TB Samsung PCIe NVMe','Harddrive Siêu Bền bỉ - Chiến game khỏe',8,37,8,1,5,3,20,1990000),(137,'Ổ cứng SSD NVMe 1TB Samsung 970','Harddrive Siêu Bền bỉ - Chiến game khỏe',8,37,8,1,7,3,20,1990000),(138,'Ổ cứng SSD 2.5 Inch 1TB Samsung 870','Harddrive Siêu Bền bỉ - Chiến game khỏe',8,37,8,1,7,3,20,1990000),(139,'Ổ cứng SSD NVMe 1TB Kingston NV2 SNV2S','Harddrive Siêu Bền bỉ - Chiến game khỏe',15,37,8,1,12,3,20,2550000),(140,'Ổ cứng SSD 1TB 2.5 Inch Crucial BX500 CT1000BX500SSD1','Harddrive Siêu Bền bỉ - Chiến game khỏe',16,37,8,1,10,3,20,1990000),(141,'Ổ cứng SSD NVMe 1TB Samsung PM991 M.2 2280','Harddrive Siêu Bền bỉ - Chiến game khỏe',8,37,8,1,NULL,3,20,1250000),(142,'Ổ cứng HDD 2.5 Inch WD Blue 5400rpm WD20SPZX-22UA7T0','Harddrive Siêu Bền bỉ - Chiến game khỏe',22,40,8,1,NULL,3,20,1690000),(143,'Màn Hình Di Động LG Gram View 16MR70.ASDA5 16 inch QHD','Màn Hình Siêu Bền bỉ - Chiến game khỏe',6,47,8,1,NULL,2,20,9890000),(144,'Màn hình máy tính Lenovo Legion Y27-30 - 27 Inch FHD IPS 180Hz','Màn Hình Siêu Bền bỉ - Chiến game khỏe',5,54,8,1,NULL,2,20,6299000),(145,'Màn hình máy tính 24 Inch Acer EK241Y Full HD 75Hz','Màn Hình Siêu Bền bỉ - Chiến game khỏe',4,49,8,1,7,2,20,4599000),(146,'Màn hình máy tính 27 inch Viewsonic VX2717-C-MH','Màn Hình Siêu Bền bỉ - Chiến game khỏe',25,50,8,1,NULL,2,20,3090000),(147,'Màn hình 23.6 Inch Viewsonic VA2409-H FullHD','Màn Hình Siêu Bền bỉ - Chiến game khỏe',25,50,8,1,10,2,20,3990000),(148,'Màn hình 22 Inch ViewSonic VA2223-H Full HD','Màn Hình Siêu Bền bỉ - Chiến game khỏe',25,50,8,1,11,2,20,3599000),(149,'Màn hình 22 Inch Acer AOPEN 22CV1Q Full HD','Màn Hình Siêu Bền bỉ - Chiến game khỏe',4,49,8,1,11,2,20,3599000),(150,'Màn hình Dell E2417H 24 Inch Cũ / Full HD / 60Hz','Màn Hình Siêu Bền bỉ - Chiến game khỏe',2,51,8,2,11,1,19,3299000),(151,'Intel Core i9-13980HX','',12,39,8,3,NULL,NULL,NULL,NULL),(152,'AMD Ryzen 7-7735HS','CPU Siêu Bền bỉ - Chiến game khỏe',11,32,8,3,NULL,NULL,NULL,NULL),(153,'Intel Core i7-12700H','CPU Siêu Bền bỉ - Chiến game khỏe',12,39,8,3,NULL,NULL,NULL,NULL),(155,'AMD Ryzen 7-6800H','CPU Siêu Bền bỉ - Chiến game khỏe',11,32,8,3,NULL,NULL,NULL,NULL),(156,'AMD Ryzen 7-6800HS','CPU Siêu Bền bỉ - Chiến game khỏe',11,32,8,3,NULL,NULL,NULL,NULL),(158,'AMD Ryzen 9-7940HS','CPU Siêu Bền bỉ - Chiến game khỏe',11,32,8,3,NULL,NULL,NULL,NULL),(160,'Intel Core i5-11300H','CPU Siêu Bền bỉ - Chiến game khỏe',12,39,8,3,NULL,NULL,NULL,NULL),(161,'AMD Ryzen 5-7520U','CPU Siêu Bền bỉ - Chiến game khỏe',11,32,8,3,NULL,NULL,NULL,NULL),(163,'Intel Core i3-10110U','CPU Siêu Bền bỉ - Chiến game khỏe',12,39,8,3,NULL,NULL,NULL,NULL),(164,'Intel Core i3-1115G4','CPU Siêu Bền bỉ - Chiến game khỏe',12,39,8,3,NULL,NULL,NULL,NULL),(165,'Intel Core i5-12500H','CPU Siêu Bền bỉ - Chiến game khỏe',12,39,8,3,NULL,NULL,NULL,NULL),(167,'Intel Core i9-13900HX','CPU Siêu Bền bỉ - Chiến game khỏe',12,39,8,3,NULL,NULL,NULL,NULL),(168,'Intel Core i7-13650HX','CPU Siêu Bền bỉ - Chiến game khỏe',12,39,8,3,NULL,NULL,NULL,NULL),(169,'Intel Core i5-11400H','CPU Siêu Bền bỉ - Chiến game khỏe',12,39,8,3,NULL,NULL,NULL,NULL),(170,'Intel Core i5-10300H','CPU Siêu Bền bỉ - Chiến game khỏe',12,39,8,3,NULL,NULL,NULL,NULL),(171,'Intel Core i7-7700HQ','CPU Siêu Bền bỉ - Chiến game khỏe',12,39,8,3,NULL,NULL,NULL,NULL),(173,'AMD Ryzen 5-3500U','CPU Siêu Bền bỉ - Chiến game khỏe',11,32,8,3,NULL,NULL,NULL,NULL),(174,'Intel Core i7-10750H','CPU Siêu Bền bỉ - Chiến game khỏe',12,39,8,3,NULL,NULL,NULL,NULL),(175,'AMD Ryzen 5-3450U','CPU Siêu Bền bỉ - Chiến game khỏe',11,32,8,3,NULL,NULL,NULL,NULL),(176,'AMD Ryzen 3-3250U','CPU Siêu Bền bỉ - Chiến game khỏe',11,32,8,3,NULL,NULL,NULL,NULL),(177,'Intel Core i7-13700H','CPU Siêu Bền bỉ - Chiến game khỏe',12,39,8,3,NULL,NULL,NULL,NULL),(179,'Intel Core i5-1240P','CPU Siêu Bền bỉ - Chiến game khỏe',12,39,8,3,NULL,NULL,NULL,NULL),(180,'Intel Core i7-1360P','CPU Siêu Bền bỉ - Chiến game khỏe',12,39,8,3,NULL,NULL,NULL,NULL),(182,'Intel Core i7-1260P','CPU Siêu Bền bỉ - Chiến game khỏe',12,39,8,3,NULL,NULL,NULL,NULL),(183,'Intel Core i7-1165G7','CPU Siêu Bền bỉ - Chiến game khỏe',12,39,8,3,NULL,NULL,NULL,NULL),(184,'Intel Core i5-1335u','CPU Siêu Bền bỉ - Chiến game khỏe',12,39,8,3,NULL,NULL,NULL,NULL),(185,'AMD Ryzen 7-7840HS','CPU Siêu Bền bỉ - Chiến game khỏe',12,39,8,3,NULL,NULL,NULL,NULL),(186,'Intel Core i5-13500H','CPU Siêu Bền bỉ - Chiến game khỏe',12,39,8,3,NULL,NULL,NULL,NULL),(187,'AMD Ryzen 5-7535HS','CPU Siêu Bền bỉ - Chiến game khỏe',12,39,8,3,NULL,NULL,NULL,NULL),(188,'Intel Core i7-8750H','CPU Siêu Bền bỉ - Chiến game khỏe',12,39,8,3,NULL,NULL,NULL,NULL),(191,'AMD Ryzen 9-6900HS','CPU Siêu Bền bỉ - Chiến game khỏe',11,32,8,3,NULL,NULL,NULL,NULL),(192,'AMD Ryzen 7-6850U','CPU Siêu Bền bỉ - Chiến game khỏe',11,32,8,3,NULL,NULL,NULL,NULL),(193,'AMD Ryzen 7-7730U','CPU Siêu Bền bỉ - Chiến game khỏe',11,32,8,3,NULL,NULL,NULL,NULL),(194,'Intel Core i5-1340P','CPU Siêu Bền bỉ - Chiến game khỏe',12,39,8,3,NULL,NULL,NULL,NULL),(195,'AMD Ryzen 5-5600H','CPU Siêu Bền bỉ - Chiến game khỏe',11,32,8,3,NULL,NULL,NULL,NULL),(197,'Intel Core i3-1005G1','CPU Siêu Bền bỉ - Chiến game khỏe',12,39,8,3,NULL,NULL,NULL,NULL),(198,'Intel Core i5-1235U','CPU Siêu Bền bỉ - Chiến game khỏe',12,39,8,3,NULL,NULL,NULL,NULL),(199,'Intel Core i5-8250U','CPU Siêu Bền bỉ - Chiến game khỏe',12,39,8,3,NULL,NULL,NULL,NULL),(200,'AMD Ryzen 7-5825U','CPU Siêu Bền bỉ - Chiến game khỏe',11,32,8,3,NULL,NULL,NULL,NULL),(202,'Intel Core i7-1355U','CPU Siêu Bền bỉ - Chiến game khỏe',12,39,8,3,NULL,NULL,NULL,NULL),(205,'Intel Core i7-1185G7','CPU Siêu Bền bỉ - Chiến game khỏe',12,39,8,3,NULL,NULL,NULL,NULL),(206,'Intel Core i5-1135G7','CPU Siêu Bền bỉ - Chiến game khỏe',12,39,8,3,NULL,NULL,NULL,NULL),(207,'Intel Core i5-10210U','CPU Siêu Bền bỉ - Chiến game khỏe',12,39,8,3,NULL,NULL,NULL,NULL),(208,'Intel Core i5-6200U','CPU Siêu Bền bỉ - Chiến game khỏe',12,39,8,3,NULL,NULL,NULL,NULL),(210,'Intel Core i3-1215U','CPU Siêu Bền bỉ - Chiến game khỏe',12,39,8,3,NULL,NULL,NULL,NULL),(211,'RAM 16GB DDR5 4800MHz','',NULL,42,8,3,NULL,NULL,NULL,NULL),(213,'RAM 16GB DDR4','',NULL,42,8,3,NULL,NULL,NULL,NULL),(214,'RAM 8GB DDR4','',NULL,42,8,3,NULL,NULL,NULL,NULL),(215,'RAM 16GB DDR5','',NULL,42,8,3,NULL,NULL,NULL,NULL),(216,'RAM 32GB DDR5','',NULL,42,8,3,NULL,NULL,NULL,NULL),(217,'RAM 16GB LPDDR5','',NULL,42,8,3,NULL,NULL,NULL,NULL),(218,'RAM 32GB LPDDR5','',NULL,42,8,3,NULL,NULL,NULL,NULL),(219,'RAM 16GB DDR4 3200MHz','',NULL,42,8,3,NULL,NULL,NULL,NULL),(220,'RAM 12GB DDR4','',NULL,42,8,3,NULL,NULL,NULL,NULL),(221,'RAM 16GB DDR5 5200Mhz','',NULL,42,8,3,NULL,NULL,NULL,NULL),(222,'RAM 8GB LPDDR5 4800MHz','',NULL,42,8,3,NULL,NULL,NULL,NULL),(223,'RAM 8GB DDR5 4800MHz','',NULL,42,8,3,NULL,NULL,NULL,NULL),(224,'RAM 32GB LPDDR5 6400Mhz','',NULL,42,8,3,NULL,NULL,NULL,NULL),(225,'RAM 8GB LPDDR5','',NULL,42,8,3,NULL,NULL,NULL,NULL),(226,'RAM 8GB DDR4 3200Mhz','',NULL,42,8,3,NULL,NULL,NULL,NULL),(227,'SSD 1TB NVMe','',NULL,37,8,3,NULL,NULL,NULL,NULL),(228,'SSD 512GB NVMe','',NULL,37,8,3,NULL,NULL,NULL,NULL),(230,'SSD 1TB M.2 NVMe™','',NULL,37,8,3,NULL,NULL,NULL,NULL),(231,'SSD 512GB M.2 NVMe™','',NULL,37,8,3,NULL,NULL,NULL,NULL),(232,'SSD 256GB NVMe','',NULL,37,8,3,NULL,NULL,NULL,NULL),(233,'SSD 128GB NVMe','',NULL,37,8,3,NULL,NULL,NULL,NULL),(234,'HDD 1TB','',NULL,40,8,3,NULL,NULL,NULL,NULL),(235,'SSD 2TB NVMe','',NULL,37,8,3,NULL,NULL,NULL,NULL),(236,'SSD 240GB NVMe','',NULL,37,8,3,NULL,NULL,NULL,NULL),(237,'NVIDIA® GeForce RTX™ 4060 8GB GDDR6','',NULL,34,8,3,NULL,NULL,NULL,NULL),(238,'NVIDIA® GeForce RTX™ 3050','',NULL,34,8,3,NULL,NULL,NULL,NULL),(239,'NVIDIA® GeForce RTX™ 4050 6GB GDDR6','',NULL,34,8,3,NULL,NULL,NULL,NULL),(240,'NVIDIA® Geforce GTX 1650','',NULL,34,8,3,NULL,NULL,NULL,NULL),(241,'NVIDIA® GeForce RTX™ 3060 6G DDR6','',NULL,34,8,3,NULL,NULL,NULL,NULL),(242,'AMD Radeon™ RX 6700S 8GB GDDR6','',NULL,34,8,3,NULL,NULL,NULL,NULL),(243,'NVIDIA® GeForce RTX™ 4070','',NULL,34,8,3,NULL,NULL,NULL,NULL),(244,'NVIDIA® GeForce RTX™ 4090','',NULL,34,8,3,NULL,NULL,NULL,NULL),(245,'NVIDIA® GeForce RTX™ 4060','',NULL,34,8,3,NULL,NULL,NULL,NULL),(246,'Intel® Iris® Xe Graphics','',NULL,34,8,3,NULL,NULL,NULL,NULL),(247,'AMD Radeon Vega','',NULL,34,8,3,NULL,NULL,NULL,NULL),(248,'Intel® UHD Graphics','',NULL,34,8,3,NULL,NULL,NULL,NULL),(249,'NVIDIA® GeForce MX330 2GB','',NULL,34,8,3,NULL,NULL,NULL,NULL),(250,'NVIDIA® GeForce RTX™ 3060','',NULL,34,8,3,NULL,NULL,NULL,NULL),(251,'NVIDIA® Geforce GTX 1650Ti','',NULL,34,8,3,NULL,NULL,NULL,NULL),(252,'NVIDIA® Geforce GTX 1050','',NULL,34,8,3,NULL,NULL,NULL,NULL),(253,'Intel® UHD Graphics 630','',NULL,34,8,3,NULL,NULL,NULL,NULL),(254,'NVIDIA® GeForce RTX™ 2060','',NULL,34,8,3,NULL,NULL,NULL,NULL),(255,'AMD Radeon Vega 3','',NULL,34,8,3,NULL,NULL,NULL,NULL),(256,'AMD Radeon Vega 8','',NULL,34,8,3,NULL,NULL,NULL,NULL),(257,'NVIDIA® GeForce RTX™ 40 Series','',NULL,34,8,3,NULL,NULL,NULL,NULL),(258,'NVIDIA® GeForce RTX™ 3050Ti','',NULL,34,8,3,NULL,NULL,NULL,NULL),(259,'NVIDIA® Geforce MX550 2GB GDDR6','',NULL,34,8,3,NULL,NULL,NULL,NULL),(260,'Intel® UHD Graphics 520','',NULL,34,8,3,NULL,NULL,NULL,NULL),(261,'NVIDIA GeForce RTX™ 4050 6GB GDDR6','',NULL,34,8,3,NULL,NULL,NULL,NULL),(262,'NVIDIA® Geforce GTX 1050 4GB','',NULL,34,8,3,NULL,NULL,NULL,NULL),(263,'AMD Radeon™ 680M Graphics','',NULL,34,8,3,NULL,NULL,NULL,NULL),(264,'AMD Radeon™ Graphics','',NULL,34,8,3,NULL,NULL,NULL,NULL),(265,'Intel® UHD Graphics 620','',NULL,34,8,3,NULL,NULL,NULL,NULL),(266,'Intel® HD Graphics 520','',NULL,34,8,3,NULL,NULL,NULL,NULL),(267,'16 Inch QHD+, 240Hz, 100%sRGB','',NULL,10,8,3,NULL,NULL,NULL,NULL),(268,'14 Inch WUXGA (1920 x 1200) 100% sRGB 144Hz','',NULL,10,8,3,NULL,NULL,NULL,NULL),(269,'15.6 Inch FHD 144Hz, 100%sRGB','',NULL,10,8,3,NULL,NULL,NULL,NULL),(270,'15.6 Inch Full HD 144Hz','',NULL,10,8,3,NULL,NULL,NULL,NULL),(271,'17.3 Inch WQHD (2560 x 1440) 240Hz','',NULL,10,8,3,NULL,NULL,NULL,NULL),(272,'15.6 Inch 2K (2560 x1440) IPS 240Hz, 100% sRGB','',NULL,10,8,3,NULL,NULL,NULL,NULL),(273,'14 Inch WQHD (2560 x 1440) 120Hz','',NULL,10,8,3,NULL,NULL,NULL,NULL),(274,'16 inch QHD 100%DCI - P3, 240 Hz','',NULL,10,8,3,NULL,NULL,NULL,NULL),(275,'14 inch QHD 100%DCI-P3, 165Hz miniLED','',NULL,10,8,3,NULL,NULL,NULL,NULL),(276,'13.4 inch QHD+, 100% DCI-P3, 165Hz','',NULL,10,8,3,NULL,NULL,NULL,NULL),(277,'14.5 inch 2.8K OLED 100% DCI-P3','',NULL,10,8,3,NULL,NULL,NULL,NULL),(278,'14.0 Inch OLED WQXGA+','',NULL,10,8,3,NULL,NULL,NULL,NULL),(279,'15.6 Inch Full HD OLED, 100%DCI-P3','',NULL,10,8,3,NULL,NULL,NULL,NULL),(280,'14.5 Inch 2.8K OLED 100% sRGB','',NULL,10,8,3,NULL,NULL,NULL,NULL),(281,'15.6 Inch 2.8K OLED','',NULL,10,8,3,NULL,NULL,NULL,NULL),(282,'14 Inch Full HD','',NULL,10,8,3,NULL,NULL,NULL,NULL),(283,'15.6 Inch Full HD','',NULL,10,8,3,NULL,NULL,NULL,NULL),(284,'16 Inch 2K 240Hz 100% DCI-P3','',NULL,10,8,3,NULL,NULL,NULL,NULL),(285,'15.6 Inch Full HD 165Hz','',NULL,10,8,3,NULL,NULL,NULL,NULL),(286,'16 Inch QHD+, 165Hz, 100%sRGB','',NULL,10,8,3,NULL,NULL,NULL,NULL),(287,'13.4 Inch FHD','',NULL,10,8,3,NULL,NULL,NULL,NULL),(288,'16 Inch FHD','',NULL,10,8,3,NULL,NULL,NULL,NULL),(289,'13.3 Inch QHD','',NULL,10,8,3,NULL,NULL,NULL,NULL),(290,'16 Inch 4K','',NULL,10,8,3,NULL,NULL,NULL,NULL),(291,'13.3 Inch FHD','',NULL,10,8,3,NULL,NULL,NULL,NULL),(292,'15 Inch FHD, 120Mhz','',NULL,10,8,3,NULL,NULL,NULL,NULL),(293,'16 Inch WQXGA (2560x1600) IPS 300nits, 100% sRGB, 165Hz','',NULL,10,8,3,NULL,NULL,NULL,NULL),(294,'16 inch 2K 100% sRGB 165Hz','',NULL,10,8,3,NULL,NULL,NULL,NULL),(295,'14.5 inch 3K 100% sRGB, 120Hz','',NULL,10,8,3,NULL,NULL,NULL,NULL),(296,'14 Inch Full HD, 300nits, IPS 100% sRGB','',NULL,10,8,3,NULL,NULL,NULL,NULL),(297,'14 Inch 2.8K 100% sRGB 120Hz 400 nits','',NULL,10,8,3,NULL,NULL,NULL,NULL),(298,'16 Inch 2.5K (2560x1600), 100% sRGB','',NULL,10,8,3,NULL,NULL,NULL,NULL),(299,'14 inch 2.2K 100% sRGB Touch','',NULL,10,8,3,NULL,NULL,NULL,NULL),(300,'14 Inch Full HD (1920x1080) IPS 300nits','',NULL,10,8,3,NULL,NULL,NULL,NULL),(301,'AMD Radeon Vega 7','',11,32,8,3,NULL,NULL,NULL,NULL),(302,'Intel® UHD Graphics 610','',12,34,8,3,NULL,NULL,NULL,NULL);
/*!40000 ALTER TABLE `product` ENABLE KEYS */;
UNLOCK TABLES;

--
-- Table structure for table `quanhuyen`
--

DROP TABLE IF EXISTS `quanhuyen`;
/*!40101 SET @saved_cs_client     = @@character_set_client */;
/*!50503 SET character_set_client = utf8mb4 */;
CREATE TABLE `quanhuyen` (
  `id` int NOT NULL,
  `quanhuyen` varchar(100) NOT NULL,
  `loai` varchar(30) DEFAULT NULL,
  `thanhpho_id` int NOT NULL,
  PRIMARY KEY (`id`),
  KEY `QuanHuyen_thanhpho_id_c6980507_fk_ThanhPho_id` (`thanhpho_id`),
  CONSTRAINT `QuanHuyen_thanhpho_id_c6980507_fk_ThanhPho_id` FOREIGN KEY (`thanhpho_id`) REFERENCES `thanhpho` (`id`)
) ENGINE=InnoDB DEFAULT CHARSET=utf8mb4 COLLATE=utf8mb4_0900_ai_ci;
/*!40101 SET character_set_client = @saved_cs_client */;

--
-- Dumping data for table `quanhuyen`
--

LOCK TABLES `quanhuyen` WRITE;
/*!40000 ALTER TABLE `quanhuyen` DISABLE KEYS */;
INSERT INTO `quanhuyen` VALUES (1,'Quận Ba Đình','Quận',1),(2,'Quận Hoàn Kiếm','Quận',1),(3,'Quận Tây Hồ','Quận',1),(4,'Quận Long Biên','Quận',1),(5,'Quận Cầu Giấy','Quận',1),(6,'Quận Đống Đa','Quận',1),(7,'Quận Hai Bà Trưng','Quận',1),(8,'Quận Hoàng Mai','Quận',1),(9,'Quận Thanh Xuân','Quận',1),(16,'Huyện Sóc Sơn','Huyện',1),(17,'Huyện Đông Anh','Huyện',1),(18,'Huyện Gia Lâm','Huyện',1),(19,'Quận Nam Từ Liêm','Quận',1),(20,'Huyện Thanh Trì','Huyện',1),(21,'Quận Bắc Từ Liêm','Quận',1),(193,'Thành phố Hạ Long','Thành phố',22),(194,'Thành phố Móng Cái','Thành phố',22),(195,'Thành phố Cẩm Phả','Thành phố',22),(196,'Thành phố Uông Bí','Thành phố',22),(198,'Huyện Bình Liêu','Huyện',22),(199,'Huyện Tiên Yên','Huyện',22),(200,'Huyện Đầm Hà','Huyện',22),(201,'Huyện Hải Hà','Huyện',22),(202,'Huyện Ba Chẽ','Huyện',22),(203,'Huyện Vân Đồn','Huyện',22),(205,'Thị xã Đông Triều','Thị xã',22),(206,'Thị xã Quảng Yên','Thị xã',22),(207,'Huyện Cô Tô','Huyện',22),(250,'Huyện Mê Linh','Huyện',1),(268,'Quận Hà Đông','Quận',1),(269,'Thị xã Sơn Tây','Thị xã',1),(271,'Huyện Ba Vì','Huyện',1),(272,'Huyện Phúc Thọ','Huyện',1),(273,'Huyện Đan Phượng','Huyện',1),(274,'Huyện Hoài Đức','Huyện',1),(275,'Huyện Quốc Oai','Huyện',1),(276,'Huyện Thạch Thất','Huyện',1),(277,'Huyện Chương Mỹ','Huyện',1),(278,'Huyện Thanh Oai','Huyện',1),(279,'Huyện Thường Tín','Huyện',1),(280,'Huyện Phú Xuyên','Huyện',1),(281,'Huyện Ứng Hòa','Huyện',1),(282,'Huyện Mỹ Đức','Huyện',1);
/*!40000 ALTER TABLE `quanhuyen` ENABLE KEYS */;
UNLOCK TABLES;

--
-- Table structure for table `ram`
--

DROP TABLE IF EXISTS `ram`;
/*!40101 SET @saved_cs_client     = @@character_set_client */;
/*!50503 SET character_set_client = utf8mb4 */;
CREATE TABLE `ram` (
  `id` bigint NOT NULL AUTO_INCREMENT,
  `capacity` varchar(30) DEFAULT NULL,
  `standram` varchar(30) DEFAULT NULL,
  `speed` varchar(30) DEFAULT NULL,
  `product_id` bigint NOT NULL,
  `image_id` bigint DEFAULT NULL,
  PRIMARY KEY (`id`),
  UNIQUE KEY `RAM_product_id_91b99618_uniq` (`product_id`),
  UNIQUE KEY `RAM_image_id_2093cc4c_uniq` (`image_id`),
  CONSTRAINT `RAM_image_id_2093cc4c_fk_Image_id` FOREIGN KEY (`image_id`) REFERENCES `image` (`id`),
  CONSTRAINT `RAM_product_id_91b99618_fk_Product_id` FOREIGN KEY (`product_id`) REFERENCES `product` (`id`)
) ENGINE=InnoDB AUTO_INCREMENT=45 DEFAULT CHARSET=utf8mb4 COLLATE=utf8mb4_0900_ai_ci;
/*!40101 SET character_set_client = @saved_cs_client */;

--
-- Dumping data for table `ram`
--

LOCK TABLES `ram` WRITE;
/*!40000 ALTER TABLE `ram` DISABLE KEYS */;
INSERT INTO `ram` VALUES (2,'16GB','DDR5','5600Mhz',104,265),(3,'16GB','DDR5','4800Mhz',106,271),(4,'16GB','DDR4','3200Mhz',105,268),(5,'16GB','DDR4','2666MHz',107,274),(6,'16GB','DDR4','3200Mhz',108,277),(7,'8GB','DDR5','4800Mhz',109,280),(8,'16GB','DDR4','2666MHz',110,283),(9,'16GB','DDR4','3200Mhz',111,286),(10,'8GB','DDR5','4800Mhz',112,289),(11,'16GB','DDR4','2666MHz',113,292),(12,'16GB','DDR4','2400MHz',114,295),(13,'16GB','DDR4','2666MHz',115,298),(14,'8GB','DDR5','5600Mhz',116,301),(15,'8GB','DDR5','4800Mhz',117,304),(16,'8GB','DDR5','4800Mhz',118,307),(17,'8GB','DDR4','3200Mhz',119,310),(18,'8GB','DDR4','3200Mhz',120,313),(19,'8GB','DDR4','3200Mhz',121,316),(20,'8GB','DDR4','3200Mhz',122,319),(21,'8GB','DDR4','3200Mhz',123,322),(22,'8GB','DDR4','2666MHz',124,325),(23,'8GB','DDR4','3200Mhz',125,328),(24,'4GB','DDR4','3200Mhz',126,331),(25,'4GB','DDR4','2666MHz',127,334),(26,'4GB','DDR4','3200Mhz',128,337),(27,'4GB','DDR4','3200Mhz',129,340),(28,'8GB','DDR3L','1600MHz',130,343),(29,'8GB','DDR3L','1600MHz',131,346),(30,'16GB','DDR5','4800Mhz',211,NULL),(31,'16GB','DDR4',NULL,213,NULL),(32,'8GB','DDR4',NULL,214,NULL),(33,'16GB','DDR5',NULL,215,NULL),(34,'32GB','DDR5',NULL,216,NULL),(35,'16GB','LPDDR5',NULL,217,NULL),(36,'32GB','LPDDR5',NULL,218,NULL),(37,'16GB','DDR4','3200Mhz',219,NULL),(38,'12GB','DDR4',NULL,220,NULL),(39,'16GB','DDR5','5200Mhz',221,NULL),(40,'8GB','LPDDR5','4800Mhz',222,NULL),(41,'8GB','DDR5','4800Mhz',223,NULL),(42,'32GB','LPDDR5','6400Mhz',224,NULL),(43,'8GB','LPDDR5',NULL,225,NULL),(44,'8GB','DDR4','3200Mhz',226,NULL);
/*!40000 ALTER TABLE `ram` ENABLE KEYS */;
UNLOCK TABLES;

--
-- Table structure for table `status`
--

DROP TABLE IF EXISTS `status`;
/*!40101 SET @saved_cs_client     = @@character_set_client */;
/*!50503 SET character_set_client = utf8mb4 */;
CREATE TABLE `status` (
  `id` bigint NOT NULL AUTO_INCREMENT,
  `status` varchar(40) NOT NULL,
  PRIMARY KEY (`id`)
) ENGINE=InnoDB AUTO_INCREMENT=4 DEFAULT CHARSET=utf8mb4 COLLATE=utf8mb4_0900_ai_ci;
/*!40101 SET character_set_client = @saved_cs_client */;

--
-- Dumping data for table `status`
--

LOCK TABLES `status` WRITE;
/*!40000 ALTER TABLE `status` DISABLE KEYS */;
INSERT INTO `status` VALUES (1,'Đang Tạo Đơn Hàng'),(2,'Tạo Đơn Thành Công'),(3,'Hoàn Thành');
/*!40000 ALTER TABLE `status` ENABLE KEYS */;
UNLOCK TABLES;

--
-- Table structure for table `thanhpho`
--

DROP TABLE IF EXISTS `thanhpho`;
/*!40101 SET @saved_cs_client     = @@character_set_client */;
/*!50503 SET character_set_client = utf8mb4 */;
CREATE TABLE `thanhpho` (
  `id` int NOT NULL,
  `thanhpho` varchar(100) NOT NULL,
  `loai` varchar(30) DEFAULT NULL,
  PRIMARY KEY (`id`)
) ENGINE=InnoDB DEFAULT CHARSET=utf8mb4 COLLATE=utf8mb4_0900_ai_ci;
/*!40101 SET character_set_client = @saved_cs_client */;

--
-- Dumping data for table `thanhpho`
--

LOCK TABLES `thanhpho` WRITE;
/*!40000 ALTER TABLE `thanhpho` DISABLE KEYS */;
INSERT INTO `thanhpho` VALUES (1,'Thành phố Hà Nội','Thành phố Trung ương'),(2,'Tỉnh Hà Giang','Tỉnh'),(4,'Tỉnh Cao Bằng','Tỉnh'),(6,'Tỉnh Bắc Kạn','Tỉnh'),(8,'Tỉnh Tuyên Quang','Tỉnh'),(10,'Tỉnh Lào Cai','Tỉnh'),(11,'Tỉnh Điện Biên','Tỉnh'),(12,'Tỉnh Lai Châu','Tỉnh'),(14,'Tỉnh Sơn La','Tỉnh'),(15,'Tỉnh Yên Bái','Tỉnh'),(17,'Tỉnh Hoà Bình','Tỉnh'),(19,'Tỉnh Thái Nguyên','Tỉnh'),(20,'Tỉnh Lạng Sơn','Tỉnh'),(22,'Tỉnh Quảng Ninh','Tỉnh'),(24,'Tỉnh Bắc Giang','Tỉnh'),(25,'Tỉnh Phú Thọ','Tỉnh'),(26,'Tỉnh Vĩnh Phúc','Tỉnh'),(27,'Tỉnh Bắc Ninh','Tỉnh'),(30,'Tỉnh Hải Dương','Tỉnh'),(31,'Thành phố Hải Phòng','Thành phố Trung ương'),(33,'Tỉnh Hưng Yên','Tỉnh'),(34,'Tỉnh Thái Bình','Tỉnh'),(35,'Tỉnh Hà Nam','Tỉnh'),(36,'Tỉnh Nam Định','Tỉnh'),(37,'Tỉnh Ninh Bình','Tỉnh'),(38,'Tỉnh Thanh Hóa','Tỉnh'),(40,'Tỉnh Nghệ An','Tỉnh'),(42,'Tỉnh Hà Tĩnh','Tỉnh'),(44,'Tỉnh Quảng Bình','Tỉnh'),(45,'Tỉnh Quảng Trị','Tỉnh'),(46,'Tỉnh Thừa Thiên Huế','Tỉnh'),(48,'Thành phố Đà Nẵng','Thành phố Trung ương'),(49,'Tỉnh Quảng Nam','Tỉnh'),(51,'Tỉnh Quảng Ngãi','Tỉnh'),(52,'Tỉnh Bình Định','Tỉnh'),(54,'Tỉnh Phú Yên','Tỉnh'),(56,'Tỉnh Khánh Hòa','Tỉnh'),(58,'Tỉnh Ninh Thuận','Tỉnh'),(60,'Tỉnh Bình Thuận','Tỉnh'),(62,'Tỉnh Kon Tum','Tỉnh'),(64,'Tỉnh Gia Lai','Tỉnh'),(66,'Tỉnh Đắk Lắk','Tỉnh'),(67,'Tỉnh Đắk Nông','Tỉnh'),(68,'Tỉnh Lâm Đồng','Tỉnh'),(70,'Tỉnh Bình Phước','Tỉnh'),(72,'Tỉnh Tây Ninh','Tỉnh'),(74,'Tỉnh Bình Dương','Tỉnh'),(75,'Tỉnh Đồng Nai','Tỉnh'),(77,'Tỉnh Bà Rịa - Vũng Tàu','Tỉnh'),(79,'Thành phố Hồ Chí Minh','Thành phố Trung ương'),(80,'Tỉnh Long An','Tỉnh'),(82,'Tỉnh Tiền Giang','Tỉnh'),(83,'Tỉnh Bến Tre','Tỉnh'),(84,'Tỉnh Trà Vinh','Tỉnh'),(86,'Tỉnh Vĩnh Long','Tỉnh'),(87,'Tỉnh Đồng Tháp','Tỉnh'),(89,'Tỉnh An Giang','Tỉnh'),(91,'Tỉnh Kiên Giang','Tỉnh'),(92,'Thành phố Cần Thơ','Thành phố Trung ương'),(93,'Tỉnh Hậu Giang','Tỉnh'),(94,'Tỉnh Sóc Trăng','Tỉnh'),(95,'Tỉnh Bạc Liêu','Tỉnh'),(96,'Tỉnh Cà Mau','Tỉnh');
/*!40000 ALTER TABLE `thanhpho` ENABLE KEYS */;
UNLOCK TABLES;

--
-- Table structure for table `user`
--

DROP TABLE IF EXISTS `user`;
/*!40101 SET @saved_cs_client     = @@character_set_client */;
/*!50503 SET character_set_client = utf8mb4 */;
CREATE TABLE `user` (
  `id` bigint NOT NULL AUTO_INCREMENT,
  `last_login` datetime(6) DEFAULT NULL,
  `is_superuser` tinyint(1) NOT NULL,
  `first_name` varchar(150) NOT NULL,
  `last_name` varchar(150) NOT NULL,
  `email` varchar(254) NOT NULL,
  `is_staff` tinyint(1) NOT NULL,
  `is_active` tinyint(1) NOT NULL,
  `date_joined` datetime(6) NOT NULL,
  `username` varchar(255) NOT NULL,
  `password` varchar(255) NOT NULL,
  `fullname` varchar(100) NOT NULL,
  `ngaysinh` date DEFAULT NULL,
  `phone` varchar(20) NOT NULL,
  `diachi` longtext NOT NULL,
  `phuongxa_id` int DEFAULT NULL,
  `quanhuyen_id` int DEFAULT NULL,
  `thanhpho_id` int DEFAULT NULL,
  `save_password` varchar(255) DEFAULT NULL,
  PRIMARY KEY (`id`),
  UNIQUE KEY `username` (`username`),
  KEY `User_phuongxa_id_d9ec3c46_fk_PhuongXa_id` (`phuongxa_id`),
  KEY `User_quanhuyen_id_31c631c8_fk_QuanHuyen_id` (`quanhuyen_id`),
  KEY `User_thanhpho_id_78e342bc_fk_ThanhPho_id` (`thanhpho_id`),
  CONSTRAINT `User_phuongxa_id_d9ec3c46_fk_PhuongXa_id` FOREIGN KEY (`phuongxa_id`) REFERENCES `phuongxa` (`id`),
  CONSTRAINT `User_quanhuyen_id_31c631c8_fk_QuanHuyen_id` FOREIGN KEY (`quanhuyen_id`) REFERENCES `quanhuyen` (`id`),
  CONSTRAINT `User_thanhpho_id_78e342bc_fk_ThanhPho_id` FOREIGN KEY (`thanhpho_id`) REFERENCES `thanhpho` (`id`)
) ENGINE=InnoDB AUTO_INCREMENT=15 DEFAULT CHARSET=utf8mb4 COLLATE=utf8mb4_0900_ai_ci;
/*!40101 SET character_set_client = @saved_cs_client */;

--
-- Dumping data for table `user`
--

LOCK TABLES `user` WRITE;
/*!40000 ALTER TABLE `user` DISABLE KEYS */;
INSERT INTO `user` VALUES (1,'2023-11-28 17:45:17.886150',1,'Thanh','Trung','trung2017604049@gmail.com',1,1,'2023-11-09 11:22:22.000000','trung2017604049','pbkdf2_sha1$600000$L47I1HK6L7LsnFRGQFO3ya$faRjj1HlSF2/M80XuUnGmfNL4mI=','Dương Thành Trung','1999-05-23','0325372849','Ngõ 255, Dịch Vọng, Cầu Giấy, Hà Nội',166,5,1,NULL),(14,'2023-11-28 16:50:23.127283',0,'Dương','Trung','trung2017604049@gmail.com',0,1,'2023-11-28 10:21:39.113337','thanhtrung0599','pbkdf2_sha1$600000$ZQMJB2He1PMECw1FgvPWLT$BXLsmxGV0wOMIwrmogaqE012jQA=','Dương Thành Trung','1999-06-23','0325372849','Cẩm Phả, Quảng Ninh',NULL,NULL,NULL,'Huong2017604049@');
/*!40000 ALTER TABLE `user` ENABLE KEYS */;
UNLOCK TABLES;

--
-- Table structure for table `user_groups`
--

DROP TABLE IF EXISTS `user_groups`;
/*!40101 SET @saved_cs_client     = @@character_set_client */;
/*!50503 SET character_set_client = utf8mb4 */;
CREATE TABLE `user_groups` (
  `id` bigint NOT NULL AUTO_INCREMENT,
  `user_id` bigint NOT NULL,
  `group_id` int NOT NULL,
  PRIMARY KEY (`id`),
  UNIQUE KEY `User_groups_user_id_group_id_d63e199e_uniq` (`user_id`,`group_id`),
  KEY `User_groups_group_id_328392a3_fk_auth_group_id` (`group_id`),
  CONSTRAINT `User_groups_group_id_328392a3_fk_auth_group_id` FOREIGN KEY (`group_id`) REFERENCES `auth_group` (`id`),
  CONSTRAINT `User_groups_user_id_8f675f72_fk_User_id` FOREIGN KEY (`user_id`) REFERENCES `user` (`id`)
) ENGINE=InnoDB DEFAULT CHARSET=utf8mb4 COLLATE=utf8mb4_0900_ai_ci;
/*!40101 SET character_set_client = @saved_cs_client */;

--
-- Dumping data for table `user_groups`
--

LOCK TABLES `user_groups` WRITE;
/*!40000 ALTER TABLE `user_groups` DISABLE KEYS */;
/*!40000 ALTER TABLE `user_groups` ENABLE KEYS */;
UNLOCK TABLES;

--
-- Table structure for table `user_user_permissions`
--

DROP TABLE IF EXISTS `user_user_permissions`;
/*!40101 SET @saved_cs_client     = @@character_set_client */;
/*!50503 SET character_set_client = utf8mb4 */;
CREATE TABLE `user_user_permissions` (
  `id` bigint NOT NULL AUTO_INCREMENT,
  `user_id` bigint NOT NULL,
  `permission_id` int NOT NULL,
  PRIMARY KEY (`id`),
  UNIQUE KEY `User_user_permissions_user_id_permission_id_af0f54ec_uniq` (`user_id`,`permission_id`),
  KEY `User_user_permission_permission_id_8e998ba4_fk_auth_perm` (`permission_id`),
  CONSTRAINT `User_user_permission_permission_id_8e998ba4_fk_auth_perm` FOREIGN KEY (`permission_id`) REFERENCES `auth_permission` (`id`),
  CONSTRAINT `User_user_permissions_user_id_2c6da4d4_fk_User_id` FOREIGN KEY (`user_id`) REFERENCES `user` (`id`)
) ENGINE=InnoDB DEFAULT CHARSET=utf8mb4 COLLATE=utf8mb4_0900_ai_ci;
/*!40101 SET character_set_client = @saved_cs_client */;

--
-- Dumping data for table `user_user_permissions`
--

LOCK TABLES `user_user_permissions` WRITE;
/*!40000 ALTER TABLE `user_user_permissions` DISABLE KEYS */;
/*!40000 ALTER TABLE `user_user_permissions` ENABLE KEYS */;
UNLOCK TABLES;
/*!40103 SET TIME_ZONE=@OLD_TIME_ZONE */;

/*!40101 SET SQL_MODE=@OLD_SQL_MODE */;
/*!40014 SET FOREIGN_KEY_CHECKS=@OLD_FOREIGN_KEY_CHECKS */;
/*!40014 SET UNIQUE_CHECKS=@OLD_UNIQUE_CHECKS */;
/*!40101 SET CHARACTER_SET_CLIENT=@OLD_CHARACTER_SET_CLIENT */;
/*!40101 SET CHARACTER_SET_RESULTS=@OLD_CHARACTER_SET_RESULTS */;
/*!40101 SET COLLATION_CONNECTION=@OLD_COLLATION_CONNECTION */;
/*!40111 SET SQL_NOTES=@OLD_SQL_NOTES */;

-- Dump completed on 2023-11-29  7:30:02
